image_path,file_name,class_name,extension,file_size_kb,width,height,mode,format,is_valid,error_message
/content/drive/MyDrive/Calorify/dataset/burger/burger_103.jpg,burger_103.jpg,burger,.jpg,11.86,244.0,207.0,RGB,JPEG,True,
/content/drive/MyDrive/Calorify/dataset/burger/burger_101.jpg,burger_101.jpg,burger,.jpg,7.53,222.0,227.0,RGB,JPEG,True,
/content/drive/MyDrive/Calorify/dataset/burger/burger_104.jpg,burger_104.jpg,burger,.jpg,7.98,225.0,225.0,RGB,JPEG,True,
/content/drive/MyDrive/Calorify/dataset/burger/burger_10.jpg,burger_10.jpg,burger,.jpg,8.54,352.0,143.0,RGB,JPEG,True,
/content/drive/MyDrive/Calorify/dataset/burger/burger_105.jpg,burger_105.jpg,burger,.jpg,6.68,236.0,214.0,RGB,JPEG,True,
/content/drive/MyDrive/Calorify/dataset/burger/burger_102.jpg,burger_102.jpg,burger,.jpg,9.2,225.0,225.0,RGB,JPEG,True,
/content/drive/MyDrive/Calorify/dataset/burger/burger_0.jpg,burger_0.jpg,burger,.jpg,7.92,276.0,183.0,RGB,JPEG,True,
/content/drive/MyDrive/Calorify/dataset/burger/burger_100.jpg,burger_100.jpg,burger,.jpg,7.07,225.0,225.0,RGB,JPEG,True,
/content/drive/MyDrive/Calorify/dataset/burger/burger_1.jpg,burger_1.jpg,burger,.jpg,9.34,259.0,194.0,RGB,JPEG,True,
/content/drive/MyDrive/Calorify/dataset/burger/burger_117.jpg,burger_117.jpg,burger,.jpg,7.01,168.0,300.0,RGB,JPEG,True,
/content/drive/MyDrive/Calorify/dataset/burger/burger_136.jpg,burger_136.jpg,burger,.jpg,6.71,275.0,183.0,RGB,JPEG,True,
/content/drive/MyDrive/Calorify/dataset/burger/burger_12.jpg,burger_12.jpg,burger,.jpg,8.63,275.0,183.0,RGB,JPEG,True,
/content/drive/MyDrive/Calorify/dataset/burger/burger_14.jpg,burger_14.jpg,burger,.jpg,7.11,218.0,231.0,RGB,JPEG,True,
/content/drive/MyDrive/Calorify/dataset/burger/burger_127.jpg,burger_127.jpg,burger,.jpg,8.56,225.0,225.0,RGB,JPEG,True,
/content/drive/MyDrive/Calorify/dataset/burger/burger_121.jpg,burger_121.jpg,burger,.jpg,7.2,433.0,116.0,RGB,JPEG,True,
/content/drive/MyDrive/Calorify/dataset/burger/burger_116.jpg,burger_116.jpg,burger,.jpg,16.18,248.0,203.0,RGB,JPEG,True,
/content/drive/MyDrive/Calorify/dataset/burger/burger_134.jpg,burger_134.jpg,burger,.jpg,7.0,275.0,183.0,RGB,JPEG,True,
/content/drive/MyDrive/Calorify/dataset/burger/burger_132.jpg,burger_132.jpg,burger,.jpg,7.48,225.0,225.0,RGB,JPEG,True,
/content/drive/MyDrive/Calorify/dataset/burger/burger_129.jpg,burger_129.jpg,burger,.jpg,9.06,269.0,188.0,RGB,JPEG,True,
/content/drive/MyDrive/Calorify/dataset/burger/burger_141.jpg,burger_141.jpg,burger,.jpg,11.75,275.0,183.0,RGB,JPEG,True,
/content/drive/MyDrive/Calorify/dataset/burger/burger_123.jpg,burger_123.jpg,burger,.jpg,7.18,275.0,183.0,RGB,JPEG,True,
/content/drive/MyDrive/Calorify/dataset/burger/burger_111.jpg,burger_111.jpg,burger,.jpg,6.83,275.0,183.0,RGB,JPEG,True,
/content/drive/MyDrive/Calorify/dataset/burger/burger_138.jpg,burger_138.jpg,burger,.jpg,8.46,225.0,225.0,RGB,JPEG,True,
/content/drive/MyDrive/Calorify/dataset/burger/burger_124.jpg,burger_124.jpg,burger,.jpg,7.43,257.0,196.0,RGB,JPEG,True,
/content/drive/MyDrive/Calorify/dataset/burger/burger_107.jpg,burger_107.jpg,burger,.jpg,9.08,225.0,225.0,RGB,JPEG,True,
/content/drive/MyDrive/Calorify/dataset/burger/burger_112.jpg,burger_112.jpg,burger,.jpg,7.56,225.0,225.0,RGB,JPEG,True,
/content/drive/MyDrive/Calorify/dataset/burger/burger_110.jpg,burger_110.jpg,burger,.jpg,3.56,100.0,100.0,RGB,JPEG,True,
/content/drive/MyDrive/Calorify/dataset/burger/burger_13.jpg,burger_13.jpg,burger,.jpg,8.58,265.0,190.0,RGB,JPEG,True,
/content/drive/MyDrive/Calorify/dataset/burger/burger_114.jpg,burger_114.jpg,burger,.jpg,10.09,300.0,168.0,RGB,JPEG,True,
/content/drive/MyDrive/Calorify/dataset/burger/burger_122.jpg,burger_122.jpg,burger,.jpg,6.23,275.0,183.0,RGB,JPEG,True,
/content/drive/MyDrive/Calorify/dataset/burger/burger_108.jpg,burger_108.jpg,burger,.jpg,8.11,201.0,251.0,RGB,JPEG,True,
/content/drive/MyDrive/Calorify/dataset/burger/burger_130.jpg,burger_130.jpg,burger,.jpg,7.84,235.0,214.0,RGB,JPEG,True,
/content/drive/MyDrive/Calorify/dataset/burger/burger_126.jpg,burger_126.jpg,burger,.jpg,10.84,201.0,251.0,RGB,JPEG,True,
/content/drive/MyDrive/Calorify/dataset/burger/burger_120.jpg,burger_120.jpg,burger,.jpg,6.92,297.0,170.0,RGB,JPEG,True,
/content/drive/MyDrive/Calorify/dataset/burger/burger_119.jpg,burger_119.jpg,burger,.jpg,7.15,219.0,230.0,RGB,JPEG,True,
/content/drive/MyDrive/Calorify/dataset/burger/burger_142.jpg,burger_142.jpg,burger,.jpg,14.02,225.0,225.0,RGB,JPEG,True,
/content/drive/MyDrive/Calorify/dataset/burger/burger_115.jpg,burger_115.jpg,burger,.jpg,9.89,225.0,225.0,RGB,JPEG,True,
/content/drive/MyDrive/Calorify/dataset/burger/burger_139.jpg,burger_139.jpg,burger,.jpg,10.0,225.0,225.0,RGB,JPEG,True,
/content/drive/MyDrive/Calorify/dataset/burger/burger_113.jpg,burger_113.jpg,burger,.jpg,9.27,252.0,200.0,RGB,JPEG,True,
/content/drive/MyDrive/Calorify/dataset/burger/burger_143.jpg,burger_143.jpg,burger,.jpg,10.7,371.0,136.0,RGB,JPEG,True,
/content/drive/MyDrive/Calorify/dataset/burger/burger_118.jpg,burger_118.jpg,burger,.jpg,5.49,225.0,225.0,RGB,JPEG,True,
/content/drive/MyDrive/Calorify/dataset/burger/burger_106.jpg,burger_106.jpg,burger,.jpg,12.24,225.0,225.0,RGB,JPEG,True,
/content/drive/MyDrive/Calorify/dataset/burger/burger_131.jpg,burger_131.jpg,burger,.jpg,8.33,231.0,218.0,RGB,JPEG,True,
/content/drive/MyDrive/Calorify/dataset/burger/burger_140.jpg,burger_140.jpg,burger,.jpg,7.88,225.0,225.0,RGB,JPEG,True,
/content/drive/MyDrive/Calorify/dataset/burger/burger_133.jpg,burger_133.jpg,burger,.jpg,7.61,275.0,183.0,RGB,JPEG,True,
/content/drive/MyDrive/Calorify/dataset/burger/burger_144.jpg,burger_144.jpg,burger,.jpg,8.13,306.0,165.0,RGB,JPEG,True,
/content/drive/MyDrive/Calorify/dataset/burger/burger_128.jpg,burger_128.jpg,burger,.jpg,8.33,266.0,190.0,RGB,JPEG,True,
/content/drive/MyDrive/Calorify/dataset/burger/burger_109.jpg,burger_109.jpg,burger,.jpg,9.71,299.0,169.0,RGB,JPEG,True,
/content/drive/MyDrive/Calorify/dataset/burger/burger_125.jpg,burger_125.jpg,burger,.jpg,5.83,313.0,161.0,RGB,JPEG,True,
/content/drive/MyDrive/Calorify/dataset/burger/burger_135.jpg,burger_135.jpg,burger,.jpg,8.26,273.0,185.0,RGB,JPEG,True,
/content/drive/MyDrive/Calorify/dataset/burger/burger_137.jpg,burger_137.jpg,burger,.jpg,7.31,225.0,225.0,RGB,JPEG,True,
/content/drive/MyDrive/Calorify/dataset/burger/burger_11.jpg,burger_11.jpg,burger,.jpg,3.11,100.0,100.0,RGB,JPEG,True,
/content/drive/MyDrive/Calorify/dataset/burger/burger_150.jpg,burger_150.jpg,burger,.jpg,14.22,183.0,275.0,RGB,JPEG,True,
/content/drive/MyDrive/Calorify/dataset/burger/burger_166.jpg,burger_166.jpg,burger,.jpg,12.12,276.0,183.0,RGB,JPEG,True,
/content/drive/MyDrive/Calorify/dataset/burger/burger_152.jpg,burger_152.jpg,burger,.jpg,6.05,275.0,183.0,RGB,JPEG,True,
/content/drive/MyDrive/Calorify/dataset/burger/burger_149.jpg,burger_149.jpg,burger,.jpg,12.16,299.0,169.0,RGB,JPEG,True,
/content/drive/MyDrive/Calorify/dataset/burger/burger_15.jpg,burger_15.jpg,burger,.jpg,10.27,275.0,183.0,RGB,JPEG,True,
/content/drive/MyDrive/Calorify/dataset/burger/burger_156.jpg,burger_156.jpg,burger,.jpg,9.07,299.0,169.0,RGB,JPEG,True,
/content/drive/MyDrive/Calorify/dataset/burger/burger_184.jpg,burger_184.jpg,burger,.jpg,8.31,225.0,225.0,RGB,JPEG,True,
/content/drive/MyDrive/Calorify/dataset/burger/burger_181.jpg,burger_181.jpg,burger,.jpg,10.04,275.0,183.0,RGB,JPEG,True,
/content/drive/MyDrive/Calorify/dataset/burger/burger_169.jpg,burger_169.jpg,burger,.jpg,12.32,194.0,259.0,RGB,JPEG,True,
/content/drive/MyDrive/Calorify/dataset/burger/burger_148.jpg,burger_148.jpg,burger,.jpg,6.54,322.0,156.0,RGB,JPEG,True,
/content/drive/MyDrive/Calorify/dataset/burger/burger_180.jpg,burger_180.jpg,burger,.jpg,17.21,225.0,225.0,RGB,JPEG,True,
/content/drive/MyDrive/Calorify/dataset/burger/burger_186.jpg,burger_186.jpg,burger,.jpg,8.78,275.0,183.0,RGB,JPEG,True,
/content/drive/MyDrive/Calorify/dataset/burger/burger_146.jpg,burger_146.jpg,burger,.jpg,6.76,225.0,225.0,RGB,JPEG,True,
/content/drive/MyDrive/Calorify/dataset/burger/burger_155.jpg,burger_155.jpg,burger,.jpg,4.74,265.0,190.0,RGB,JPEG,True,
/content/drive/MyDrive/Calorify/dataset/burger/burger_176.jpg,burger_176.jpg,burger,.jpg,8.82,225.0,225.0,RGB,JPEG,True,
/content/drive/MyDrive/Calorify/dataset/burger/burger_185.jpg,burger_185.jpg,burger,.jpg,6.53,313.0,161.0,RGB,JPEG,True,
/content/drive/MyDrive/Calorify/dataset/burger/burger_168.jpg,burger_168.jpg,burger,.jpg,6.35,168.0,300.0,RGB,JPEG,True,
/content/drive/MyDrive/Calorify/dataset/burger/burger_160.jpg,burger_160.jpg,burger,.jpg,7.03,225.0,225.0,RGB,JPEG,True,
/content/drive/MyDrive/Calorify/dataset/burger/burger_18.jpg,burger_18.jpg,burger,.jpg,9.72,276.0,183.0,RGB,JPEG,True,
/content/drive/MyDrive/Calorify/dataset/burger/burger_182.jpg,burger_182.jpg,burger,.jpg,9.57,317.0,159.0,RGB,JPEG,True,
/content/drive/MyDrive/Calorify/dataset/burger/burger_165.jpg,burger_165.jpg,burger,.jpg,7.76,260.0,194.0,RGB,JPEG,True,
/content/drive/MyDrive/Calorify/dataset/burger/burger_158.jpg,burger_158.jpg,burger,.jpg,10.02,321.0,157.0,RGB,JPEG,True,
/content/drive/MyDrive/Calorify/dataset/burger/burger_147.jpg,burger_147.jpg,burger,.jpg,13.46,225.0,225.0,RGB,JPEG,True,
/content/drive/MyDrive/Calorify/dataset/burger/burger_174.jpg,burger_174.jpg,burger,.jpg,7.9,266.0,189.0,RGB,JPEG,True,
/content/drive/MyDrive/Calorify/dataset/burger/burger_177.jpg,burger_177.jpg,burger,.jpg,7.75,260.0,194.0,RGB,JPEG,True,
/content/drive/MyDrive/Calorify/dataset/burger/burger_16.jpg,burger_16.jpg,burger,.jpg,8.86,266.0,190.0,RGB,JPEG,True,
/content/drive/MyDrive/Calorify/dataset/burger/burger_178.jpg,burger_178.jpg,burger,.jpg,5.69,284.0,177.0,RGB,JPEG,True,
/content/drive/MyDrive/Calorify/dataset/burger/burger_172.jpg,burger_172.jpg,burger,.jpg,5.86,299.0,169.0,RGB,JPEG,True,
/content/drive/MyDrive/Calorify/dataset/burger/burger_151.jpg,burger_151.jpg,burger,.jpg,9.92,183.0,275.0,RGB,JPEG,True,
/content/drive/MyDrive/Calorify/dataset/burger/burger_154.jpg,burger_154.jpg,burger,.jpg,7.84,275.0,183.0,RGB,JPEG,True,
/content/drive/MyDrive/Calorify/dataset/burger/burger_153.jpg,burger_153.jpg,burger,.jpg,11.1,313.0,161.0,RGB,JPEG,True,
/content/drive/MyDrive/Calorify/dataset/burger/burger_157.jpg,burger_157.jpg,burger,.jpg,8.37,235.0,214.0,RGB,JPEG,True,
/content/drive/MyDrive/Calorify/dataset/burger/burger_179.jpg,burger_179.jpg,burger,.jpg,6.33,168.0,300.0,RGB,JPEG,True,
/content/drive/MyDrive/Calorify/dataset/burger/burger_145.jpg,burger_145.jpg,burger,.jpg,7.15,351.0,143.0,RGB,JPEG,True,
/content/drive/MyDrive/Calorify/dataset/burger/burger_175.jpg,burger_175.jpg,burger,.jpg,6.81,191.0,263.0,RGB,JPEG,True,
/content/drive/MyDrive/Calorify/dataset/burger/burger_183.jpg,burger_183.jpg,burger,.jpg,13.12,232.0,217.0,RGB,JPEG,True,
/content/drive/MyDrive/Calorify/dataset/burger/burger_171.jpg,burger_171.jpg,burger,.jpg,11.04,224.0,224.0,RGB,JPEG,True,
/content/drive/MyDrive/Calorify/dataset/burger/burger_162.jpg,burger_162.jpg,burger,.jpg,7.78,225.0,225.0,RGB,JPEG,True,
/content/drive/MyDrive/Calorify/dataset/burger/burger_173.jpg,burger_173.jpg,burger,.jpg,8.04,353.0,143.0,RGB,JPEG,True,
/content/drive/MyDrive/Calorify/dataset/burger/burger_170.jpg,burger_170.jpg,burger,.jpg,7.86,190.0,266.0,RGB,JPEG,True,
/content/drive/MyDrive/Calorify/dataset/burger/burger_164.jpg,burger_164.jpg,burger,.jpg,14.54,325.0,155.0,RGB,JPEG,True,
/content/drive/MyDrive/Calorify/dataset/burger/burger_161.jpg,burger_161.jpg,burger,.jpg,8.17,225.0,225.0,RGB,JPEG,True,
/content/drive/MyDrive/Calorify/dataset/burger/burger_17.jpg,burger_17.jpg,burger,.jpg,7.69,275.0,183.0,RGB,JPEG,True,
/content/drive/MyDrive/Calorify/dataset/burger/burger_163.jpg,burger_163.jpg,burger,.jpg,10.46,225.0,225.0,RGB,JPEG,True,
/content/drive/MyDrive/Calorify/dataset/burger/burger_159.jpg,burger_159.jpg,burger,.jpg,9.24,183.0,275.0,RGB,JPEG,True,
/content/drive/MyDrive/Calorify/dataset/burger/burger_167.jpg,burger_167.jpg,burger,.jpg,10.73,300.0,168.0,RGB,JPEG,True,
/content/drive/MyDrive/Calorify/dataset/burger/burger_188.jpg,burger_188.jpg,burger,.jpg,9.29,260.0,194.0,RGB,JPEG,True,
/content/drive/MyDrive/Calorify/dataset/burger/burger_196.jpg,burger_196.jpg,burger,.jpg,3.88,100.0,100.0,RGB,JPEG,True,
/content/drive/MyDrive/Calorify/dataset/burger/burger_201.jpg,burger_201.jpg,burger,.jpg,10.22,300.0,168.0,RGB,JPEG,True,
/content/drive/MyDrive/Calorify/dataset/burger/burger_199.jpg,burger_199.jpg,burger,.jpg,9.66,259.0,194.0,RGB,JPEG,True,
/content/drive/MyDrive/Calorify/dataset/burger/burger_20.jpg,burger_20.jpg,burger,.jpg,12.4,259.0,194.0,RGB,JPEG,True,
/content/drive/MyDrive/Calorify/dataset/burger/burger_221.jpg,burger_221.jpg,burger,.jpg,7.44,275.0,183.0,RGB,JPEG,True,
/content/drive/MyDrive/Calorify/dataset/burger/burger_219.jpg,burger_219.jpg,burger,.jpg,12.38,303.0,166.0,RGB,JPEG,True,
/content/drive/MyDrive/Calorify/dataset/burger/burger_212.jpg,burger_212.jpg,burger,.jpg,2.09,100.0,100.0,RGB,JPEG,True,
/content/drive/MyDrive/Calorify/dataset/burger/burger_189.jpg,burger_189.jpg,burger,.jpg,7.34,225.0,225.0,RGB,JPEG,True,
/content/drive/MyDrive/Calorify/dataset/burger/burger_200.jpg,burger_200.jpg,burger,.jpg,3.39,100.0,100.0,RGB,JPEG,True,
/content/drive/MyDrive/Calorify/dataset/burger/burger_198.jpg,burger_198.jpg,burger,.jpg,10.94,225.0,225.0,RGB,JPEG,True,
/content/drive/MyDrive/Calorify/dataset/burger/burger_194.jpg,burger_194.jpg,burger,.jpg,8.31,265.0,190.0,RGB,JPEG,True,
/content/drive/MyDrive/Calorify/dataset/burger/burger_193.jpg,burger_193.jpg,burger,.jpg,6.01,275.0,183.0,RGB,JPEG,True,
/content/drive/MyDrive/Calorify/dataset/burger/burger_204.jpg,burger_204.jpg,burger,.jpg,10.78,183.0,275.0,RGB,JPEG,True,
/content/drive/MyDrive/Calorify/dataset/burger/burger_207.jpg,burger_207.jpg,burger,.jpg,15.64,159.0,318.0,RGB,JPEG,True,
/content/drive/MyDrive/Calorify/dataset/burger/burger_218.jpg,burger_218.jpg,burger,.jpg,7.33,275.0,183.0,RGB,JPEG,True,
/content/drive/MyDrive/Calorify/dataset/burger/burger_216.jpg,burger_216.jpg,burger,.jpg,10.64,247.0,204.0,RGB,JPEG,True,
/content/drive/MyDrive/Calorify/dataset/burger/burger_195.jpg,burger_195.jpg,burger,.jpg,11.76,259.0,194.0,RGB,JPEG,True,
/content/drive/MyDrive/Calorify/dataset/burger/burger_206.jpg,burger_206.jpg,burger,.jpg,7.31,352.0,143.0,RGB,JPEG,True,
/content/drive/MyDrive/Calorify/dataset/burger/burger_187.jpg,burger_187.jpg,burger,.jpg,7.58,263.0,192.0,RGB,JPEG,True,
/content/drive/MyDrive/Calorify/dataset/burger/burger_223.jpg,burger_223.jpg,burger,.jpg,5.03,278.0,182.0,RGB,JPEG,True,
/content/drive/MyDrive/Calorify/dataset/burger/burger_224.jpg,burger_224.jpg,burger,.jpg,10.44,225.0,225.0,RGB,JPEG,True,
/content/drive/MyDrive/Calorify/dataset/burger/burger_222.jpg,burger_222.jpg,burger,.jpg,8.21,276.0,183.0,RGB,JPEG,True,
/content/drive/MyDrive/Calorify/dataset/burger/burger_210.jpg,burger_210.jpg,burger,.jpg,6.64,275.0,183.0,RGB,JPEG,True,
/content/drive/MyDrive/Calorify/dataset/burger/burger_191.jpg,burger_191.jpg,burger,.jpg,8.26,243.0,208.0,RGB,JPEG,True,
/content/drive/MyDrive/Calorify/dataset/burger/burger_209.jpg,burger_209.jpg,burger,.jpg,9.04,225.0,225.0,RGB,JPEG,True,
/content/drive/MyDrive/Calorify/dataset/burger/burger_22.jpg,burger_22.jpg,burger,.jpg,6.27,275.0,183.0,RGB,JPEG,True,
/content/drive/MyDrive/Calorify/dataset/burger/burger_192.jpg,burger_192.jpg,burger,.jpg,4.28,299.0,169.0,RGB,JPEG,True,
/content/drive/MyDrive/Calorify/dataset/burger/burger_211.jpg,burger_211.jpg,burger,.jpg,2.91,100.0,100.0,RGB,JPEG,True,
/content/drive/MyDrive/Calorify/dataset/burger/burger_208.jpg,burger_208.jpg,burger,.jpg,7.57,259.0,195.0,RGB,JPEG,True,
/content/drive/MyDrive/Calorify/dataset/burger/burger_214.jpg,burger_214.jpg,burger,.jpg,7.19,275.0,183.0,RGB,JPEG,True,
/content/drive/MyDrive/Calorify/dataset/burger/burger_2.jpg,burger_2.jpg,burger,.jpg,8.65,224.0,225.0,RGB,JPEG,True,
/content/drive/MyDrive/Calorify/dataset/burger/burger_226.jpg,burger_226.jpg,burger,.jpg,11.44,225.0,225.0,RGB,JPEG,True,
/content/drive/MyDrive/Calorify/dataset/burger/burger_225.jpg,burger_225.jpg,burger,.jpg,11.85,253.0,199.0,RGB,JPEG,True,
/content/drive/MyDrive/Calorify/dataset/burger/burger_217.jpg,burger_217.jpg,burger,.jpg,9.78,225.0,225.0,RGB,JPEG,True,
/content/drive/MyDrive/Calorify/dataset/burger/burger_19.jpg,burger_19.jpg,burger,.jpg,2.99,100.0,100.0,RGB,JPEG,True,
/content/drive/MyDrive/Calorify/dataset/burger/burger_215.jpg,burger_215.jpg,burger,.jpg,9.96,225.0,225.0,RGB,JPEG,True,
/content/drive/MyDrive/Calorify/dataset/burger/burger_203.jpg,burger_203.jpg,burger,.jpg,7.62,225.0,225.0,RGB,JPEG,True,
/content/drive/MyDrive/Calorify/dataset/burger/burger_197.jpg,burger_197.jpg,burger,.jpg,2.89,100.0,100.0,RGB,JPEG,True,
/content/drive/MyDrive/Calorify/dataset/burger/burger_220.jpg,burger_220.jpg,burger,.jpg,9.67,224.0,224.0,RGB,JPEG,True,
/content/drive/MyDrive/Calorify/dataset/burger/burger_202.jpg,burger_202.jpg,burger,.jpg,9.01,225.0,225.0,RGB,JPEG,True,
/content/drive/MyDrive/Calorify/dataset/burger/burger_205.jpg,burger_205.jpg,burger,.jpg,14.68,259.0,194.0,RGB,JPEG,True,
/content/drive/MyDrive/Calorify/dataset/burger/burger_190.jpg,burger_190.jpg,burger,.jpg,9.05,291.0,173.0,RGB,JPEG,True,
/content/drive/MyDrive/Calorify/dataset/burger/burger_21.jpg,burger_21.jpg,burger,.jpg,9.23,300.0,168.0,RGB,JPEG,True,
/content/drive/MyDrive/Calorify/dataset/burger/burger_213.jpg,burger_213.jpg,burger,.jpg,3.22,100.0,100.0,RGB,JPEG,True,
/content/drive/MyDrive/Calorify/dataset/burger/burger_253.jpg,burger_253.jpg,burger,.jpg,7.34,275.0,183.0,RGB,JPEG,True,
/content/drive/MyDrive/Calorify/dataset/burger/burger_248.jpg,burger_248.jpg,burger,.jpg,8.93,225.0,225.0,RGB,JPEG,True,
/content/drive/MyDrive/Calorify/dataset/burger/burger_264.jpg,burger_264.jpg,burger,.jpg,7.87,259.0,194.0,RGB,JPEG,True,
/content/drive/MyDrive/Calorify/dataset/burger/burger_249.jpg,burger_249.jpg,burger,.jpg,8.04,183.0,275.0,RGB,JPEG,True,
/content/drive/MyDrive/Calorify/dataset/burger/burger_244.jpg,burger_244.jpg,burger,.jpg,12.45,183.0,275.0,RGB,JPEG,True,
/content/drive/MyDrive/Calorify/dataset/burger/burger_231.jpg,burger_231.jpg,burger,.jpg,2.66,100.0,100.0,RGB,JPEG,True,
/content/drive/MyDrive/Calorify/dataset/burger/burger_254.jpg,burger_254.jpg,burger,.jpg,8.99,300.0,168.0,RGB,JPEG,True,
/content/drive/MyDrive/Calorify/dataset/burger/burger_257.jpg,burger_257.jpg,burger,.jpg,8.2,275.0,183.0,RGB,JPEG,True,
/content/drive/MyDrive/Calorify/dataset/burger/burger_230.jpg,burger_230.jpg,burger,.jpg,3.59,100.0,100.0,RGB,JPEG,True,
/content/drive/MyDrive/Calorify/dataset/burger/burger_255.jpg,burger_255.jpg,burger,.jpg,9.26,275.0,183.0,RGB,JPEG,True,
/content/drive/MyDrive/Calorify/dataset/burger/burger_263.jpg,burger_263.jpg,burger,.jpg,10.81,225.0,225.0,RGB,JPEG,True,
/content/drive/MyDrive/Calorify/dataset/burger/burger_246.jpg,burger_246.jpg,burger,.jpg,12.86,225.0,224.0,RGB,JPEG,True,
/content/drive/MyDrive/Calorify/dataset/burger/burger_252.jpg,burger_252.jpg,burger,.jpg,7.24,183.0,275.0,RGB,JPEG,True,
/content/drive/MyDrive/Calorify/dataset/burger/burger_243.jpg,burger_243.jpg,burger,.jpg,5.77,198.0,255.0,RGB,JPEG,True,
/content/drive/MyDrive/Calorify/dataset/burger/burger_235.jpg,burger_235.jpg,burger,.jpg,2.74,100.0,100.0,RGB,JPEG,True,
/content/drive/MyDrive/Calorify/dataset/burger/burger_251.jpg,burger_251.jpg,burger,.jpg,8.21,225.0,225.0,RGB,JPEG,True,
/content/drive/MyDrive/Calorify/dataset/burger/burger_260.jpg,burger_260.jpg,burger,.jpg,7.62,225.0,225.0,RGB,JPEG,True,
/content/drive/MyDrive/Calorify/dataset/burger/burger_236.jpg,burger_236.jpg,burger,.jpg,2.81,100.0,100.0,RGB,JPEG,True,
/content/drive/MyDrive/Calorify/dataset/burger/burger_233.jpg,burger_233.jpg,burger,.jpg,9.04,276.0,183.0,RGB,JPEG,True,
/content/drive/MyDrive/Calorify/dataset/burger/burger_261.jpg,burger_261.jpg,burger,.jpg,11.64,299.0,168.0,RGB,JPEG,True,
/content/drive/MyDrive/Calorify/dataset/burger/burger_25.jpg,burger_25.jpg,burger,.jpg,6.57,277.0,182.0,RGB,JPEG,True,
/content/drive/MyDrive/Calorify/dataset/burger/burger_229.jpg,burger_229.jpg,burger,.jpg,2.55,100.0,100.0,RGB,JPEG,True,
/content/drive/MyDrive/Calorify/dataset/burger/burger_23.jpg,burger_23.jpg,burger,.jpg,7.0,275.0,183.0,RGB,JPEG,True,
/content/drive/MyDrive/Calorify/dataset/burger/burger_240.jpg,burger_240.jpg,burger,.jpg,6.58,275.0,183.0,RGB,JPEG,True,
/content/drive/MyDrive/Calorify/dataset/burger/burger_259.jpg,burger_259.jpg,burger,.jpg,2.98,100.0,100.0,RGB,JPEG,True,
/content/drive/MyDrive/Calorify/dataset/burger/burger_247.jpg,burger_247.jpg,burger,.jpg,12.59,223.0,226.0,RGB,JPEG,True,
/content/drive/MyDrive/Calorify/dataset/burger/burger_245.jpg,burger_245.jpg,burger,.jpg,7.92,277.0,182.0,RGB,JPEG,True,
/content/drive/MyDrive/Calorify/dataset/burger/burger_262.jpg,burger_262.jpg,burger,.jpg,7.25,183.0,275.0,RGB,JPEG,True,
/content/drive/MyDrive/Calorify/dataset/burger/burger_239.jpg,burger_239.jpg,burger,.jpg,8.33,275.0,183.0,RGB,JPEG,True,
/content/drive/MyDrive/Calorify/dataset/burger/burger_256.jpg,burger_256.jpg,burger,.jpg,4.87,214.0,235.0,RGB,JPEG,True,
/content/drive/MyDrive/Calorify/dataset/burger/burger_238.jpg,burger_238.jpg,burger,.jpg,8.15,275.0,183.0,RGB,JPEG,True,
/content/drive/MyDrive/Calorify/dataset/burger/burger_24.jpg,burger_24.jpg,burger,.jpg,11.16,225.0,224.0,RGB,JPEG,True,
/content/drive/MyDrive/Calorify/dataset/burger/burger_232.jpg,burger_232.jpg,burger,.jpg,3.96,100.0,100.0,RGB,JPEG,True,
/content/drive/MyDrive/Calorify/dataset/burger/burger_242.jpg,burger_242.jpg,burger,.jpg,6.7,183.0,275.0,RGB,JPEG,True,
/content/drive/MyDrive/Calorify/dataset/burger/burger_234.jpg,burger_234.jpg,burger,.jpg,3.66,100.0,100.0,RGB,JPEG,True,
/content/drive/MyDrive/Calorify/dataset/burger/burger_26.jpg,burger_26.jpg,burger,.jpg,11.23,246.0,204.0,RGB,JPEG,True,
/content/drive/MyDrive/Calorify/dataset/burger/burger_241.jpg,burger_241.jpg,burger,.jpg,9.14,259.0,194.0,RGB,JPEG,True,
/content/drive/MyDrive/Calorify/dataset/burger/burger_237.jpg,burger_237.jpg,burger,.jpg,6.47,246.0,205.0,RGB,JPEG,True,
/content/drive/MyDrive/Calorify/dataset/burger/burger_228.jpg,burger_228.jpg,burger,.jpg,3.31,100.0,100.0,RGB,JPEG,True,
/content/drive/MyDrive/Calorify/dataset/burger/burger_227.jpg,burger_227.jpg,burger,.jpg,6.65,266.0,190.0,RGB,JPEG,True,
/content/drive/MyDrive/Calorify/dataset/burger/burger_250.jpg,burger_250.jpg,burger,.jpg,7.66,275.0,183.0,RGB,JPEG,True,
/content/drive/MyDrive/Calorify/dataset/burger/burger_258.jpg,burger_258.jpg,burger,.jpg,2.78,100.0,100.0,RGB,JPEG,True,
/content/drive/MyDrive/Calorify/dataset/burger/burger_284.jpg,burger_284.jpg,burger,.jpg,15.19,225.0,225.0,RGB,JPEG,True,
/content/drive/MyDrive/Calorify/dataset/burger/burger_288.jpg,burger_288.jpg,burger,.jpg,7.15,265.0,190.0,RGB,JPEG,True,
/content/drive/MyDrive/Calorify/dataset/burger/burger_275.jpg,burger_275.jpg,burger,.jpg,9.68,183.0,275.0,RGB,JPEG,True,
/content/drive/MyDrive/Calorify/dataset/burger/burger_294.jpg,burger_294.jpg,burger,.jpg,13.14,300.0,168.0,RGB,JPEG,True,
/content/drive/MyDrive/Calorify/dataset/burger/burger_273.jpg,burger_273.jpg,burger,.jpg,12.01,244.0,206.0,RGB,JPEG,True,
/content/drive/MyDrive/Calorify/dataset/burger/burger_266.jpg,burger_266.jpg,burger,.jpg,8.98,265.0,190.0,RGB,JPEG,True,
/content/drive/MyDrive/Calorify/dataset/burger/burger_298.jpg,burger_298.jpg,burger,.jpg,7.95,306.0,164.0,RGB,JPEG,True,
/content/drive/MyDrive/Calorify/dataset/burger/burger_283.jpg,burger_283.jpg,burger,.jpg,8.95,190.0,265.0,RGB,JPEG,True,
/content/drive/MyDrive/Calorify/dataset/burger/burger_271.jpg,burger_271.jpg,burger,.jpg,5.41,303.0,166.0,RGB,JPEG,True,
/content/drive/MyDrive/Calorify/dataset/burger/burger_293.jpg,burger_293.jpg,burger,.jpg,4.03,286.0,176.0,RGB,JPEG,True,
/content/drive/MyDrive/Calorify/dataset/burger/burger_268.jpg,burger_268.jpg,burger,.jpg,8.78,265.0,190.0,RGB,JPEG,True,
/content/drive/MyDrive/Calorify/dataset/burger/burger_280.jpg,burger_280.jpg,burger,.jpg,6.51,278.0,181.0,RGB,JPEG,True,
/content/drive/MyDrive/Calorify/dataset/burger/burger_28.jpg,burger_28.jpg,burger,.jpg,10.47,225.0,225.0,RGB,JPEG,True,
/content/drive/MyDrive/Calorify/dataset/burger/burger_282.jpg,burger_282.jpg,burger,.jpg,5.23,262.0,192.0,RGB,JPEG,True,
/content/drive/MyDrive/Calorify/dataset/burger/burger_278.jpg,burger_278.jpg,burger,.jpg,6.3,183.0,275.0,RGB,JPEG,True,
/content/drive/MyDrive/Calorify/dataset/burger/burger_279.jpg,burger_279.jpg,burger,.jpg,6.68,310.0,163.0,RGB,JPEG,True,
/content/drive/MyDrive/Calorify/dataset/burger/burger_296.jpg,burger_296.jpg,burger,.jpg,7.17,224.0,224.0,RGB,JPEG,True,
/content/drive/MyDrive/Calorify/dataset/burger/burger_299.jpg,burger_299.jpg,burger,.jpg,9.25,185.0,273.0,RGB,JPEG,True,
/content/drive/MyDrive/Calorify/dataset/burger/burger_267.jpg,burger_267.jpg,burger,.jpg,7.63,225.0,225.0,RGB,JPEG,True,
/content/drive/MyDrive/Calorify/dataset/burger/burger_292.jpg,burger_292.jpg,burger,.jpg,13.68,300.0,168.0,RGB,JPEG,True,
/content/drive/MyDrive/Calorify/dataset/burger/burger_285.jpg,burger_285.jpg,burger,.jpg,12.89,318.0,159.0,RGB,JPEG,True,
/content/drive/MyDrive/Calorify/dataset/burger/burger_297.jpg,burger_297.jpg,burger,.jpg,7.88,282.0,179.0,RGB,JPEG,True,
/content/drive/MyDrive/Calorify/dataset/burger/burger_286.jpg,burger_286.jpg,burger,.jpg,10.7,183.0,275.0,RGB,JPEG,True,
/content/drive/MyDrive/Calorify/dataset/burger/burger_289.jpg,burger_289.jpg,burger,.jpg,5.53,198.0,255.0,RGB,JPEG,True,
/content/drive/MyDrive/Calorify/dataset/burger/burger_302.jpg,burger_302.jpg,burger,.jpg,13.39,300.0,168.0,RGB,JPEG,True,
/content/drive/MyDrive/Calorify/dataset/burger/burger_287.jpg,burger_287.jpg,burger,.jpg,9.71,300.0,168.0,RGB,JPEG,True,
/content/drive/MyDrive/Calorify/dataset/burger/burger_274.jpg,burger_274.jpg,burger,.jpg,9.21,225.0,225.0,RGB,JPEG,True,
/content/drive/MyDrive/Calorify/dataset/burger/burger_276.jpg,burger_276.jpg,burger,.jpg,10.09,275.0,183.0,RGB,JPEG,True,
/content/drive/MyDrive/Calorify/dataset/burger/burger_295.jpg,burger_295.jpg,burger,.jpg,8.87,263.0,192.0,RGB,JPEG,True,
/content/drive/MyDrive/Calorify/dataset/burger/burger_301.jpg,burger_301.jpg,burger,.jpg,7.04,225.0,225.0,RGB,JPEG,True,
/content/drive/MyDrive/Calorify/dataset/burger/burger_270.jpg,burger_270.jpg,burger,.jpg,11.8,299.0,168.0,RGB,JPEG,True,
/content/drive/MyDrive/Calorify/dataset/burger/burger_277.jpg,burger_277.jpg,burger,.jpg,8.52,259.0,194.0,RGB,JPEG,True,
/content/drive/MyDrive/Calorify/dataset/burger/burger_291.jpg,burger_291.jpg,burger,.jpg,8.6,284.0,177.0,RGB,JPEG,True,
/content/drive/MyDrive/Calorify/dataset/burger/burger_272.jpg,burger_272.jpg,burger,.jpg,7.29,257.0,196.0,RGB,JPEG,True,
/content/drive/MyDrive/Calorify/dataset/burger/burger_27.jpg,burger_27.jpg,burger,.jpg,8.86,225.0,225.0,RGB,JPEG,True,
/content/drive/MyDrive/Calorify/dataset/burger/burger_30.jpg,burger_30.jpg,burger,.jpg,6.45,275.0,183.0,RGB,JPEG,True,
/content/drive/MyDrive/Calorify/dataset/burger/burger_281.jpg,burger_281.jpg,burger,.jpg,10.02,300.0,168.0,RGB,JPEG,True,
/content/drive/MyDrive/Calorify/dataset/burger/burger_3.jpg,burger_3.jpg,burger,.jpg,10.2,259.0,194.0,RGB,JPEG,True,
/content/drive/MyDrive/Calorify/dataset/burger/burger_269.jpg,burger_269.jpg,burger,.jpg,3.19,100.0,100.0,RGB,JPEG,True,
/content/drive/MyDrive/Calorify/dataset/burger/burger_300.jpg,burger_300.jpg,burger,.jpg,7.12,275.0,183.0,RGB,JPEG,True,
/content/drive/MyDrive/Calorify/dataset/burger/burger_290.jpg,burger_290.jpg,burger,.jpg,4.38,275.0,183.0,RGB,JPEG,True,
/content/drive/MyDrive/Calorify/dataset/burger/burger_29.jpg,burger_29.jpg,burger,.jpg,7.14,275.0,183.0,RGB,JPEG,True,
/content/drive/MyDrive/Calorify/dataset/burger/burger_265.jpg,burger_265.jpg,burger,.jpg,8.15,235.0,214.0,RGB,JPEG,True,
/content/drive/MyDrive/Calorify/dataset/burger/burger_335.jpg,burger_335.jpg,burger,.jpg,10.5,259.0,194.0,RGB,JPEG,True,
/content/drive/MyDrive/Calorify/dataset/burger/burger_328.jpg,burger_328.jpg,burger,.jpg,8.54,228.0,221.0,RGB,JPEG,True,
/content/drive/MyDrive/Calorify/dataset/burger/burger_323.jpg,burger_323.jpg,burger,.jpg,11.7,291.0,173.0,RGB,JPEG,True,
/content/drive/MyDrive/Calorify/dataset/burger/burger_334.jpg,burger_334.jpg,burger,.jpg,9.87,225.0,225.0,RGB,JPEG,True,
/content/drive/MyDrive/Calorify/dataset/burger/burger_325.jpg,burger_325.jpg,burger,.jpg,6.2,300.0,168.0,RGB,JPEG,True,
/content/drive/MyDrive/Calorify/dataset/burger/burger_318.jpg,burger_318.jpg,burger,.jpg,7.28,225.0,225.0,RGB,JPEG,True,
/content/drive/MyDrive/Calorify/dataset/burger/burger_338.jpg,burger_338.jpg,burger,.jpg,6.52,183.0,275.0,RGB,JPEG,True,
/content/drive/MyDrive/Calorify/dataset/burger/burger_337.jpg,burger_337.jpg,burger,.jpg,7.57,190.0,266.0,RGB,JPEG,True,
/content/drive/MyDrive/Calorify/dataset/burger/burger_313.jpg,burger_313.jpg,burger,.jpg,10.77,259.0,194.0,RGB,JPEG,True,
/content/drive/MyDrive/Calorify/dataset/burger/burger_333.jpg,burger_333.jpg,burger,.jpg,8.0,225.0,225.0,RGB,JPEG,True,
/content/drive/MyDrive/Calorify/dataset/burger/burger_319.jpg,burger_319.jpg,burger,.jpg,13.18,275.0,183.0,RGB,JPEG,True,
/content/drive/MyDrive/Calorify/dataset/burger/burger_322.jpg,burger_322.jpg,burger,.jpg,19.17,183.0,275.0,RGB,JPEG,True,
/content/drive/MyDrive/Calorify/dataset/burger/burger_324.jpg,burger_324.jpg,burger,.jpg,8.36,183.0,275.0,RGB,JPEG,True,
/content/drive/MyDrive/Calorify/dataset/burger/burger_307.jpg,burger_307.jpg,burger,.jpg,5.47,259.0,194.0,RGB,JPEG,True,
/content/drive/MyDrive/Calorify/dataset/burger/burger_331.jpg,burger_331.jpg,burger,.jpg,9.35,272.0,185.0,RGB,JPEG,True,
/content/drive/MyDrive/Calorify/dataset/burger/burger_312.jpg,burger_312.jpg,burger,.jpg,13.82,244.0,206.0,RGB,JPEG,True,
/content/drive/MyDrive/Calorify/dataset/burger/burger_327.jpg,burger_327.jpg,burger,.jpg,8.51,224.0,224.0,RGB,JPEG,True,
/content/drive/MyDrive/Calorify/dataset/burger/burger_340.jpg,burger_340.jpg,burger,.jpg,6.23,275.0,183.0,RGB,JPEG,True,
/content/drive/MyDrive/Calorify/dataset/burger/burger_326.jpg,burger_326.jpg,burger,.jpg,7.33,262.0,193.0,RGB,JPEG,True,
/content/drive/MyDrive/Calorify/dataset/burger/burger_306.jpg,burger_306.jpg,burger,.jpg,8.89,264.0,191.0,RGB,JPEG,True,
/content/drive/MyDrive/Calorify/dataset/burger/burger_33.jpg,burger_33.jpg,burger,.jpg,6.84,265.0,190.0,RGB,JPEG,True,
/content/drive/MyDrive/Calorify/dataset/burger/burger_314.jpg,burger_314.jpg,burger,.jpg,9.8,225.0,225.0,RGB,JPEG,True,
/content/drive/MyDrive/Calorify/dataset/burger/burger_315.jpg,burger_315.jpg,burger,.jpg,7.93,190.0,266.0,RGB,JPEG,True,
/content/drive/MyDrive/Calorify/dataset/burger/burger_320.jpg,burger_320.jpg,burger,.jpg,8.35,275.0,183.0,RGB,JPEG,True,
/content/drive/MyDrive/Calorify/dataset/burger/burger_316.jpg,burger_316.jpg,burger,.jpg,9.48,310.0,163.0,RGB,JPEG,True,
/content/drive/MyDrive/Calorify/dataset/burger/burger_309.jpg,burger_309.jpg,burger,.jpg,4.91,275.0,183.0,RGB,JPEG,True,
/content/drive/MyDrive/Calorify/dataset/burger/burger_339.jpg,burger_339.jpg,burger,.jpg,7.97,259.0,194.0,RGB,JPEG,True,
/content/drive/MyDrive/Calorify/dataset/burger/burger_34.jpg,burger_34.jpg,burger,.jpg,10.59,225.0,225.0,RGB,JPEG,True,
/content/drive/MyDrive/Calorify/dataset/burger/burger_342.jpg,burger_342.jpg,burger,.jpg,8.84,225.0,225.0,RGB,JPEG,True,
/content/drive/MyDrive/Calorify/dataset/burger/burger_310.jpg,burger_310.jpg,burger,.jpg,8.56,240.0,210.0,RGB,JPEG,True,
/content/drive/MyDrive/Calorify/dataset/burger/burger_303.jpg,burger_303.jpg,burger,.jpg,13.74,275.0,183.0,RGB,JPEG,True,
/content/drive/MyDrive/Calorify/dataset/burger/burger_32.jpg,burger_32.jpg,burger,.jpg,11.9,300.0,168.0,RGB,JPEG,True,
/content/drive/MyDrive/Calorify/dataset/burger/burger_311.jpg,burger_311.jpg,burger,.jpg,11.22,183.0,275.0,RGB,JPEG,True,
/content/drive/MyDrive/Calorify/dataset/burger/burger_341.jpg,burger_341.jpg,burger,.jpg,7.95,183.0,275.0,RGB,JPEG,True,
/content/drive/MyDrive/Calorify/dataset/burger/burger_317.jpg,burger_317.jpg,burger,.jpg,8.69,243.0,208.0,RGB,JPEG,True,
/content/drive/MyDrive/Calorify/dataset/burger/burger_330.jpg,burger_330.jpg,burger,.jpg,7.56,275.0,183.0,RGB,JPEG,True,
/content/drive/MyDrive/Calorify/dataset/burger/burger_304.jpg,burger_304.jpg,burger,.jpg,8.35,238.0,211.0,RGB,JPEG,True,
/content/drive/MyDrive/Calorify/dataset/burger/burger_308.jpg,burger_308.jpg,burger,.jpg,7.99,259.0,194.0,RGB,JPEG,True,
/content/drive/MyDrive/Calorify/dataset/burger/burger_321.jpg,burger_321.jpg,burger,.jpg,10.45,275.0,183.0,RGB,JPEG,True,
/content/drive/MyDrive/Calorify/dataset/burger/burger_305.jpg,burger_305.jpg,burger,.jpg,6.94,225.0,225.0,RGB,JPEG,True,
/content/drive/MyDrive/Calorify/dataset/burger/burger_329.jpg,burger_329.jpg,burger,.jpg,7.86,225.0,225.0,RGB,JPEG,True,
/content/drive/MyDrive/Calorify/dataset/burger/burger_332.jpg,burger_332.jpg,burger,.jpg,3.85,275.0,183.0,RGB,JPEG,True,
/content/drive/MyDrive/Calorify/dataset/burger/burger_336.jpg,burger_336.jpg,burger,.jpg,9.6,242.0,208.0,RGB,JPEG,True,
/content/drive/MyDrive/Calorify/dataset/burger/burger_31.jpg,burger_31.jpg,burger,.jpg,5.93,284.0,177.0,RGB,JPEG,True,
/content/drive/MyDrive/Calorify/dataset/burger/burger_351.jpg,burger_351.jpg,burger,.jpg,9.38,262.0,193.0,RGB,JPEG,True,
/content/drive/MyDrive/Calorify/dataset/burger/burger_350.jpg,burger_350.jpg,burger,.jpg,8.33,259.0,194.0,RGB,JPEG,True,
/content/drive/MyDrive/Calorify/dataset/burger/burger_362.jpg,burger_362.jpg,burger,.jpg,13.14,259.0,194.0,RGB,JPEG,True,
/content/drive/MyDrive/Calorify/dataset/burger/burger_38.jpg,burger_38.jpg,burger,.jpg,10.3,300.0,168.0,RGB,JPEG,True,
/content/drive/MyDrive/Calorify/dataset/burger/burger_372.jpg,burger_372.jpg,burger,.jpg,6.37,150.0,250.0,RGB,JPEG,True,
/content/drive/MyDrive/Calorify/dataset/burger/burger_373.jpg,burger_373.jpg,burger,.jpg,7.37,275.0,183.0,RGB,JPEG,True,
/content/drive/MyDrive/Calorify/dataset/burger/burger_365.jpg,burger_365.jpg,burger,.jpg,9.43,300.0,168.0,RGB,JPEG,True,
/content/drive/MyDrive/Calorify/dataset/burger/burger_375.jpg,burger_375.jpg,burger,.jpg,8.04,259.0,194.0,RGB,JPEG,True,
/content/drive/MyDrive/Calorify/dataset/burger/burger_378.jpg,burger_378.jpg,burger,.jpg,9.8,275.0,183.0,RGB,JPEG,True,
/content/drive/MyDrive/Calorify/dataset/burger/burger_352.jpg,burger_352.jpg,burger,.jpg,8.83,265.0,190.0,RGB,JPEG,True,
/content/drive/MyDrive/Calorify/dataset/burger/burger_385.jpg,burger_385.jpg,burger,.jpg,11.48,275.0,183.0,RGB,JPEG,True,
/content/drive/MyDrive/Calorify/dataset/burger/burger_356.jpg,burger_356.jpg,burger,.jpg,9.37,247.0,204.0,RGB,JPEG,True,
/content/drive/MyDrive/Calorify/dataset/burger/burger_382.jpg,burger_382.jpg,burger,.jpg,13.9,300.0,168.0,RGB,JPEG,True,
/content/drive/MyDrive/Calorify/dataset/burger/burger_345.jpg,burger_345.jpg,burger,.jpg,9.02,260.0,194.0,RGB,JPEG,True,
/content/drive/MyDrive/Calorify/dataset/burger/burger_346.jpg,burger_346.jpg,burger,.jpg,11.12,209.0,241.0,RGB,JPEG,True,
/content/drive/MyDrive/Calorify/dataset/burger/burger_348.jpg,burger_348.jpg,burger,.jpg,6.69,214.0,235.0,RGB,JPEG,True,
/content/drive/MyDrive/Calorify/dataset/burger/burger_379.jpg,burger_379.jpg,burger,.jpg,8.53,225.0,225.0,RGB,JPEG,True,
/content/drive/MyDrive/Calorify/dataset/burger/burger_377.jpg,burger_377.jpg,burger,.jpg,7.5,275.0,183.0,RGB,JPEG,True,
/content/drive/MyDrive/Calorify/dataset/burger/burger_35.jpg,burger_35.jpg,burger,.jpg,14.48,197.0,256.0,RGB,JPEG,True,
/content/drive/MyDrive/Calorify/dataset/burger/burger_368.jpg,burger_368.jpg,burger,.jpg,17.91,277.0,182.0,RGB,JPEG,True,
/content/drive/MyDrive/Calorify/dataset/burger/burger_353.jpg,burger_353.jpg,burger,.jpg,8.73,191.0,263.0,RGB,JPEG,True,
/content/drive/MyDrive/Calorify/dataset/burger/burger_367.jpg,burger_367.jpg,burger,.jpg,12.6,275.0,183.0,RGB,JPEG,True,
/content/drive/MyDrive/Calorify/dataset/burger/burger_384.jpg,burger_384.jpg,burger,.jpg,6.29,259.0,194.0,RGB,JPEG,True,
/content/drive/MyDrive/Calorify/dataset/burger/burger_343.jpg,burger_343.jpg,burger,.jpg,11.73,276.0,183.0,RGB,JPEG,True,
/content/drive/MyDrive/Calorify/dataset/burger/burger_374.jpg,burger_374.jpg,burger,.jpg,3.72,275.0,183.0,RGB,JPEG,True,
/content/drive/MyDrive/Calorify/dataset/burger/burger_369.jpg,burger_369.jpg,burger,.jpg,8.25,275.0,183.0,RGB,JPEG,True,
/content/drive/MyDrive/Calorify/dataset/burger/burger_361.jpg,burger_361.jpg,burger,.jpg,7.31,275.0,183.0,RGB,JPEG,True,
/content/drive/MyDrive/Calorify/dataset/burger/burger_355.jpg,burger_355.jpg,burger,.jpg,8.68,228.0,221.0,RGB,JPEG,True,
/content/drive/MyDrive/Calorify/dataset/burger/burger_363.jpg,burger_363.jpg,burger,.jpg,7.22,275.0,183.0,RGB,JPEG,True,
/content/drive/MyDrive/Calorify/dataset/burger/burger_344.jpg,burger_344.jpg,burger,.jpg,9.19,244.0,207.0,RGB,JPEG,True,
/content/drive/MyDrive/Calorify/dataset/burger/burger_358.jpg,burger_358.jpg,burger,.jpg,10.44,194.0,259.0,RGB,JPEG,True,
/content/drive/MyDrive/Calorify/dataset/burger/burger_366.jpg,burger_366.jpg,burger,.jpg,8.37,259.0,194.0,RGB,JPEG,True,
/content/drive/MyDrive/Calorify/dataset/burger/burger_354.jpg,burger_354.jpg,burger,.jpg,7.72,225.0,224.0,RGB,JPEG,True,
/content/drive/MyDrive/Calorify/dataset/burger/burger_371.jpg,burger_371.jpg,burger,.jpg,10.16,265.0,190.0,RGB,JPEG,True,
/content/drive/MyDrive/Calorify/dataset/burger/burger_376.jpg,burger_376.jpg,burger,.jpg,8.67,275.0,183.0,RGB,JPEG,True,
/content/drive/MyDrive/Calorify/dataset/burger/burger_381.jpg,burger_381.jpg,burger,.jpg,5.12,180.0,279.0,RGB,JPEG,True,
/content/drive/MyDrive/Calorify/dataset/burger/burger_357.jpg,burger_357.jpg,burger,.jpg,8.2,259.0,194.0,RGB,JPEG,True,
/content/drive/MyDrive/Calorify/dataset/burger/burger_370.jpg,burger_370.jpg,burger,.jpg,8.05,275.0,183.0,RGB,JPEG,True,
/content/drive/MyDrive/Calorify/dataset/burger/burger_364.jpg,burger_364.jpg,burger,.jpg,10.27,275.0,183.0,RGB,JPEG,True,
/content/drive/MyDrive/Calorify/dataset/burger/burger_359.jpg,burger_359.jpg,burger,.jpg,7.27,275.0,183.0,RGB,JPEG,True,
/content/drive/MyDrive/Calorify/dataset/burger/burger_349.jpg,burger_349.jpg,burger,.jpg,7.55,278.0,181.0,RGB,JPEG,True,
/content/drive/MyDrive/Calorify/dataset/burger/burger_383.jpg,burger_383.jpg,burger,.jpg,5.19,216.0,233.0,RGB,JPEG,True,
/content/drive/MyDrive/Calorify/dataset/burger/burger_347.jpg,burger_347.jpg,burger,.jpg,8.73,272.0,185.0,RGB,JPEG,True,
/content/drive/MyDrive/Calorify/dataset/burger/burger_380.jpg,burger_380.jpg,burger,.jpg,9.14,290.0,174.0,RGB,JPEG,True,
/content/drive/MyDrive/Calorify/dataset/burger/burger_36.jpg,burger_36.jpg,burger,.jpg,9.15,286.0,176.0,RGB,JPEG,True,
/content/drive/MyDrive/Calorify/dataset/burger/burger_37.jpg,burger_37.jpg,burger,.jpg,7.55,235.0,214.0,RGB,JPEG,True,
/content/drive/MyDrive/Calorify/dataset/burger/burger_360.jpg,burger_360.jpg,burger,.jpg,10.93,259.0,194.0,RGB,JPEG,True,
/content/drive/MyDrive/Calorify/dataset/burger/burger_416.jpg,burger_416.jpg,burger,.jpg,9.6,278.0,182.0,RGB,JPEG,True,
/content/drive/MyDrive/Calorify/dataset/burger/burger_400 (1).jpg,burger_400 (1).jpg,burger,.jpg,6.51,275.0,183.0,RGB,JPEG,True,
/content/drive/MyDrive/Calorify/dataset/burger/burger_407 (1).jpg,burger_407 (1).jpg,burger,.jpg,7.79,265.0,190.0,RGB,JPEG,True,
/content/drive/MyDrive/Calorify/dataset/burger/burger_403 (1).jpg,burger_403 (1).jpg,burger,.jpg,7.37,275.0,183.0,RGB,JPEG,True,
/content/drive/MyDrive/Calorify/dataset/burger/burger_395.jpg,burger_395.jpg,burger,.jpg,7.58,275.0,183.0,RGB,JPEG,True,
/content/drive/MyDrive/Calorify/dataset/burger/burger_402 (1).jpg,burger_402 (1).jpg,burger,.jpg,9.23,251.0,201.0,RGB,JPEG,True,
/content/drive/MyDrive/Calorify/dataset/burger/burger_40 (1).jpg,burger_40 (1).jpg,burger,.jpg,9.37,225.0,225.0,RGB,JPEG,True,
/content/drive/MyDrive/Calorify/dataset/burger/burger_415.jpg,burger_415.jpg,burger,.jpg,9.28,265.0,190.0,RGB,JPEG,True,
/content/drive/MyDrive/Calorify/dataset/burger/burger_401 (1).jpg,burger_401 (1).jpg,burger,.jpg,10.25,275.0,183.0,RGB,JPEG,True,
/content/drive/MyDrive/Calorify/dataset/burger/burger_411 (1).jpg,burger_411 (1).jpg,burger,.jpg,5.5,242.0,208.0,RGB,JPEG,True,
/content/drive/MyDrive/Calorify/dataset/burger/burger_39.jpg,burger_39.jpg,burger,.jpg,7.73,225.0,225.0,RGB,JPEG,True,
/content/drive/MyDrive/Calorify/dataset/burger/burger_421.jpg,burger_421.jpg,burger,.jpg,6.02,264.0,191.0,RGB,JPEG,True,
/content/drive/MyDrive/Calorify/dataset/burger/burger_403.jpg,burger_403.jpg,burger,.jpg,7.37,275.0,183.0,RGB,JPEG,True,
/content/drive/MyDrive/Calorify/dataset/burger/burger_397.jpg,burger_397.jpg,burger,.jpg,9.87,265.0,190.0,RGB,JPEG,True,
/content/drive/MyDrive/Calorify/dataset/burger/burger_404 (1).jpg,burger_404 (1).jpg,burger,.jpg,7.82,262.0,193.0,RGB,JPEG,True,
/content/drive/MyDrive/Calorify/dataset/burger/burger_399 (1).jpg,burger_399 (1).jpg,burger,.jpg,7.51,310.0,163.0,RGB,JPEG,True,
/content/drive/MyDrive/Calorify/dataset/burger/burger_4 (1).jpg,burger_4 (1).jpg,burger,.jpg,10.11,246.0,205.0,RGB,JPEG,True,
/content/drive/MyDrive/Calorify/dataset/burger/burger_401.jpg,burger_401.jpg,burger,.jpg,10.25,275.0,183.0,RGB,JPEG,True,
/content/drive/MyDrive/Calorify/dataset/burger/burger_42.jpg,burger_42.jpg,burger,.jpg,9.57,225.0,225.0,RGB,JPEG,True,
/content/drive/MyDrive/Calorify/dataset/burger/burger_423.jpg,burger_423.jpg,burger,.jpg,8.88,275.0,183.0,RGB,JPEG,True,
/content/drive/MyDrive/Calorify/dataset/burger/burger_398.jpg,burger_398.jpg,burger,.jpg,6.09,275.0,183.0,RGB,JPEG,True,
/content/drive/MyDrive/Calorify/dataset/burger/burger_413.jpg,burger_413.jpg,burger,.jpg,8.43,289.0,174.0,RGB,JPEG,True,
/content/drive/MyDrive/Calorify/dataset/burger/burger_394.jpg,burger_394.jpg,burger,.jpg,9.09,275.0,183.0,RGB,JPEG,True,
/content/drive/MyDrive/Calorify/dataset/burger/burger_411.jpg,burger_411.jpg,burger,.jpg,5.5,242.0,208.0,RGB,JPEG,True,
/content/drive/MyDrive/Calorify/dataset/burger/burger_404.jpg,burger_404.jpg,burger,.jpg,7.82,262.0,193.0,RGB,JPEG,True,
/content/drive/MyDrive/Calorify/dataset/burger/burger_405 (1).jpg,burger_405 (1).jpg,burger,.jpg,10.0,275.0,183.0,RGB,JPEG,True,
/content/drive/MyDrive/Calorify/dataset/burger/burger_406 (1).jpg,burger_406 (1).jpg,burger,.jpg,12.28,275.0,183.0,RGB,JPEG,True,
/content/drive/MyDrive/Calorify/dataset/burger/burger_386.jpg,burger_386.jpg,burger,.jpg,7.93,259.0,194.0,RGB,JPEG,True,
/content/drive/MyDrive/Calorify/dataset/burger/burger_400.jpg,burger_400.jpg,burger,.jpg,6.51,275.0,183.0,RGB,JPEG,True,
/content/drive/MyDrive/Calorify/dataset/burger/burger_407.jpg,burger_407.jpg,burger,.jpg,7.79,265.0,190.0,RGB,JPEG,True,
/content/drive/MyDrive/Calorify/dataset/burger/burger_419.jpg,burger_419.jpg,burger,.jpg,5.21,275.0,183.0,RGB,JPEG,True,
/content/drive/MyDrive/Calorify/dataset/burger/burger_422.jpg,burger_422.jpg,burger,.jpg,11.45,275.0,183.0,RGB,JPEG,True,
/content/drive/MyDrive/Calorify/dataset/burger/burger_405.jpg,burger_405.jpg,burger,.jpg,10.0,275.0,183.0,RGB,JPEG,True,
/content/drive/MyDrive/Calorify/dataset/burger/burger_41 (1).jpg,burger_41 (1).jpg,burger,.jpg,5.56,209.0,241.0,RGB,JPEG,True,
/content/drive/MyDrive/Calorify/dataset/burger/burger_410 (1).jpg,burger_410 (1).jpg,burger,.jpg,6.62,266.0,189.0,RGB,JPEG,True,
/content/drive/MyDrive/Calorify/dataset/burger/burger_412.jpg,burger_412.jpg,burger,.jpg,8.48,279.0,180.0,RGB,JPEG,True,
/content/drive/MyDrive/Calorify/dataset/burger/burger_417.jpg,burger_417.jpg,burger,.jpg,8.45,275.0,183.0,RGB,JPEG,True,
/content/drive/MyDrive/Calorify/dataset/burger/burger_393.jpg,burger_393.jpg,burger,.jpg,8.35,276.0,183.0,RGB,JPEG,True,
/content/drive/MyDrive/Calorify/dataset/burger/burger_387.jpg,burger_387.jpg,burger,.jpg,7.49,133.0,200.0,RGB,JPEG,True,
/content/drive/MyDrive/Calorify/dataset/burger/burger_396.jpg,burger_396.jpg,burger,.jpg,10.71,275.0,183.0,RGB,JPEG,True,
/content/drive/MyDrive/Calorify/dataset/burger/burger_418.jpg,burger_418.jpg,burger,.jpg,4.92,265.0,190.0,RGB,JPEG,True,
/content/drive/MyDrive/Calorify/dataset/burger/burger_41.jpg,burger_41.jpg,burger,.jpg,5.56,209.0,241.0,RGB,JPEG,True,
/content/drive/MyDrive/Calorify/dataset/burger/burger_40.jpg,burger_40.jpg,burger,.jpg,9.37,225.0,225.0,RGB,JPEG,True,
/content/drive/MyDrive/Calorify/dataset/burger/burger_391.jpg,burger_391.jpg,burger,.jpg,5.09,298.0,169.0,RGB,JPEG,True,
/content/drive/MyDrive/Calorify/dataset/burger/burger_399.jpg,burger_399.jpg,burger,.jpg,7.51,310.0,163.0,RGB,JPEG,True,
/content/drive/MyDrive/Calorify/dataset/burger/burger_406.jpg,burger_406.jpg,burger,.jpg,12.28,275.0,183.0,RGB,JPEG,True,
/content/drive/MyDrive/Calorify/dataset/burger/burger_389.jpg,burger_389.jpg,burger,.jpg,5.14,298.0,169.0,RGB,JPEG,True,
/content/drive/MyDrive/Calorify/dataset/burger/burger_408 (1).jpg,burger_408 (1).jpg,burger,.jpg,10.35,275.0,183.0,RGB,JPEG,True,
/content/drive/MyDrive/Calorify/dataset/burger/burger_408.jpg,burger_408.jpg,burger,.jpg,10.35,275.0,183.0,RGB,JPEG,True,
/content/drive/MyDrive/Calorify/dataset/burger/burger_410.jpg,burger_410.jpg,burger,.jpg,6.62,266.0,189.0,RGB,JPEG,True,
/content/drive/MyDrive/Calorify/dataset/burger/burger_402.jpg,burger_402.jpg,burger,.jpg,9.23,251.0,201.0,RGB,JPEG,True,
/content/drive/MyDrive/Calorify/dataset/burger/burger_390.jpg,burger_390.jpg,burger,.jpg,7.27,275.0,183.0,RGB,JPEG,True,
/content/drive/MyDrive/Calorify/dataset/burger/burger_4.jpg,burger_4.jpg,burger,.jpg,10.11,246.0,205.0,RGB,JPEG,True,
/content/drive/MyDrive/Calorify/dataset/burger/burger_392.jpg,burger_392.jpg,burger,.jpg,6.16,275.0,183.0,RGB,JPEG,True,
/content/drive/MyDrive/Calorify/dataset/burger/burger_420.jpg,burger_420.jpg,burger,.jpg,8.01,300.0,168.0,RGB,JPEG,True,
/content/drive/MyDrive/Calorify/dataset/burger/burger_409 (1).jpg,burger_409 (1).jpg,burger,.jpg,9.16,275.0,183.0,RGB,JPEG,True,
/content/drive/MyDrive/Calorify/dataset/burger/burger_414.jpg,burger_414.jpg,burger,.jpg,7.46,275.0,183.0,RGB,JPEG,True,
/content/drive/MyDrive/Calorify/dataset/burger/burger_388.jpg,burger_388.jpg,burger,.jpg,7.29,275.0,183.0,RGB,JPEG,True,
/content/drive/MyDrive/Calorify/dataset/burger/burger_409.jpg,burger_409.jpg,burger,.jpg,9.16,275.0,183.0,RGB,JPEG,True,
/content/drive/MyDrive/Calorify/dataset/burger/burger_449 (1).jpg,burger_449 (1).jpg,burger,.jpg,10.16,265.0,190.0,RGB,JPEG,True,
/content/drive/MyDrive/Calorify/dataset/burger/burger_456.jpg,burger_456.jpg,burger,.jpg,8.59,265.0,190.0,RGB,JPEG,True,
/content/drive/MyDrive/Calorify/dataset/burger/burger_443 (1).jpg,burger_443 (1).jpg,burger,.jpg,3.6,100.0,100.0,RGB,JPEG,True,
/content/drive/MyDrive/Calorify/dataset/burger/burger_439.jpg,burger_439.jpg,burger,.jpg,6.99,183.0,275.0,RGB,JPEG,True,
/content/drive/MyDrive/Calorify/dataset/burger/burger_430.jpg,burger_430.jpg,burger,.jpg,6.43,262.0,192.0,RGB,JPEG,True,
/content/drive/MyDrive/Calorify/dataset/burger/burger_448 (1).jpg,burger_448 (1).jpg,burger,.jpg,9.64,255.0,198.0,RGB,JPEG,True,
/content/drive/MyDrive/Calorify/dataset/burger/burger_452 (1).jpg,burger_452 (1).jpg,burger,.jpg,9.13,265.0,190.0,RGB,JPEG,True,
/content/drive/MyDrive/Calorify/dataset/burger/burger_458.jpg,burger_458.jpg,burger,.jpg,11.27,275.0,183.0,RGB,JPEG,True,
/content/drive/MyDrive/Calorify/dataset/burger/burger_442 (1).jpg,burger_442 (1).jpg,burger,.jpg,8.23,265.0,190.0,RGB,JPEG,True,
/content/drive/MyDrive/Calorify/dataset/burger/burger_445 (1).jpg,burger_445 (1).jpg,burger,.jpg,7.25,193.0,261.0,RGB,JPEG,True,
/content/drive/MyDrive/Calorify/dataset/burger/burger_446 (1).jpg,burger_446 (1).jpg,burger,.jpg,12.32,183.0,275.0,RGB,JPEG,True,
/content/drive/MyDrive/Calorify/dataset/burger/burger_45 (1).jpg,burger_45 (1).jpg,burger,.jpg,7.25,275.0,183.0,RGB,JPEG,True,
/content/drive/MyDrive/Calorify/dataset/burger/burger_427.jpg,burger_427.jpg,burger,.jpg,7.92,275.0,183.0,RGB,JPEG,True,
/content/drive/MyDrive/Calorify/dataset/burger/burger_43.jpg,burger_43.jpg,burger,.jpg,10.31,300.0,168.0,RGB,JPEG,True,
/content/drive/MyDrive/Calorify/dataset/burger/burger_441 (1).jpg,burger_441 (1).jpg,burger,.jpg,8.18,275.0,183.0,RGB,JPEG,True,
/content/drive/MyDrive/Calorify/dataset/burger/burger_436.jpg,burger_436.jpg,burger,.jpg,7.37,265.0,190.0,RGB,JPEG,True,
/content/drive/MyDrive/Calorify/dataset/burger/burger_452.jpg,burger_452.jpg,burger,.jpg,9.13,265.0,190.0,RGB,JPEG,True,
/content/drive/MyDrive/Calorify/dataset/burger/burger_435.jpg,burger_435.jpg,burger,.jpg,7.18,265.0,190.0,RGB,JPEG,True,
/content/drive/MyDrive/Calorify/dataset/burger/burger_438.jpg,burger_438.jpg,burger,.jpg,8.77,265.0,190.0,RGB,JPEG,True,
/content/drive/MyDrive/Calorify/dataset/burger/burger_442.jpg,burger_442.jpg,burger,.jpg,8.23,265.0,190.0,RGB,JPEG,True,
/content/drive/MyDrive/Calorify/dataset/burger/burger_457.jpg,burger_457.jpg,burger,.jpg,6.97,275.0,183.0,RGB,JPEG,True,
/content/drive/MyDrive/Calorify/dataset/burger/burger_441.jpg,burger_441.jpg,burger,.jpg,8.18,275.0,183.0,RGB,JPEG,True,
/content/drive/MyDrive/Calorify/dataset/burger/burger_453 (1).jpg,burger_453 (1).jpg,burger,.jpg,11.59,183.0,275.0,RGB,JPEG,True,
/content/drive/MyDrive/Calorify/dataset/burger/burger_45.jpg,burger_45.jpg,burger,.jpg,7.25,275.0,183.0,RGB,JPEG,True,
/content/drive/MyDrive/Calorify/dataset/burger/burger_459.jpg,burger_459.jpg,burger,.jpg,8.93,269.0,187.0,RGB,JPEG,True,
/content/drive/MyDrive/Calorify/dataset/burger/burger_455 (1).jpg,burger_455 (1).jpg,burger,.jpg,9.26,276.0,183.0,RGB,JPEG,True,
/content/drive/MyDrive/Calorify/dataset/burger/burger_451 (1).jpg,burger_451 (1).jpg,burger,.jpg,11.29,255.0,198.0,RGB,JPEG,True,
/content/drive/MyDrive/Calorify/dataset/burger/burger_440.jpg,burger_440.jpg,burger,.jpg,6.64,221.0,228.0,RGB,JPEG,True,
/content/drive/MyDrive/Calorify/dataset/burger/burger_453.jpg,burger_453.jpg,burger,.jpg,11.59,183.0,275.0,RGB,JPEG,True,
/content/drive/MyDrive/Calorify/dataset/burger/burger_444.jpg,burger_444.jpg,burger,.jpg,4.79,275.0,183.0,RGB,JPEG,True,
/content/drive/MyDrive/Calorify/dataset/burger/burger_434.jpg,burger_434.jpg,burger,.jpg,7.57,264.0,191.0,RGB,JPEG,True,
/content/drive/MyDrive/Calorify/dataset/burger/burger_432.jpg,burger_432.jpg,burger,.jpg,5.37,183.0,275.0,RGB,JPEG,True,
/content/drive/MyDrive/Calorify/dataset/burger/burger_455.jpg,burger_455.jpg,burger,.jpg,9.26,276.0,183.0,RGB,JPEG,True,
/content/drive/MyDrive/Calorify/dataset/burger/burger_454 (1).jpg,burger_454 (1).jpg,burger,.jpg,13.49,259.0,194.0,RGB,JPEG,True,
/content/drive/MyDrive/Calorify/dataset/burger/burger_426.jpg,burger_426.jpg,burger,.jpg,9.71,259.0,195.0,RGB,JPEG,True,
/content/drive/MyDrive/Calorify/dataset/burger/burger_450 (1).jpg,burger_450 (1).jpg,burger,.jpg,7.58,276.0,183.0,RGB,JPEG,True,
/content/drive/MyDrive/Calorify/dataset/burger/burger_449.jpg,burger_449.jpg,burger,.jpg,10.16,265.0,190.0,RGB,JPEG,True,
/content/drive/MyDrive/Calorify/dataset/burger/burger_443.jpg,burger_443.jpg,burger,.jpg,3.6,100.0,100.0,RGB,JPEG,True,
/content/drive/MyDrive/Calorify/dataset/burger/burger_424.jpg,burger_424.jpg,burger,.jpg,6.57,246.0,205.0,RGB,JPEG,True,
/content/drive/MyDrive/Calorify/dataset/burger/burger_433.jpg,burger_433.jpg,burger,.jpg,6.59,270.0,187.0,RGB,JPEG,True,
/content/drive/MyDrive/Calorify/dataset/burger/burger_44.jpg,burger_44.jpg,burger,.jpg,10.76,183.0,275.0,RGB,JPEG,True,
/content/drive/MyDrive/Calorify/dataset/burger/burger_454.jpg,burger_454.jpg,burger,.jpg,13.49,259.0,194.0,RGB,JPEG,True,
/content/drive/MyDrive/Calorify/dataset/burger/burger_450.jpg,burger_450.jpg,burger,.jpg,7.58,276.0,183.0,RGB,JPEG,True,
/content/drive/MyDrive/Calorify/dataset/burger/burger_437.jpg,burger_437.jpg,burger,.jpg,12.6,275.0,183.0,RGB,JPEG,True,
/content/drive/MyDrive/Calorify/dataset/burger/burger_448.jpg,burger_448.jpg,burger,.jpg,9.64,255.0,198.0,RGB,JPEG,True,
/content/drive/MyDrive/Calorify/dataset/burger/burger_446.jpg,burger_446.jpg,burger,.jpg,12.32,183.0,275.0,RGB,JPEG,True,
/content/drive/MyDrive/Calorify/dataset/burger/burger_429.jpg,burger_429.jpg,burger,.jpg,9.63,281.0,179.0,RGB,JPEG,True,
/content/drive/MyDrive/Calorify/dataset/burger/burger_428.jpg,burger_428.jpg,burger,.jpg,7.69,275.0,183.0,RGB,JPEG,True,
/content/drive/MyDrive/Calorify/dataset/burger/burger_447.jpg,burger_447.jpg,burger,.jpg,9.64,265.0,190.0,RGB,JPEG,True,
/content/drive/MyDrive/Calorify/dataset/burger/burger_425.jpg,burger_425.jpg,burger,.jpg,10.08,265.0,190.0,RGB,JPEG,True,
/content/drive/MyDrive/Calorify/dataset/burger/burger_445.jpg,burger_445.jpg,burger,.jpg,7.25,193.0,261.0,RGB,JPEG,True,
/content/drive/MyDrive/Calorify/dataset/burger/burger_431.jpg,burger_431.jpg,burger,.jpg,1.84,100.0,100.0,RGB,JPEG,True,
/content/drive/MyDrive/Calorify/dataset/burger/burger_451.jpg,burger_451.jpg,burger,.jpg,11.29,255.0,198.0,RGB,JPEG,True,
/content/drive/MyDrive/Calorify/dataset/burger/burger_469.jpg,burger_469.jpg,burger,.jpg,7.58,275.0,183.0,RGB,JPEG,True,
/content/drive/MyDrive/Calorify/dataset/burger/burger_495.jpg,burger_495.jpg,burger,.jpg,3.02,100.0,100.0,RGB,JPEG,True,
/content/drive/MyDrive/Calorify/dataset/burger/burger_494.jpg,burger_494.jpg,burger,.jpg,8.2,275.0,183.0,RGB,JPEG,True,
/content/drive/MyDrive/Calorify/dataset/burger/burger_480.jpg,burger_480.jpg,burger,.jpg,9.2,275.0,183.0,RGB,JPEG,True,
/content/drive/MyDrive/Calorify/dataset/burger/burger_49.jpg,burger_49.jpg,burger,.jpg,7.35,275.0,183.0,RGB,JPEG,True,
/content/drive/MyDrive/Calorify/dataset/burger/burger_479.jpg,burger_479.jpg,burger,.jpg,9.79,198.0,255.0,RGB,JPEG,True,
/content/drive/MyDrive/Calorify/dataset/burger/burger_473.jpg,burger_473.jpg,burger,.jpg,6.83,183.0,275.0,RGB,JPEG,True,
/content/drive/MyDrive/Calorify/dataset/burger/burger_477.jpg,burger_477.jpg,burger,.jpg,8.62,263.0,192.0,RGB,JPEG,True,
/content/drive/MyDrive/Calorify/dataset/burger/burger_464.jpg,burger_464.jpg,burger,.jpg,8.54,275.0,183.0,RGB,JPEG,True,
/content/drive/MyDrive/Calorify/dataset/burger/burger_461.jpg,burger_461.jpg,burger,.jpg,16.06,183.0,276.0,RGB,JPEG,True,
/content/drive/MyDrive/Calorify/dataset/burger/burger_471.jpg,burger_471.jpg,burger,.jpg,19.46,184.0,275.0,RGB,JPEG,True,
/content/drive/MyDrive/Calorify/dataset/burger/burger_462.jpg,burger_462.jpg,burger,.jpg,9.54,262.0,192.0,RGB,JPEG,True,
/content/drive/MyDrive/Calorify/dataset/burger/burger_488.jpg,burger_488.jpg,burger,.jpg,3.0,100.0,100.0,RGB,JPEG,True,
/content/drive/MyDrive/Calorify/dataset/burger/burger_485.jpg,burger_485.jpg,burger,.jpg,3.94,100.0,100.0,RGB,JPEG,True,
/content/drive/MyDrive/Calorify/dataset/burger/burger_483.jpg,burger_483.jpg,burger,.jpg,6.86,275.0,183.0,RGB,JPEG,True,
/content/drive/MyDrive/Calorify/dataset/burger/burger_467.jpg,burger_467.jpg,burger,.jpg,6.74,183.0,275.0,RGB,JPEG,True,
/content/drive/MyDrive/Calorify/dataset/burger/burger_491.jpg,burger_491.jpg,burger,.jpg,10.33,282.0,178.0,RGB,JPEG,True,
/content/drive/MyDrive/Calorify/dataset/burger/burger_499.jpg,burger_499.jpg,burger,.jpg,8.91,253.0,199.0,RGB,JPEG,True,
/content/drive/MyDrive/Calorify/dataset/burger/burger_465.jpg,burger_465.jpg,burger,.jpg,6.12,265.0,190.0,RGB,JPEG,True,
/content/drive/MyDrive/Calorify/dataset/burger/burger_470.jpg,burger_470.jpg,burger,.jpg,9.47,275.0,183.0,RGB,JPEG,True,
/content/drive/MyDrive/Calorify/dataset/burger/burger_496.jpg,burger_496.jpg,burger,.jpg,7.92,259.0,194.0,RGB,JPEG,True,
/content/drive/MyDrive/Calorify/dataset/burger/burger_489.jpg,burger_489.jpg,burger,.jpg,4.1,100.0,100.0,RGB,JPEG,True,
/content/drive/MyDrive/Calorify/dataset/burger/burger_463.jpg,burger_463.jpg,burger,.jpg,10.0,276.0,183.0,RGB,JPEG,True,
/content/drive/MyDrive/Calorify/dataset/burger/burger_466.jpg,burger_466.jpg,burger,.jpg,8.92,275.0,183.0,RGB,JPEG,True,
/content/drive/MyDrive/Calorify/dataset/burger/burger_497.jpg,burger_497.jpg,burger,.jpg,9.27,275.0,183.0,RGB,JPEG,True,
/content/drive/MyDrive/Calorify/dataset/burger/burger_481.jpg,burger_481.jpg,burger,.jpg,10.21,275.0,183.0,RGB,JPEG,True,
/content/drive/MyDrive/Calorify/dataset/burger/burger_498.jpg,burger_498.jpg,burger,.jpg,7.82,262.0,192.0,RGB,JPEG,True,
/content/drive/MyDrive/Calorify/dataset/burger/burger_472.jpg,burger_472.jpg,burger,.jpg,7.77,203.0,248.0,RGB,JPEG,True,
/content/drive/MyDrive/Calorify/dataset/burger/burger_493.jpg,burger_493.jpg,burger,.jpg,10.48,275.0,183.0,RGB,JPEG,True,
/content/drive/MyDrive/Calorify/dataset/burger/burger_487.jpg,burger_487.jpg,burger,.jpg,4.95,100.0,100.0,RGB,JPEG,True,
/content/drive/MyDrive/Calorify/dataset/burger/burger_46.jpg,burger_46.jpg,burger,.jpg,7.99,275.0,183.0,RGB,JPEG,True,
/content/drive/MyDrive/Calorify/dataset/burger/burger_48.jpg,burger_48.jpg,burger,.jpg,6.7,275.0,183.0,RGB,JPEG,True,
/content/drive/MyDrive/Calorify/dataset/burger/burger_486.jpg,burger_486.jpg,burger,.jpg,3.95,100.0,100.0,RGB,JPEG,True,
/content/drive/MyDrive/Calorify/dataset/burger/burger_47.jpg,burger_47.jpg,burger,.jpg,4.97,156.0,324.0,RGB,JPEG,True,
/content/drive/MyDrive/Calorify/dataset/burger/burger_490.jpg,burger_490.jpg,burger,.jpg,9.03,275.0,183.0,RGB,JPEG,True,
/content/drive/MyDrive/Calorify/dataset/burger/burger_492.jpg,burger_492.jpg,burger,.jpg,10.99,275.0,183.0,RGB,JPEG,True,
/content/drive/MyDrive/Calorify/dataset/burger/burger_460.jpg,burger_460.jpg,burger,.jpg,8.06,276.0,183.0,RGB,JPEG,True,
/content/drive/MyDrive/Calorify/dataset/burger/burger_484.jpg,burger_484.jpg,burger,.jpg,12.09,275.0,183.0,RGB,JPEG,True,
/content/drive/MyDrive/Calorify/dataset/burger/burger_482.jpg,burger_482.jpg,burger,.jpg,9.92,275.0,183.0,RGB,JPEG,True,
/content/drive/MyDrive/Calorify/dataset/burger/burger_468.jpg,burger_468.jpg,burger,.jpg,8.36,275.0,183.0,RGB,JPEG,True,
/content/drive/MyDrive/Calorify/dataset/burger/burger_475.jpg,burger_475.jpg,burger,.jpg,14.41,262.0,192.0,RGB,JPEG,True,
/content/drive/MyDrive/Calorify/dataset/burger/burger_476.jpg,burger_476.jpg,burger,.jpg,10.93,275.0,183.0,RGB,JPEG,True,
/content/drive/MyDrive/Calorify/dataset/burger/burger_474.jpg,burger_474.jpg,burger,.jpg,17.0,184.0,275.0,RGB,JPEG,True,
/content/drive/MyDrive/Calorify/dataset/burger/burger_478.jpg,burger_478.jpg,burger,.jpg,13.33,194.0,259.0,RGB,JPEG,True,
/content/drive/MyDrive/Calorify/dataset/burger/burger_536.jpg,burger_536.jpg,burger,.jpg,8.86,275.0,183.0,RGB,JPEG,True,
/content/drive/MyDrive/Calorify/dataset/burger/burger_52.jpg,burger_52.jpg,burger,.jpg,9.62,275.0,183.0,RGB,JPEG,True,
/content/drive/MyDrive/Calorify/dataset/burger/burger_526.jpg,burger_526.jpg,burger,.jpg,7.67,275.0,183.0,RGB,JPEG,True,
/content/drive/MyDrive/Calorify/dataset/burger/burger_529.jpg,burger_529.jpg,burger,.jpg,12.08,275.0,183.0,RGB,JPEG,True,
/content/drive/MyDrive/Calorify/dataset/burger/burger_521.jpg,burger_521.jpg,burger,.jpg,10.72,275.0,183.0,RGB,JPEG,True,
/content/drive/MyDrive/Calorify/dataset/burger/burger_505.jpg,burger_505.jpg,burger,.jpg,10.49,300.0,168.0,RGB,JPEG,True,
/content/drive/MyDrive/Calorify/dataset/burger/burger_515.jpg,burger_515.jpg,burger,.jpg,10.18,259.0,194.0,RGB,JPEG,True,
/content/drive/MyDrive/Calorify/dataset/burger/burger_523.jpg,burger_523.jpg,burger,.jpg,11.42,263.0,192.0,RGB,JPEG,True,
/content/drive/MyDrive/Calorify/dataset/burger/burger_513.jpg,burger_513.jpg,burger,.jpg,14.0,259.0,194.0,RGB,JPEG,True,
/content/drive/MyDrive/Calorify/dataset/burger/burger_53.jpg,burger_53.jpg,burger,.jpg,7.95,275.0,183.0,RGB,JPEG,True,
/content/drive/MyDrive/Calorify/dataset/burger/burger_501.jpg,burger_501.jpg,burger,.jpg,8.73,275.0,183.0,RGB,JPEG,True,
/content/drive/MyDrive/Calorify/dataset/burger/burger_531.jpg,burger_531.jpg,burger,.jpg,7.55,275.0,183.0,RGB,JPEG,True,
/content/drive/MyDrive/Calorify/dataset/burger/burger_510.jpg,burger_510.jpg,burger,.jpg,8.63,300.0,168.0,RGB,JPEG,True,
/content/drive/MyDrive/Calorify/dataset/burger/burger_507.jpg,burger_507.jpg,burger,.jpg,6.48,275.0,183.0,RGB,JPEG,True,
/content/drive/MyDrive/Calorify/dataset/burger/burger_524.jpg,burger_524.jpg,burger,.jpg,11.51,275.0,183.0,RGB,JPEG,True,
/content/drive/MyDrive/Calorify/dataset/burger/burger_51.jpg,burger_51.jpg,burger,.jpg,6.76,186.0,270.0,RGB,JPEG,True,
/content/drive/MyDrive/Calorify/dataset/burger/burger_535.jpg,burger_535.jpg,burger,.jpg,4.9,275.0,183.0,RGB,JPEG,True,
/content/drive/MyDrive/Calorify/dataset/burger/burger_509.jpg,burger_509.jpg,burger,.jpg,11.91,275.0,183.0,RGB,JPEG,True,
/content/drive/MyDrive/Calorify/dataset/burger/burger_503.jpg,burger_503.jpg,burger,.jpg,12.07,300.0,168.0,RGB,JPEG,True,
/content/drive/MyDrive/Calorify/dataset/burger/burger_504.jpg,burger_504.jpg,burger,.jpg,13.48,183.0,275.0,RGB,JPEG,True,
/content/drive/MyDrive/Calorify/dataset/burger/burger_533.jpg,burger_533.jpg,burger,.jpg,9.48,300.0,168.0,RGB,JPEG,True,
/content/drive/MyDrive/Calorify/dataset/burger/burger_5.jpg,burger_5.jpg,burger,.jpg,9.43,259.0,194.0,RGB,JPEG,True,
/content/drive/MyDrive/Calorify/dataset/burger/burger_534.jpg,burger_534.jpg,burger,.jpg,10.53,311.0,162.0,RGB,JPEG,True,
/content/drive/MyDrive/Calorify/dataset/burger/burger_508.jpg,burger_508.jpg,burger,.jpg,11.73,259.0,194.0,RGB,JPEG,True,
/content/drive/MyDrive/Calorify/dataset/burger/burger_525.jpg,burger_525.jpg,burger,.jpg,9.58,275.0,183.0,RGB,JPEG,True,
/content/drive/MyDrive/Calorify/dataset/burger/burger_512.jpg,burger_512.jpg,burger,.jpg,7.89,278.0,182.0,RGB,JPEG,True,
/content/drive/MyDrive/Calorify/dataset/burger/burger_519.jpg,burger_519.jpg,burger,.jpg,6.92,275.0,183.0,RGB,JPEG,True,
/content/drive/MyDrive/Calorify/dataset/burger/burger_518.jpg,burger_518.jpg,burger,.jpg,11.06,259.0,194.0,RGB,JPEG,True,
/content/drive/MyDrive/Calorify/dataset/burger/burger_522.jpg,burger_522.jpg,burger,.jpg,6.5,275.0,183.0,RGB,JPEG,True,
/content/drive/MyDrive/Calorify/dataset/burger/burger_500.jpg,burger_500.jpg,burger,.jpg,9.47,270.0,186.0,RGB,JPEG,True,
/content/drive/MyDrive/Calorify/dataset/burger/burger_528.jpg,burger_528.jpg,burger,.jpg,9.11,283.0,178.0,RGB,JPEG,True,
/content/drive/MyDrive/Calorify/dataset/burger/burger_517.jpg,burger_517.jpg,burger,.jpg,8.5,294.0,171.0,RGB,JPEG,True,
/content/drive/MyDrive/Calorify/dataset/burger/burger_527.jpg,burger_527.jpg,burger,.jpg,8.92,262.0,192.0,RGB,JPEG,True,
/content/drive/MyDrive/Calorify/dataset/burger/burger_502.jpg,burger_502.jpg,burger,.jpg,9.22,220.0,165.0,RGB,JPEG,True,
/content/drive/MyDrive/Calorify/dataset/burger/burger_514.jpg,burger_514.jpg,burger,.jpg,2.62,100.0,100.0,RGB,JPEG,True,
/content/drive/MyDrive/Calorify/dataset/burger/burger_516.jpg,burger_516.jpg,burger,.jpg,9.24,272.0,185.0,RGB,JPEG,True,
/content/drive/MyDrive/Calorify/dataset/burger/burger_532.jpg,burger_532.jpg,burger,.jpg,9.13,275.0,183.0,RGB,JPEG,True,
/content/drive/MyDrive/Calorify/dataset/burger/burger_520.jpg,burger_520.jpg,burger,.jpg,7.7,198.0,254.0,RGB,JPEG,True,
/content/drive/MyDrive/Calorify/dataset/burger/burger_506.jpg,burger_506.jpg,burger,.jpg,6.41,225.0,224.0,RGB,JPEG,True,
/content/drive/MyDrive/Calorify/dataset/burger/burger_530.jpg,burger_530.jpg,burger,.jpg,11.45,259.0,194.0,RGB,JPEG,True,
/content/drive/MyDrive/Calorify/dataset/burger/burger_50.jpg,burger_50.jpg,burger,.jpg,13.76,266.0,190.0,RGB,JPEG,True,
/content/drive/MyDrive/Calorify/dataset/burger/burger_69.jpg,burger_69.jpg,burger,.jpg,10.12,291.0,173.0,RGB,JPEG,True,
/content/drive/MyDrive/Calorify/dataset/burger/burger_73.jpg,burger_73.jpg,burger,.jpg,5.0,299.0,169.0,RGB,JPEG,True,
/content/drive/MyDrive/Calorify/dataset/burger/burger_67.jpg,burger_67.jpg,burger,.jpg,9.89,225.0,225.0,RGB,JPEG,True,
/content/drive/MyDrive/Calorify/dataset/burger/burger_543.jpg,burger_543.jpg,burger,.jpg,12.96,201.0,251.0,RGB,JPEG,True,
/content/drive/MyDrive/Calorify/dataset/burger/burger_546.jpg,burger_546.jpg,burger,.jpg,18.07,316.0,159.0,RGB,JPEG,True,
/content/drive/MyDrive/Calorify/dataset/burger/burger_54.jpg,burger_54.jpg,burger,.jpg,8.17,254.0,198.0,RGB,JPEG,True,
/content/drive/MyDrive/Calorify/dataset/burger/burger_8.jpg,burger_8.jpg,burger,.jpg,10.17,265.0,190.0,RGB,JPEG,True,
/content/drive/MyDrive/Calorify/dataset/burger/burger_81.jpg,burger_81.jpg,burger,.jpg,8.99,225.0,225.0,RGB,JPEG,True,
/content/drive/MyDrive/Calorify/dataset/burger/burger_72.jpg,burger_72.jpg,burger,.jpg,9.53,259.0,194.0,RGB,JPEG,True,
/content/drive/MyDrive/Calorify/dataset/burger/burger_82.jpg,burger_82.jpg,burger,.jpg,8.02,193.0,262.0,RGB,JPEG,True,
/content/drive/MyDrive/Calorify/dataset/burger/burger_548.jpg,burger_548.jpg,burger,.jpg,9.63,275.0,183.0,RGB,JPEG,True,
/content/drive/MyDrive/Calorify/dataset/burger/burger_58.jpg,burger_58.jpg,burger,.jpg,8.85,225.0,225.0,RGB,JPEG,True,
/content/drive/MyDrive/Calorify/dataset/burger/burger_537.jpg,burger_537.jpg,burger,.jpg,13.33,259.0,194.0,RGB,JPEG,True,
/content/drive/MyDrive/Calorify/dataset/burger/burger_61.jpg,burger_61.jpg,burger,.jpg,18.85,342.0,147.0,RGB,JPEG,True,
/content/drive/MyDrive/Calorify/dataset/burger/burger_70.jpg,burger_70.jpg,burger,.jpg,8.87,201.0,251.0,RGB,JPEG,True,
/content/drive/MyDrive/Calorify/dataset/burger/burger_55.jpg,burger_55.jpg,burger,.jpg,12.56,225.0,225.0,RGB,JPEG,True,
/content/drive/MyDrive/Calorify/dataset/burger/burger_83.jpg,burger_83.jpg,burger,.jpg,12.36,225.0,225.0,RGB,JPEG,True,
/content/drive/MyDrive/Calorify/dataset/burger/burger_540.jpg,burger_540.jpg,burger,.jpg,10.26,256.0,197.0,RGB,JPEG,True,
/content/drive/MyDrive/Calorify/dataset/burger/burger_75.jpg,burger_75.jpg,burger,.jpg,13.36,300.0,168.0,RGB,JPEG,True,
/content/drive/MyDrive/Calorify/dataset/burger/burger_6.jpg,burger_6.jpg,burger,.jpg,7.85,259.0,194.0,RGB,JPEG,True,
/content/drive/MyDrive/Calorify/dataset/burger/burger_63.jpg,burger_63.jpg,burger,.jpg,14.75,307.0,164.0,RGB,JPEG,True,
/content/drive/MyDrive/Calorify/dataset/burger/burger_549.jpg,burger_549.jpg,burger,.jpg,6.47,275.0,183.0,RGB,JPEG,True,
/content/drive/MyDrive/Calorify/dataset/burger/burger_62.jpg,burger_62.jpg,burger,.jpg,8.0,275.0,183.0,RGB,JPEG,True,
/content/drive/MyDrive/Calorify/dataset/burger/burger_77.jpg,burger_77.jpg,burger,.jpg,8.73,259.0,194.0,RGB,JPEG,True,
/content/drive/MyDrive/Calorify/dataset/burger/burger_541.jpg,burger_541.jpg,burger,.jpg,9.52,225.0,224.0,RGB,JPEG,True,
/content/drive/MyDrive/Calorify/dataset/burger/burger_59.jpg,burger_59.jpg,burger,.jpg,10.92,225.0,225.0,RGB,JPEG,True,
/content/drive/MyDrive/Calorify/dataset/burger/burger_544.jpg,burger_544.jpg,burger,.jpg,8.61,275.0,183.0,RGB,JPEG,True,
/content/drive/MyDrive/Calorify/dataset/burger/burger_78.jpg,burger_78.jpg,burger,.jpg,9.81,190.0,266.0,RGB,JPEG,True,
/content/drive/MyDrive/Calorify/dataset/burger/burger_545.jpg,burger_545.jpg,burger,.jpg,10.9,275.0,183.0,RGB,JPEG,True,
/content/drive/MyDrive/Calorify/dataset/burger/burger_71.jpg,burger_71.jpg,burger,.jpg,6.64,275.0,183.0,RGB,JPEG,True,
/content/drive/MyDrive/Calorify/dataset/burger/burger_66.jpg,burger_66.jpg,burger,.jpg,8.83,262.0,193.0,RGB,JPEG,True,
/content/drive/MyDrive/Calorify/dataset/burger/burger_60.jpg,burger_60.jpg,burger,.jpg,6.33,225.0,225.0,RGB,JPEG,True,
/content/drive/MyDrive/Calorify/dataset/burger/burger_79.jpg,burger_79.jpg,burger,.jpg,8.22,225.0,225.0,RGB,JPEG,True,
/content/drive/MyDrive/Calorify/dataset/burger/burger_80.jpg,burger_80.jpg,burger,.jpg,9.44,225.0,225.0,RGB,JPEG,True,
/content/drive/MyDrive/Calorify/dataset/burger/burger_539.jpg,burger_539.jpg,burger,.jpg,4.2,275.0,183.0,RGB,JPEG,True,
/content/drive/MyDrive/Calorify/dataset/burger/burger_542.jpg,burger_542.jpg,burger,.jpg,8.58,299.0,168.0,RGB,JPEG,True,
/content/drive/MyDrive/Calorify/dataset/burger/burger_74.jpg,burger_74.jpg,burger,.jpg,5.82,351.0,143.0,RGB,JPEG,True,
/content/drive/MyDrive/Calorify/dataset/burger/burger_57.jpg,burger_57.jpg,burger,.jpg,9.53,294.0,171.0,RGB,JPEG,True,
/content/drive/MyDrive/Calorify/dataset/burger/burger_64.jpg,burger_64.jpg,burger,.jpg,13.33,275.0,183.0,RGB,JPEG,True,
/content/drive/MyDrive/Calorify/dataset/burger/burger_547.jpg,burger_547.jpg,burger,.jpg,13.88,210.0,240.0,RGB,JPEG,True,
/content/drive/MyDrive/Calorify/dataset/burger/burger_65.jpg,burger_65.jpg,burger,.jpg,11.46,225.0,225.0,RGB,JPEG,True,
/content/drive/MyDrive/Calorify/dataset/burger/burger_538.jpg,burger_538.jpg,burger,.jpg,10.51,275.0,183.0,RGB,JPEG,True,
/content/drive/MyDrive/Calorify/dataset/burger/burger_68.jpg,burger_68.jpg,burger,.jpg,4.7,100.0,100.0,RGB,JPEG,True,
/content/drive/MyDrive/Calorify/dataset/burger/burger_93.jpg,burger_93.jpg,burger,.jpg,10.23,260.0,194.0,RGB,JPEG,True,
/content/drive/MyDrive/Calorify/dataset/burger/burger_96.jpg,burger_96.jpg,burger,.jpg,7.45,194.0,259.0,RGB,JPEG,True,
/content/drive/MyDrive/Calorify/dataset/burger/burger_9.jpg,burger_9.jpg,burger,.jpg,6.28,183.0,275.0,RGB,JPEG,True,
/content/drive/MyDrive/Calorify/dataset/burger/burger_90.jpg,burger_90.jpg,burger,.jpg,14.89,367.0,137.0,RGB,JPEG,True,
/content/drive/MyDrive/Calorify/dataset/burger/burger_89.jpg,burger_89.jpg,burger,.jpg,9.11,263.0,192.0,RGB,JPEG,True,
/content/drive/MyDrive/Calorify/dataset/burger/burger_94.jpg,burger_94.jpg,burger,.jpg,11.3,322.0,156.0,RGB,JPEG,True,
/content/drive/MyDrive/Calorify/dataset/burger/burger_85.jpg,burger_85.jpg,burger,.jpg,10.41,275.0,183.0,RGB,JPEG,True,
/content/drive/MyDrive/Calorify/dataset/burger/burger_84.jpg,burger_84.jpg,burger,.jpg,6.34,300.0,168.0,RGB,JPEG,True,
/content/drive/MyDrive/Calorify/dataset/burger/burger_91.jpg,burger_91.jpg,burger,.jpg,4.46,192.0,262.0,RGB,JPEG,True,
/content/drive/MyDrive/Calorify/dataset/burger/burger_98.jpg,burger_98.jpg,burger,.jpg,6.62,308.0,163.0,RGB,JPEG,True,
/content/drive/MyDrive/Calorify/dataset/burger/burger_87.jpg,burger_87.jpg,burger,.jpg,7.41,224.0,224.0,RGB,JPEG,True,
/content/drive/MyDrive/Calorify/dataset/burger/burger_86.jpg,burger_86.jpg,burger,.jpg,5.36,267.0,189.0,RGB,JPEG,True,
/content/drive/MyDrive/Calorify/dataset/burger/burger_99.jpg,burger_99.jpg,burger,.jpg,7.86,299.0,168.0,RGB,JPEG,True,
/content/drive/MyDrive/Calorify/dataset/burger/burger_95.jpg,burger_95.jpg,burger,.jpg,8.64,216.0,233.0,RGB,JPEG,True,
/content/drive/MyDrive/Calorify/dataset/burger/burger_92.jpg,burger_92.jpg,burger,.jpg,13.65,225.0,225.0,RGB,JPEG,True,
/content/drive/MyDrive/Calorify/dataset/burger/burger_97.jpg,burger_97.jpg,burger,.jpg,9.54,194.0,259.0,RGB,JPEG,True,
/content/drive/MyDrive/Calorify/dataset/burger/burger_88.jpg,burger_88.jpg,burger,.jpg,6.54,267.0,189.0,RGB,JPEG,True,
/content/drive/MyDrive/Calorify/dataset/pizza/pizza_164.jpg,pizza_164.jpg,pizza,.jpg,41.85,512.0,512.0,RGB,JPEG,True,
/content/drive/MyDrive/Calorify/dataset/pizza/pizza_165.jpg,pizza_165.jpg,pizza,.jpg,62.62,512.0,512.0,RGB,JPEG,True,
/content/drive/MyDrive/Calorify/dataset/pizza/pizza_235.jpg,pizza_235.jpg,pizza,.jpg,54.17,512.0,512.0,RGB,JPEG,True,
/content/drive/MyDrive/Calorify/dataset/pizza/pizza_216.jpg,pizza_216.jpg,pizza,.jpg,44.74,512.0,306.0,RGB,JPEG,True,
/content/drive/MyDrive/Calorify/dataset/pizza/pizza_231.jpg,pizza_231.jpg,pizza,.jpg,57.03,512.0,512.0,RGB,JPEG,True,
/content/drive/MyDrive/Calorify/dataset/pizza/pizza_219.jpg,pizza_219.jpg,pizza,.jpg,39.96,384.0,512.0,RGB,JPEG,True,
/content/drive/MyDrive/Calorify/dataset/pizza/pizza_237.jpg,pizza_237.jpg,pizza,.jpg,48.26,382.0,512.0,RGB,JPEG,True,
/content/drive/MyDrive/Calorify/dataset/pizza/pizza_211.jpg,pizza_211.jpg,pizza,.jpg,54.95,512.0,512.0,RGB,JPEG,True,
/content/drive/MyDrive/Calorify/dataset/pizza/pizza_223.jpg,pizza_223.jpg,pizza,.jpg,44.79,512.0,384.0,RGB,JPEG,True,
/content/drive/MyDrive/Calorify/dataset/pizza/pizza_207.jpg,pizza_207.jpg,pizza,.jpg,12.14,276.0,184.0,RGB,JPEG,True,
/content/drive/MyDrive/Calorify/dataset/pizza/pizza_226.jpg,pizza_226.jpg,pizza,.jpg,43.68,384.0,512.0,RGB,JPEG,True,
/content/drive/MyDrive/Calorify/dataset/pizza/pizza_213.jpg,pizza_213.jpg,pizza,.jpg,87.59,512.0,512.0,RGB,JPEG,True,
/content/drive/MyDrive/Calorify/dataset/pizza/pizza_229.jpg,pizza_229.jpg,pizza,.jpg,10.14,184.0,184.0,RGB,JPEG,True,
/content/drive/MyDrive/Calorify/dataset/pizza/pizza_209.jpg,pizza_209.jpg,pizza,.jpg,42.48,512.0,382.0,RGB,JPEG,True,
/content/drive/MyDrive/Calorify/dataset/pizza/pizza_232.jpg,pizza_232.jpg,pizza,.jpg,56.87,512.0,382.0,RGB,JPEG,True,
/content/drive/MyDrive/Calorify/dataset/pizza/pizza_206.jpg,pizza_206.jpg,pizza,.jpg,76.43,512.0,512.0,RGB,JPEG,True,
/content/drive/MyDrive/Calorify/dataset/pizza/pizza_2.jpg,pizza_2.jpg,pizza,.jpg,1006.83,1706.0,2560.0,RGB,JPEG,True,
/content/drive/MyDrive/Calorify/dataset/pizza/pizza_201.jpg,pizza_201.jpg,pizza,.jpg,44.81,512.0,382.0,RGB,JPEG,True,
/content/drive/MyDrive/Calorify/dataset/pizza/pizza_210.jpg,pizza_210.jpg,pizza,.jpg,49.09,512.0,512.0,RGB,JPEG,True,
/content/drive/MyDrive/Calorify/dataset/pizza/pizza_222.jpg,pizza_222.jpg,pizza,.jpg,61.82,512.0,384.0,RGB,JPEG,True,
/content/drive/MyDrive/Calorify/dataset/pizza/pizza_22.jpg,pizza_22.jpg,pizza,.jpg,47.24,512.0,340.0,RGB,JPEG,True,
/content/drive/MyDrive/Calorify/dataset/pizza/pizza_208.jpg,pizza_208.jpg,pizza,.jpg,55.99,512.0,512.0,RGB,JPEG,True,
/content/drive/MyDrive/Calorify/dataset/pizza/pizza_205.jpg,pizza_205.jpg,pizza,.jpg,49.36,512.0,512.0,RGB,JPEG,True,
/content/drive/MyDrive/Calorify/dataset/pizza/pizza_225.jpg,pizza_225.jpg,pizza,.jpg,46.26,512.0,384.0,RGB,JPEG,True,
/content/drive/MyDrive/Calorify/dataset/pizza/pizza_224.jpg,pizza_224.jpg,pizza,.jpg,68.05,512.0,384.0,RGB,JPEG,True,
/content/drive/MyDrive/Calorify/dataset/pizza/pizza_233.jpg,pizza_233.jpg,pizza,.jpg,62.65,512.0,382.0,RGB,JPEG,True,
/content/drive/MyDrive/Calorify/dataset/pizza/pizza_218.jpg,pizza_218.jpg,pizza,.jpg,17.96,231.0,180.0,RGB,JPEG,True,
/content/drive/MyDrive/Calorify/dataset/pizza/pizza_234.jpg,pizza_234.jpg,pizza,.jpg,72.05,512.0,512.0,RGB,JPEG,True,
/content/drive/MyDrive/Calorify/dataset/pizza/pizza_220.jpg,pizza_220.jpg,pizza,.jpg,38.1,512.0,384.0,RGB,JPEG,True,
/content/drive/MyDrive/Calorify/dataset/pizza/pizza_23.jpg,pizza_23.jpg,pizza,.jpg,42.09,512.0,512.0,RGB,JPEG,True,
/content/drive/MyDrive/Calorify/dataset/pizza/pizza_203.jpg,pizza_203.jpg,pizza,.jpg,62.0,512.0,512.0,RGB,JPEG,True,
/content/drive/MyDrive/Calorify/dataset/pizza/pizza_228.jpg,pizza_228.jpg,pizza,.jpg,66.56,512.0,512.0,RGB,JPEG,True,
/content/drive/MyDrive/Calorify/dataset/pizza/pizza_217.jpg,pizza_217.jpg,pizza,.jpg,51.44,512.0,384.0,RGB,JPEG,True,
/content/drive/MyDrive/Calorify/dataset/pizza/pizza_20.jpg,pizza_20.jpg,pizza,.jpg,60.95,512.0,512.0,RGB,JPEG,True,
/content/drive/MyDrive/Calorify/dataset/pizza/pizza_204.jpg,pizza_204.jpg,pizza,.jpg,75.98,512.0,512.0,RGB,JPEG,True,
/content/drive/MyDrive/Calorify/dataset/pizza/pizza_21.jpg,pizza_21.jpg,pizza,.jpg,26.42,307.0,512.0,RGB,JPEG,True,
/content/drive/MyDrive/Calorify/dataset/pizza/pizza_214.jpg,pizza_214.jpg,pizza,.jpg,49.14,512.0,512.0,RGB,JPEG,True,
/content/drive/MyDrive/Calorify/dataset/pizza/pizza_236.jpg,pizza_236.jpg,pizza,.jpg,55.04,512.0,384.0,RGB,JPEG,True,
/content/drive/MyDrive/Calorify/dataset/pizza/pizza_202.jpg,pizza_202.jpg,pizza,.jpg,49.04,384.0,512.0,RGB,JPEG,True,
/content/drive/MyDrive/Calorify/dataset/pizza/pizza_200.jpg,pizza_200.jpg,pizza,.jpg,42.61,512.0,512.0,RGB,JPEG,True,
/content/drive/MyDrive/Calorify/dataset/pizza/pizza_227.jpg,pizza_227.jpg,pizza,.jpg,59.29,512.0,384.0,RGB,JPEG,True,
/content/drive/MyDrive/Calorify/dataset/pizza/pizza_221.jpg,pizza_221.jpg,pizza,.jpg,56.01,512.0,512.0,RGB,JPEG,True,
/content/drive/MyDrive/Calorify/dataset/pizza/pizza_230.jpg,pizza_230.jpg,pizza,.jpg,54.01,512.0,512.0,RGB,JPEG,True,
/content/drive/MyDrive/Calorify/dataset/pizza/pizza_212.jpg,pizza_212.jpg,pizza,.jpg,59.99,512.0,512.0,RGB,JPEG,True,
/content/drive/MyDrive/Calorify/dataset/pizza/pizza_215.jpg,pizza_215.jpg,pizza,.jpg,77.53,512.0,384.0,RGB,JPEG,True,
/content/drive/MyDrive/Calorify/dataset/pizza/pizza_259.jpg,pizza_259.jpg,pizza,.jpg,78.4,512.0,512.0,RGB,JPEG,True,
/content/drive/MyDrive/Calorify/dataset/pizza/pizza_243.jpg,pizza_243.jpg,pizza,.jpg,37.18,512.0,384.0,RGB,JPEG,True,
/content/drive/MyDrive/Calorify/dataset/pizza/pizza_245.jpg,pizza_245.jpg,pizza,.jpg,43.85,512.0,512.0,RGB,JPEG,True,
/content/drive/MyDrive/Calorify/dataset/pizza/pizza_269.jpg,pizza_269.jpg,pizza,.jpg,59.63,512.0,512.0,RGB,JPEG,True,
/content/drive/MyDrive/Calorify/dataset/pizza/pizza_251.jpg,pizza_251.jpg,pizza,.jpg,7.32,120.0,120.0,RGB,JPEG,True,
/content/drive/MyDrive/Calorify/dataset/pizza/pizza_252.jpg,pizza_252.jpg,pizza,.jpg,67.32,512.0,512.0,RGB,JPEG,True,
/content/drive/MyDrive/Calorify/dataset/pizza/pizza_24.jpg,pizza_24.jpg,pizza,.jpg,68.31,512.0,512.0,RGB,JPEG,True,
/content/drive/MyDrive/Calorify/dataset/pizza/pizza_248.jpg,pizza_248.jpg,pizza,.jpg,54.5,512.0,384.0,RGB,JPEG,True,
/content/drive/MyDrive/Calorify/dataset/pizza/pizza_255.jpg,pizza_255.jpg,pizza,.jpg,65.14,512.0,512.0,RGB,JPEG,True,
/content/drive/MyDrive/Calorify/dataset/pizza/pizza_249.jpg,pizza_249.jpg,pizza,.jpg,48.76,512.0,307.0,RGB,JPEG,True,
/content/drive/MyDrive/Calorify/dataset/pizza/pizza_242.jpg,pizza_242.jpg,pizza,.jpg,51.33,512.0,512.0,RGB,JPEG,True,
/content/drive/MyDrive/Calorify/dataset/pizza/pizza_240.jpg,pizza_240.jpg,pizza,.jpg,6.5,120.0,120.0,RGB,JPEG,True,
/content/drive/MyDrive/Calorify/dataset/pizza/pizza_27.jpg,pizza_27.jpg,pizza,.jpg,44.19,512.0,341.0,RGB,JPEG,True,
/content/drive/MyDrive/Calorify/dataset/pizza/pizza_258.jpg,pizza_258.jpg,pizza,.jpg,32.48,382.0,512.0,RGB,JPEG,True,
/content/drive/MyDrive/Calorify/dataset/pizza/pizza_260.jpg,pizza_260.jpg,pizza,.jpg,37.16,512.0,384.0,RGB,JPEG,True,
/content/drive/MyDrive/Calorify/dataset/pizza/pizza_238.jpg,pizza_238.jpg,pizza,.jpg,55.86,512.0,512.0,RGB,JPEG,True,
/content/drive/MyDrive/Calorify/dataset/pizza/pizza_239.jpg,pizza_239.jpg,pizza,.jpg,106.5,512.0,384.0,RGB,JPEG,True,
/content/drive/MyDrive/Calorify/dataset/pizza/pizza_246.jpg,pizza_246.jpg,pizza,.jpg,65.53,512.0,385.0,RGB,JPEG,True,
/content/drive/MyDrive/Calorify/dataset/pizza/pizza_257.jpg,pizza_257.jpg,pizza,.jpg,66.67,512.0,512.0,RGB,JPEG,True,
/content/drive/MyDrive/Calorify/dataset/pizza/pizza_244.jpg,pizza_244.jpg,pizza,.jpg,43.55,384.0,512.0,RGB,JPEG,True,
/content/drive/MyDrive/Calorify/dataset/pizza/pizza_267.jpg,pizza_267.jpg,pizza,.jpg,64.76,500.0,512.0,RGB,JPEG,True,
/content/drive/MyDrive/Calorify/dataset/pizza/pizza_264.jpg,pizza_264.jpg,pizza,.jpg,58.63,512.0,512.0,RGB,JPEG,True,
/content/drive/MyDrive/Calorify/dataset/pizza/pizza_274.jpg,pizza_274.jpg,pizza,.jpg,59.11,512.0,512.0,RGB,JPEG,True,
/content/drive/MyDrive/Calorify/dataset/pizza/pizza_247.jpg,pizza_247.jpg,pizza,.jpg,74.55,512.0,512.0,RGB,JPEG,True,
/content/drive/MyDrive/Calorify/dataset/pizza/pizza_241.jpg,pizza_241.jpg,pizza,.jpg,58.92,512.0,469.0,RGB,JPEG,True,
/content/drive/MyDrive/Calorify/dataset/pizza/pizza_261.jpg,pizza_261.jpg,pizza,.jpg,48.92,512.0,340.0,RGB,JPEG,True,
/content/drive/MyDrive/Calorify/dataset/pizza/pizza_273.jpg,pizza_273.jpg,pizza,.jpg,16.09,217.0,180.0,RGB,JPEG,True,
/content/drive/MyDrive/Calorify/dataset/pizza/pizza_271.jpg,pizza_271.jpg,pizza,.jpg,32.63,512.0,384.0,RGB,JPEG,True,
/content/drive/MyDrive/Calorify/dataset/pizza/pizza_266.jpg,pizza_266.jpg,pizza,.jpg,67.24,512.0,512.0,RGB,JPEG,True,
/content/drive/MyDrive/Calorify/dataset/pizza/pizza_25.jpg,pizza_25.jpg,pizza,.jpg,42.39,512.0,384.0,RGB,JPEG,True,
/content/drive/MyDrive/Calorify/dataset/pizza/pizza_26.jpg,pizza_26.jpg,pizza,.jpg,54.23,512.0,512.0,RGB,JPEG,True,
/content/drive/MyDrive/Calorify/dataset/pizza/pizza_262.jpg,pizza_262.jpg,pizza,.jpg,4.87,167.0,180.0,RGB,JPEG,True,
/content/drive/MyDrive/Calorify/dataset/pizza/pizza_254.jpg,pizza_254.jpg,pizza,.jpg,55.78,512.0,384.0,RGB,JPEG,True,
/content/drive/MyDrive/Calorify/dataset/pizza/pizza_265.jpg,pizza_265.jpg,pizza,.jpg,35.22,512.0,307.0,RGB,JPEG,True,
/content/drive/MyDrive/Calorify/dataset/pizza/pizza_270.jpg,pizza_270.jpg,pizza,.jpg,52.46,512.0,512.0,RGB,JPEG,True,
/content/drive/MyDrive/Calorify/dataset/pizza/pizza_268.jpg,pizza_268.jpg,pizza,.jpg,41.91,512.0,512.0,RGB,JPEG,True,
/content/drive/MyDrive/Calorify/dataset/pizza/pizza_256.jpg,pizza_256.jpg,pizza,.jpg,43.61,510.0,512.0,RGB,JPEG,True,
/content/drive/MyDrive/Calorify/dataset/pizza/pizza_253.jpg,pizza_253.jpg,pizza,.jpg,75.43,512.0,512.0,RGB,JPEG,True,
/content/drive/MyDrive/Calorify/dataset/pizza/pizza_263.jpg,pizza_263.jpg,pizza,.jpg,99.57,512.0,512.0,RGB,JPEG,True,
/content/drive/MyDrive/Calorify/dataset/pizza/pizza_272.jpg,pizza_272.jpg,pizza,.jpg,50.04,384.0,512.0,RGB,JPEG,True,
/content/drive/MyDrive/Calorify/dataset/pizza/pizza_250.jpg,pizza_250.jpg,pizza,.jpg,59.29,512.0,512.0,RGB,JPEG,True,
/content/drive/MyDrive/Calorify/dataset/pizza/pizza_310.jpg,pizza_310.jpg,pizza,.jpg,64.87,512.0,512.0,RGB,JPEG,True,
/content/drive/MyDrive/Calorify/dataset/pizza/pizza_30.jpg,pizza_30.jpg,pizza,.jpg,34.09,512.0,307.0,RGB,JPEG,True,
/content/drive/MyDrive/Calorify/dataset/pizza/pizza_312.jpg,pizza_312.jpg,pizza,.jpg,75.83,512.0,512.0,RGB,JPEG,True,
/content/drive/MyDrive/Calorify/dataset/pizza/pizza_304.jpg,pizza_304.jpg,pizza,.jpg,35.04,512.0,289.0,RGB,JPEG,True,
/content/drive/MyDrive/Calorify/dataset/pizza/pizza_299.jpg,pizza_299.jpg,pizza,.jpg,60.33,384.0,512.0,RGB,JPEG,True,
/content/drive/MyDrive/Calorify/dataset/pizza/pizza_283.jpg,pizza_283.jpg,pizza,.jpg,84.83,512.0,384.0,RGB,JPEG,True,
/content/drive/MyDrive/Calorify/dataset/pizza/pizza_279.jpg,pizza_279.jpg,pizza,.jpg,43.25,512.0,512.0,RGB,JPEG,True,
/content/drive/MyDrive/Calorify/dataset/pizza/pizza_276.jpg,pizza_276.jpg,pizza,.jpg,47.96,512.0,512.0,RGB,JPEG,True,
/content/drive/MyDrive/Calorify/dataset/pizza/pizza_295.jpg,pizza_295.jpg,pizza,.jpg,50.09,512.0,512.0,RGB,JPEG,True,
/content/drive/MyDrive/Calorify/dataset/pizza/pizza_297.jpg,pizza_297.jpg,pizza,.jpg,52.76,512.0,384.0,RGB,JPEG,True,
/content/drive/MyDrive/Calorify/dataset/pizza/pizza_3.jpg,pizza_3.jpg,pizza,.jpg,47.23,512.0,384.0,RGB,JPEG,True,
/content/drive/MyDrive/Calorify/dataset/pizza/pizza_292.jpg,pizza_292.jpg,pizza,.jpg,40.98,512.0,289.0,RGB,JPEG,True,
/content/drive/MyDrive/Calorify/dataset/pizza/pizza_284.jpg,pizza_284.jpg,pizza,.jpg,1212.7,2560.0,1440.0,RGB,JPEG,True,
/content/drive/MyDrive/Calorify/dataset/pizza/pizza_28.jpg,pizza_28.jpg,pizza,.jpg,59.66,512.0,512.0,RGB,JPEG,True,
/content/drive/MyDrive/Calorify/dataset/pizza/pizza_278.jpg,pizza_278.jpg,pizza,.jpg,77.09,512.0,512.0,RGB,JPEG,True,
/content/drive/MyDrive/Calorify/dataset/pizza/pizza_289.jpg,pizza_289.jpg,pizza,.jpg,26.58,512.0,288.0,RGB,JPEG,True,
/content/drive/MyDrive/Calorify/dataset/pizza/pizza_29.jpg,pizza_29.jpg,pizza,.jpg,44.62,511.0,512.0,RGB,JPEG,True,
/content/drive/MyDrive/Calorify/dataset/pizza/pizza_309.jpg,pizza_309.jpg,pizza,.jpg,56.06,512.0,434.0,RGB,JPEG,True,
/content/drive/MyDrive/Calorify/dataset/pizza/pizza_308.jpg,pizza_308.jpg,pizza,.jpg,55.7,512.0,512.0,RGB,JPEG,True,
/content/drive/MyDrive/Calorify/dataset/pizza/pizza_286.jpg,pizza_286.jpg,pizza,.jpg,41.5,512.0,512.0,RGB,JPEG,True,
/content/drive/MyDrive/Calorify/dataset/pizza/pizza_305.jpg,pizza_305.jpg,pizza,.jpg,78.94,512.0,384.0,RGB,JPEG,True,
/content/drive/MyDrive/Calorify/dataset/pizza/pizza_282.jpg,pizza_282.jpg,pizza,.jpg,40.36,512.0,384.0,RGB,JPEG,True,
/content/drive/MyDrive/Calorify/dataset/pizza/pizza_290.jpg,pizza_290.jpg,pizza,.jpg,65.83,512.0,512.0,RGB,JPEG,True,
/content/drive/MyDrive/Calorify/dataset/pizza/pizza_303.jpg,pizza_303.jpg,pizza,.jpg,62.75,512.0,512.0,RGB,JPEG,True,
/content/drive/MyDrive/Calorify/dataset/pizza/pizza_311.jpg,pizza_311.jpg,pizza,.jpg,29.23,384.0,512.0,RGB,JPEG,True,
/content/drive/MyDrive/Calorify/dataset/pizza/pizza_285.jpg,pizza_285.jpg,pizza,.jpg,12.32,207.0,180.0,RGB,JPEG,True,
/content/drive/MyDrive/Calorify/dataset/pizza/pizza_288.jpg,pizza_288.jpg,pizza,.jpg,66.32,512.0,512.0,RGB,JPEG,True,
/content/drive/MyDrive/Calorify/dataset/pizza/pizza_277.jpg,pizza_277.jpg,pizza,.jpg,42.43,512.0,512.0,RGB,JPEG,True,
/content/drive/MyDrive/Calorify/dataset/pizza/pizza_306.jpg,pizza_306.jpg,pizza,.jpg,51.7,512.0,512.0,RGB,JPEG,True,
/content/drive/MyDrive/Calorify/dataset/pizza/pizza_302.jpg,pizza_302.jpg,pizza,.jpg,35.2,512.0,384.0,RGB,JPEG,True,
/content/drive/MyDrive/Calorify/dataset/pizza/pizza_275.jpg,pizza_275.jpg,pizza,.jpg,53.34,512.0,512.0,RGB,JPEG,True,
/content/drive/MyDrive/Calorify/dataset/pizza/pizza_287.jpg,pizza_287.jpg,pizza,.jpg,50.62,512.0,512.0,RGB,JPEG,True,
/content/drive/MyDrive/Calorify/dataset/pizza/pizza_298.jpg,pizza_298.jpg,pizza,.jpg,39.38,512.0,384.0,RGB,JPEG,True,
/content/drive/MyDrive/Calorify/dataset/pizza/pizza_300.jpg,pizza_300.jpg,pizza,.jpg,45.51,384.0,512.0,RGB,JPEG,True,
/content/drive/MyDrive/Calorify/dataset/pizza/pizza_293.jpg,pizza_293.jpg,pizza,.jpg,40.52,512.0,384.0,RGB,JPEG,True,
/content/drive/MyDrive/Calorify/dataset/pizza/pizza_294.jpg,pizza_294.jpg,pizza,.jpg,48.06,442.0,512.0,RGB,JPEG,True,
/content/drive/MyDrive/Calorify/dataset/pizza/pizza_307.jpg,pizza_307.jpg,pizza,.jpg,17.26,272.0,180.0,RGB,JPEG,True,
/content/drive/MyDrive/Calorify/dataset/pizza/pizza_301.jpg,pizza_301.jpg,pizza,.jpg,34.55,512.0,384.0,RGB,JPEG,True,
/content/drive/MyDrive/Calorify/dataset/pizza/pizza_291.jpg,pizza_291.jpg,pizza,.jpg,58.08,512.0,384.0,RGB,JPEG,True,
/content/drive/MyDrive/Calorify/dataset/pizza/pizza_281.jpg,pizza_281.jpg,pizza,.jpg,34.62,382.0,512.0,RGB,JPEG,True,
/content/drive/MyDrive/Calorify/dataset/pizza/pizza_31.jpg,pizza_31.jpg,pizza,.jpg,44.96,512.0,512.0,RGB,JPEG,True,
/content/drive/MyDrive/Calorify/dataset/pizza/pizza_280.jpg,pizza_280.jpg,pizza,.jpg,64.22,512.0,512.0,RGB,JPEG,True,
/content/drive/MyDrive/Calorify/dataset/pizza/pizza_296.jpg,pizza_296.jpg,pizza,.jpg,12.4,244.0,180.0,RGB,JPEG,True,
/content/drive/MyDrive/Calorify/dataset/pizza/pizza_347.jpg,pizza_347.jpg,pizza,.jpg,31.95,512.0,306.0,RGB,JPEG,True,
/content/drive/MyDrive/Calorify/dataset/pizza/pizza_349.jpg,pizza_349.jpg,pizza,.jpg,60.4,512.0,384.0,RGB,JPEG,True,
/content/drive/MyDrive/Calorify/dataset/pizza/pizza_320.jpg,pizza_320.jpg,pizza,.jpg,64.44,512.0,512.0,RGB,JPEG,True,
/content/drive/MyDrive/Calorify/dataset/pizza/pizza_345.jpg,pizza_345.jpg,pizza,.jpg,81.12,512.0,511.0,RGB,JPEG,True,
/content/drive/MyDrive/Calorify/dataset/pizza/pizza_325.jpg,pizza_325.jpg,pizza,.jpg,38.62,384.0,512.0,RGB,JPEG,True,
/content/drive/MyDrive/Calorify/dataset/pizza/pizza_336.jpg,pizza_336.jpg,pizza,.jpg,62.98,512.0,512.0,RGB,JPEG,True,
/content/drive/MyDrive/Calorify/dataset/pizza/pizza_315.jpg,pizza_315.jpg,pizza,.jpg,69.48,512.0,512.0,RGB,JPEG,True,
/content/drive/MyDrive/Calorify/dataset/pizza/pizza_344.jpg,pizza_344.jpg,pizza,.jpg,47.84,512.0,512.0,RGB,JPEG,True,
/content/drive/MyDrive/Calorify/dataset/pizza/pizza_335.jpg,pizza_335.jpg,pizza,.jpg,52.95,512.0,512.0,RGB,JPEG,True,
/content/drive/MyDrive/Calorify/dataset/pizza/pizza_333.jpg,pizza_333.jpg,pizza,.jpg,55.59,512.0,512.0,RGB,JPEG,True,
/content/drive/MyDrive/Calorify/dataset/pizza/pizza_313.jpg,pizza_313.jpg,pizza,.jpg,66.84,512.0,512.0,RGB,JPEG,True,
/content/drive/MyDrive/Calorify/dataset/pizza/pizza_32.jpg,pizza_32.jpg,pizza,.jpg,40.8,384.0,512.0,RGB,JPEG,True,
/content/drive/MyDrive/Calorify/dataset/pizza/pizza_318.jpg,pizza_318.jpg,pizza,.jpg,12.0,277.0,180.0,RGB,JPEG,True,
/content/drive/MyDrive/Calorify/dataset/pizza/pizza_322.jpg,pizza_322.jpg,pizza,.jpg,60.61,512.0,512.0,RGB,JPEG,True,
/content/drive/MyDrive/Calorify/dataset/pizza/pizza_348.jpg,pizza_348.jpg,pizza,.jpg,56.24,512.0,512.0,RGB,JPEG,True,
/content/drive/MyDrive/Calorify/dataset/pizza/pizza_341.jpg,pizza_341.jpg,pizza,.jpg,90.49,512.0,512.0,RGB,JPEG,True,
/content/drive/MyDrive/Calorify/dataset/pizza/pizza_339.jpg,pizza_339.jpg,pizza,.jpg,73.84,512.0,512.0,RGB,JPEG,True,
/content/drive/MyDrive/Calorify/dataset/pizza/pizza_317.jpg,pizza_317.jpg,pizza,.jpg,53.48,512.0,512.0,RGB,JPEG,True,
/content/drive/MyDrive/Calorify/dataset/pizza/pizza_342.jpg,pizza_342.jpg,pizza,.jpg,53.77,512.0,384.0,RGB,JPEG,True,
/content/drive/MyDrive/Calorify/dataset/pizza/pizza_351.jpg,pizza_351.jpg,pizza,.jpg,7.93,215.0,180.0,RGB,JPEG,True,
/content/drive/MyDrive/Calorify/dataset/pizza/pizza_346.jpg,pizza_346.jpg,pizza,.jpg,59.05,512.0,512.0,RGB,JPEG,True,
/content/drive/MyDrive/Calorify/dataset/pizza/pizza_316.jpg,pizza_316.jpg,pizza,.jpg,35.76,384.0,512.0,RGB,JPEG,True,
/content/drive/MyDrive/Calorify/dataset/pizza/pizza_330.jpg,pizza_330.jpg,pizza,.jpg,67.5,512.0,512.0,RGB,JPEG,True,
/content/drive/MyDrive/Calorify/dataset/pizza/pizza_319.jpg,pizza_319.jpg,pizza,.jpg,46.39,382.0,512.0,RGB,JPEG,True,
/content/drive/MyDrive/Calorify/dataset/pizza/pizza_33.jpg,pizza_33.jpg,pizza,.jpg,62.5,512.0,384.0,RGB,JPEG,True,
/content/drive/MyDrive/Calorify/dataset/pizza/pizza_331.jpg,pizza_331.jpg,pizza,.jpg,71.49,384.0,512.0,RGB,JPEG,True,
/content/drive/MyDrive/Calorify/dataset/pizza/pizza_329.jpg,pizza_329.jpg,pizza,.jpg,9.88,211.0,180.0,RGB,JPEG,True,
/content/drive/MyDrive/Calorify/dataset/pizza/pizza_328.jpg,pizza_328.jpg,pizza,.jpg,46.58,382.0,512.0,RGB,JPEG,True,
/content/drive/MyDrive/Calorify/dataset/pizza/pizza_314.jpg,pizza_314.jpg,pizza,.jpg,105.18,512.0,512.0,RGB,JPEG,True,
/content/drive/MyDrive/Calorify/dataset/pizza/pizza_343.jpg,pizza_343.jpg,pizza,.jpg,47.47,512.0,432.0,RGB,JPEG,True,
/content/drive/MyDrive/Calorify/dataset/pizza/pizza_327.jpg,pizza_327.jpg,pizza,.jpg,62.8,512.0,384.0,RGB,JPEG,True,
/content/drive/MyDrive/Calorify/dataset/pizza/pizza_326.jpg,pizza_326.jpg,pizza,.jpg,57.63,512.0,512.0,RGB,JPEG,True,
/content/drive/MyDrive/Calorify/dataset/pizza/pizza_324.jpg,pizza_324.jpg,pizza,.jpg,75.53,512.0,512.0,RGB,JPEG,True,
/content/drive/MyDrive/Calorify/dataset/pizza/pizza_332.jpg,pizza_332.jpg,pizza,.jpg,34.91,512.0,340.0,RGB,JPEG,True,
/content/drive/MyDrive/Calorify/dataset/pizza/pizza_321.jpg,pizza_321.jpg,pizza,.jpg,46.92,512.0,384.0,RGB,JPEG,True,
/content/drive/MyDrive/Calorify/dataset/pizza/pizza_35.jpg,pizza_35.jpg,pizza,.jpg,57.8,384.0,512.0,RGB,JPEG,True,
/content/drive/MyDrive/Calorify/dataset/pizza/pizza_350.jpg,pizza_350.jpg,pizza,.jpg,45.07,512.0,384.0,RGB,JPEG,True,
/content/drive/MyDrive/Calorify/dataset/pizza/pizza_34.jpg,pizza_34.jpg,pizza,.jpg,56.32,512.0,512.0,RGB,JPEG,True,
/content/drive/MyDrive/Calorify/dataset/pizza/pizza_340.jpg,pizza_340.jpg,pizza,.jpg,17.5,277.0,180.0,RGB,JPEG,True,
/content/drive/MyDrive/Calorify/dataset/pizza/pizza_337.jpg,pizza_337.jpg,pizza,.jpg,51.41,512.0,341.0,RGB,JPEG,True,
/content/drive/MyDrive/Calorify/dataset/pizza/pizza_323.jpg,pizza_323.jpg,pizza,.jpg,79.07,512.0,512.0,RGB,JPEG,True,
/content/drive/MyDrive/Calorify/dataset/pizza/pizza_334.jpg,pizza_334.jpg,pizza,.jpg,50.92,512.0,307.0,RGB,JPEG,True,
/content/drive/MyDrive/Calorify/dataset/pizza/pizza_338.jpg,pizza_338.jpg,pizza,.jpg,81.05,512.0,512.0,RGB,JPEG,True,
/content/drive/MyDrive/Calorify/dataset/pizza/pizza_366.jpg,pizza_366.jpg,pizza,.jpg,56.13,382.0,512.0,RGB,JPEG,True,
/content/drive/MyDrive/Calorify/dataset/pizza/pizza_362.jpg,pizza_362.jpg,pizza,.jpg,16.96,229.0,180.0,RGB,JPEG,True,
/content/drive/MyDrive/Calorify/dataset/pizza/pizza_36.jpg,pizza_36.jpg,pizza,.jpg,117.61,512.0,384.0,RGB,JPEG,True,
/content/drive/MyDrive/Calorify/dataset/pizza/pizza_381.jpg,pizza_381.jpg,pizza,.jpg,55.53,512.0,512.0,RGB,JPEG,True,
/content/drive/MyDrive/Calorify/dataset/pizza/pizza_384.jpg,pizza_384.jpg,pizza,.jpg,10.9,208.0,180.0,RGB,JPEG,True,
/content/drive/MyDrive/Calorify/dataset/pizza/pizza_375.jpg,pizza_375.jpg,pizza,.jpg,70.8,512.0,512.0,RGB,JPEG,True,
/content/drive/MyDrive/Calorify/dataset/pizza/pizza_374.jpg,pizza_374.jpg,pizza,.jpg,75.37,512.0,384.0,RGB,JPEG,True,
/content/drive/MyDrive/Calorify/dataset/pizza/pizza_386.jpg,pizza_386.jpg,pizza,.jpg,57.53,512.0,512.0,RGB,JPEG,True,
/content/drive/MyDrive/Calorify/dataset/pizza/pizza_369.jpg,pizza_369.jpg,pizza,.jpg,79.78,512.0,384.0,RGB,JPEG,True,
/content/drive/MyDrive/Calorify/dataset/pizza/pizza_352.jpg,pizza_352.jpg,pizza,.jpg,49.52,512.0,512.0,RGB,JPEG,True,
/content/drive/MyDrive/Calorify/dataset/pizza/pizza_388.jpg,pizza_388.jpg,pizza,.jpg,44.65,512.0,307.0,RGB,JPEG,True,
/content/drive/MyDrive/Calorify/dataset/pizza/pizza_379.jpg,pizza_379.jpg,pizza,.jpg,51.37,512.0,512.0,RGB,JPEG,True,
/content/drive/MyDrive/Calorify/dataset/pizza/pizza_372.jpg,pizza_372.jpg,pizza,.jpg,46.85,512.0,512.0,RGB,JPEG,True,
/content/drive/MyDrive/Calorify/dataset/pizza/pizza_358.jpg,pizza_358.jpg,pizza,.jpg,78.49,512.0,512.0,RGB,JPEG,True,
/content/drive/MyDrive/Calorify/dataset/pizza/pizza_361.jpg,pizza_361.jpg,pizza,.jpg,30.06,512.0,384.0,RGB,JPEG,True,
/content/drive/MyDrive/Calorify/dataset/pizza/pizza_373.jpg,pizza_373.jpg,pizza,.jpg,15.7,237.0,180.0,RGB,JPEG,True,
/content/drive/MyDrive/Calorify/dataset/pizza/pizza_359.jpg,pizza_359.jpg,pizza,.jpg,63.55,512.0,512.0,RGB,JPEG,True,
/content/drive/MyDrive/Calorify/dataset/pizza/pizza_377.jpg,pizza_377.jpg,pizza,.jpg,38.8,512.0,289.0,RGB,JPEG,True,
/content/drive/MyDrive/Calorify/dataset/pizza/pizza_353.jpg,pizza_353.jpg,pizza,.jpg,34.94,424.0,512.0,RGB,JPEG,True,
/content/drive/MyDrive/Calorify/dataset/pizza/pizza_357.jpg,pizza_357.jpg,pizza,.jpg,74.43,512.0,512.0,RGB,JPEG,True,
/content/drive/MyDrive/Calorify/dataset/pizza/pizza_370.jpg,pizza_370.jpg,pizza,.jpg,31.32,512.0,384.0,RGB,JPEG,True,
/content/drive/MyDrive/Calorify/dataset/pizza/pizza_376.jpg,pizza_376.jpg,pizza,.jpg,61.66,512.0,384.0,RGB,JPEG,True,
/content/drive/MyDrive/Calorify/dataset/pizza/pizza_355.jpg,pizza_355.jpg,pizza,.jpg,75.69,512.0,512.0,RGB,JPEG,True,
/content/drive/MyDrive/Calorify/dataset/pizza/pizza_378.jpg,pizza_378.jpg,pizza,.jpg,50.34,383.0,512.0,RGB,JPEG,True,
/content/drive/MyDrive/Calorify/dataset/pizza/pizza_363.jpg,pizza_363.jpg,pizza,.jpg,32.23,512.0,306.0,RGB,JPEG,True,
/content/drive/MyDrive/Calorify/dataset/pizza/pizza_367.jpg,pizza_367.jpg,pizza,.jpg,73.95,512.0,512.0,RGB,JPEG,True,
/content/drive/MyDrive/Calorify/dataset/pizza/pizza_365.jpg,pizza_365.jpg,pizza,.jpg,58.17,512.0,512.0,RGB,JPEG,True,
/content/drive/MyDrive/Calorify/dataset/pizza/pizza_382.jpg,pizza_382.jpg,pizza,.jpg,53.74,512.0,512.0,RGB,JPEG,True,
/content/drive/MyDrive/Calorify/dataset/pizza/pizza_38.jpg,pizza_38.jpg,pizza,.jpg,33.97,512.0,384.0,RGB,JPEG,True,
/content/drive/MyDrive/Calorify/dataset/pizza/pizza_360.jpg,pizza_360.jpg,pizza,.jpg,64.99,512.0,512.0,RGB,JPEG,True,
/content/drive/MyDrive/Calorify/dataset/pizza/pizza_368.jpg,pizza_368.jpg,pizza,.jpg,34.06,384.0,512.0,RGB,JPEG,True,
/content/drive/MyDrive/Calorify/dataset/pizza/pizza_390.jpg,pizza_390.jpg,pizza,.jpg,94.35,512.0,384.0,RGB,JPEG,True,
/content/drive/MyDrive/Calorify/dataset/pizza/pizza_364.jpg,pizza_364.jpg,pizza,.jpg,45.43,382.0,512.0,RGB,JPEG,True,
/content/drive/MyDrive/Calorify/dataset/pizza/pizza_354.jpg,pizza_354.jpg,pizza,.jpg,38.19,512.0,512.0,RGB,JPEG,True,
/content/drive/MyDrive/Calorify/dataset/pizza/pizza_389.jpg,pizza_389.jpg,pizza,.jpg,133.03,512.0,384.0,RGB,JPEG,True,
/content/drive/MyDrive/Calorify/dataset/pizza/pizza_387.jpg,pizza_387.jpg,pizza,.jpg,62.37,512.0,512.0,RGB,JPEG,True,
/content/drive/MyDrive/Calorify/dataset/pizza/pizza_380.jpg,pizza_380.jpg,pizza,.jpg,54.16,512.0,384.0,RGB,JPEG,True,
/content/drive/MyDrive/Calorify/dataset/pizza/pizza_383.jpg,pizza_383.jpg,pizza,.jpg,80.68,512.0,512.0,RGB,JPEG,True,
/content/drive/MyDrive/Calorify/dataset/pizza/pizza_385.jpg,pizza_385.jpg,pizza,.jpg,62.88,512.0,512.0,RGB,JPEG,True,
/content/drive/MyDrive/Calorify/dataset/pizza/pizza_371.jpg,pizza_371.jpg,pizza,.jpg,47.76,512.0,512.0,RGB,JPEG,True,
/content/drive/MyDrive/Calorify/dataset/pizza/pizza_39.jpg,pizza_39.jpg,pizza,.jpg,66.06,512.0,512.0,RGB,JPEG,True,
/content/drive/MyDrive/Calorify/dataset/pizza/pizza_356.jpg,pizza_356.jpg,pizza,.jpg,59.23,512.0,512.0,RGB,JPEG,True,
/content/drive/MyDrive/Calorify/dataset/pizza/pizza_37.jpg,pizza_37.jpg,pizza,.jpg,58.79,512.0,384.0,RGB,JPEG,True,
/content/drive/MyDrive/Calorify/dataset/pizza/pizza_395.jpg,pizza_395.jpg,pizza,.jpg,697.32,2560.0,1703.0,RGB,JPEG,True,
/content/drive/MyDrive/Calorify/dataset/pizza/pizza_400.jpg,pizza_400.jpg,pizza,.jpg,54.42,384.0,512.0,RGB,JPEG,True,
/content/drive/MyDrive/Calorify/dataset/pizza/pizza_399.jpg,pizza_399.jpg,pizza,.jpg,63.4,512.0,512.0,RGB,JPEG,True,
/content/drive/MyDrive/Calorify/dataset/pizza/pizza_392.jpg,pizza_392.jpg,pizza,.jpg,50.03,512.0,512.0,RGB,JPEG,True,
/content/drive/MyDrive/Calorify/dataset/pizza/pizza_394.jpg,pizza_394.jpg,pizza,.jpg,70.7,512.0,512.0,RGB,JPEG,True,
/content/drive/MyDrive/Calorify/dataset/pizza/pizza_419.jpg,pizza_419.jpg,pizza,.jpg,49.35,384.0,512.0,RGB,JPEG,True,
/content/drive/MyDrive/Calorify/dataset/pizza/pizza_413.jpg,pizza_413.jpg,pizza,.jpg,68.02,512.0,512.0,RGB,JPEG,True,
/content/drive/MyDrive/Calorify/dataset/pizza/pizza_407.jpg,pizza_407.jpg,pizza,.jpg,9.36,271.0,180.0,RGB,JPEG,True,
/content/drive/MyDrive/Calorify/dataset/pizza/pizza_404.jpg,pizza_404.jpg,pizza,.jpg,39.5,306.0,512.0,RGB,JPEG,True,
/content/drive/MyDrive/Calorify/dataset/pizza/pizza_417.jpg,pizza_417.jpg,pizza,.jpg,58.89,512.0,512.0,RGB,JPEG,True,
/content/drive/MyDrive/Calorify/dataset/pizza/pizza_42.jpg,pizza_42.jpg,pizza,.jpg,30.6,512.0,384.0,RGB,JPEG,True,
/content/drive/MyDrive/Calorify/dataset/pizza/pizza_397.jpg,pizza_397.jpg,pizza,.jpg,63.58,512.0,512.0,RGB,JPEG,True,
/content/drive/MyDrive/Calorify/dataset/pizza/pizza_393.jpg,pizza_393.jpg,pizza,.jpg,61.83,512.0,512.0,RGB,JPEG,True,
/content/drive/MyDrive/Calorify/dataset/pizza/pizza_398.jpg,pizza_398.jpg,pizza,.jpg,57.9,512.0,512.0,RGB,JPEG,True,
/content/drive/MyDrive/Calorify/dataset/pizza/pizza_409.jpg,pizza_409.jpg,pizza,.jpg,74.3,512.0,512.0,RGB,JPEG,True,
/content/drive/MyDrive/Calorify/dataset/pizza/pizza_423.jpg,pizza_423.jpg,pizza,.jpg,80.98,512.0,384.0,RGB,JPEG,True,
/content/drive/MyDrive/Calorify/dataset/pizza/pizza_415.jpg,pizza_415.jpg,pizza,.jpg,54.75,512.0,512.0,RGB,JPEG,True,
/content/drive/MyDrive/Calorify/dataset/pizza/pizza_425.jpg,pizza_425.jpg,pizza,.jpg,59.46,512.0,512.0,RGB,JPEG,True,
/content/drive/MyDrive/Calorify/dataset/pizza/pizza_410.jpg,pizza_410.jpg,pizza,.jpg,50.82,512.0,512.0,RGB,JPEG,True,
/content/drive/MyDrive/Calorify/dataset/pizza/pizza_401.jpg,pizza_401.jpg,pizza,.jpg,50.67,512.0,512.0,RGB,JPEG,True,
/content/drive/MyDrive/Calorify/dataset/pizza/pizza_403.jpg,pizza_403.jpg,pizza,.jpg,57.63,382.0,512.0,RGB,JPEG,True,
/content/drive/MyDrive/Calorify/dataset/pizza/pizza_420.jpg,pizza_420.jpg,pizza,.jpg,49.29,512.0,384.0,RGB,JPEG,True,
/content/drive/MyDrive/Calorify/dataset/pizza/pizza_40.jpg,pizza_40.jpg,pizza,.jpg,29.65,306.0,512.0,RGB,JPEG,True,
/content/drive/MyDrive/Calorify/dataset/pizza/pizza_416.jpg,pizza_416.jpg,pizza,.jpg,66.16,512.0,512.0,RGB,JPEG,True,
/content/drive/MyDrive/Calorify/dataset/pizza/pizza_405.jpg,pizza_405.jpg,pizza,.jpg,70.62,512.0,512.0,RGB,JPEG,True,
/content/drive/MyDrive/Calorify/dataset/pizza/pizza_411.jpg,pizza_411.jpg,pizza,.jpg,51.87,512.0,512.0,RGB,JPEG,True,
/content/drive/MyDrive/Calorify/dataset/pizza/pizza_402.jpg,pizza_402.jpg,pizza,.jpg,43.84,512.0,384.0,RGB,JPEG,True,
/content/drive/MyDrive/Calorify/dataset/pizza/pizza_412.jpg,pizza_412.jpg,pizza,.jpg,60.54,512.0,384.0,RGB,JPEG,True,
/content/drive/MyDrive/Calorify/dataset/pizza/pizza_418.jpg,pizza_418.jpg,pizza,.jpg,7.62,115.0,180.0,RGB,JPEG,True,
/content/drive/MyDrive/Calorify/dataset/pizza/pizza_414.jpg,pizza_414.jpg,pizza,.jpg,53.44,512.0,384.0,RGB,JPEG,True,
/content/drive/MyDrive/Calorify/dataset/pizza/pizza_391.jpg,pizza_391.jpg,pizza,.jpg,69.41,512.0,512.0,RGB,JPEG,True,
/content/drive/MyDrive/Calorify/dataset/pizza/pizza_4.jpg,pizza_4.jpg,pizza,.jpg,63.39,512.0,512.0,RGB,JPEG,True,
/content/drive/MyDrive/Calorify/dataset/pizza/pizza_421.jpg,pizza_421.jpg,pizza,.jpg,74.23,512.0,512.0,RGB,JPEG,True,
/content/drive/MyDrive/Calorify/dataset/pizza/pizza_406.jpg,pizza_406.jpg,pizza,.jpg,23.7,306.0,512.0,RGB,JPEG,True,
/content/drive/MyDrive/Calorify/dataset/pizza/pizza_424.jpg,pizza_424.jpg,pizza,.jpg,64.44,512.0,512.0,RGB,JPEG,True,
/content/drive/MyDrive/Calorify/dataset/pizza/pizza_427.jpg,pizza_427.jpg,pizza,.jpg,53.28,382.0,512.0,RGB,JPEG,True,
/content/drive/MyDrive/Calorify/dataset/pizza/pizza_422.jpg,pizza_422.jpg,pizza,.jpg,101.05,512.0,512.0,RGB,JPEG,True,
/content/drive/MyDrive/Calorify/dataset/pizza/pizza_408.jpg,pizza_408.jpg,pizza,.jpg,31.87,512.0,384.0,RGB,JPEG,True,
/content/drive/MyDrive/Calorify/dataset/pizza/pizza_426.jpg,pizza_426.jpg,pizza,.jpg,76.32,512.0,384.0,RGB,JPEG,True,
/content/drive/MyDrive/Calorify/dataset/pizza/pizza_396.jpg,pizza_396.jpg,pizza,.jpg,10.78,272.0,180.0,RGB,JPEG,True,
/content/drive/MyDrive/Calorify/dataset/pizza/pizza_41.jpg,pizza_41.jpg,pizza,.jpg,70.7,512.0,512.0,RGB,JPEG,True,
/content/drive/MyDrive/Calorify/dataset/pizza/pizza_428.jpg,pizza_428.jpg,pizza,.jpg,64.66,512.0,512.0,RGB,JPEG,True,
/content/drive/MyDrive/Calorify/dataset/pizza/pizza_464.jpg,pizza_464.jpg,pizza,.jpg,52.46,512.0,512.0,RGB,JPEG,True,
/content/drive/MyDrive/Calorify/dataset/pizza/pizza_434.jpg,pizza_434.jpg,pizza,.jpg,52.66,382.0,512.0,RGB,JPEG,True,
/content/drive/MyDrive/Calorify/dataset/pizza/pizza_461.jpg,pizza_461.jpg,pizza,.jpg,57.8,512.0,512.0,RGB,JPEG,True,
/content/drive/MyDrive/Calorify/dataset/pizza/pizza_463.jpg,pizza_463.jpg,pizza,.jpg,76.23,512.0,512.0,RGB,JPEG,True,
/content/drive/MyDrive/Calorify/dataset/pizza/pizza_44.jpg,pizza_44.jpg,pizza,.jpg,42.53,384.0,512.0,RGB,JPEG,True,
/content/drive/MyDrive/Calorify/dataset/pizza/pizza_43.jpg,pizza_43.jpg,pizza,.jpg,61.22,512.0,512.0,RGB,JPEG,True,
/content/drive/MyDrive/Calorify/dataset/pizza/pizza_459.jpg,pizza_459.jpg,pizza,.jpg,50.91,512.0,384.0,RGB,JPEG,True,
/content/drive/MyDrive/Calorify/dataset/pizza/pizza_449.jpg,pizza_449.jpg,pizza,.jpg,46.93,382.0,512.0,RGB,JPEG,True,
/content/drive/MyDrive/Calorify/dataset/pizza/pizza_456.jpg,pizza_456.jpg,pizza,.jpg,50.95,512.0,384.0,RGB,JPEG,True,
/content/drive/MyDrive/Calorify/dataset/pizza/pizza_46.jpg,pizza_46.jpg,pizza,.jpg,62.78,512.0,512.0,RGB,JPEG,True,
/content/drive/MyDrive/Calorify/dataset/pizza/pizza_458.jpg,pizza_458.jpg,pizza,.jpg,102.9,512.0,512.0,RGB,JPEG,True,
/content/drive/MyDrive/Calorify/dataset/pizza/pizza_451.jpg,pizza_451.jpg,pizza,.jpg,14.99,221.0,180.0,RGB,JPEG,True,
/content/drive/MyDrive/Calorify/dataset/pizza/pizza_433.jpg,pizza_433.jpg,pizza,.jpg,72.47,512.0,512.0,RGB,JPEG,True,
/content/drive/MyDrive/Calorify/dataset/pizza/pizza_45.jpg,pizza_45.jpg,pizza,.jpg,54.36,512.0,384.0,RGB,JPEG,True,
/content/drive/MyDrive/Calorify/dataset/pizza/pizza_446.jpg,pizza_446.jpg,pizza,.jpg,71.5,512.0,512.0,RGB,JPEG,True,
/content/drive/MyDrive/Calorify/dataset/pizza/pizza_440.jpg,pizza_440.jpg,pizza,.jpg,18.56,317.0,180.0,RGB,JPEG,True,
/content/drive/MyDrive/Calorify/dataset/pizza/pizza_441.jpg,pizza_441.jpg,pizza,.jpg,57.92,382.0,512.0,RGB,JPEG,True,
/content/drive/MyDrive/Calorify/dataset/pizza/pizza_452.jpg,pizza_452.jpg,pizza,.jpg,42.12,512.0,512.0,RGB,JPEG,True,
/content/drive/MyDrive/Calorify/dataset/pizza/pizza_466.jpg,pizza_466.jpg,pizza,.jpg,48.16,512.0,384.0,RGB,JPEG,True,
/content/drive/MyDrive/Calorify/dataset/pizza/pizza_432.jpg,pizza_432.jpg,pizza,.jpg,77.15,512.0,512.0,RGB,JPEG,True,
/content/drive/MyDrive/Calorify/dataset/pizza/pizza_460.jpg,pizza_460.jpg,pizza,.jpg,71.38,512.0,512.0,RGB,JPEG,True,
/content/drive/MyDrive/Calorify/dataset/pizza/pizza_465.jpg,pizza_465.jpg,pizza,.jpg,88.23,512.0,384.0,RGB,JPEG,True,
/content/drive/MyDrive/Calorify/dataset/pizza/pizza_453.jpg,pizza_453.jpg,pizza,.jpg,40.67,512.0,461.0,RGB,JPEG,True,
/content/drive/MyDrive/Calorify/dataset/pizza/pizza_444.jpg,pizza_444.jpg,pizza,.jpg,46.36,512.0,512.0,RGB,JPEG,True,
/content/drive/MyDrive/Calorify/dataset/pizza/pizza_436.jpg,pizza_436.jpg,pizza,.jpg,66.04,512.0,512.0,RGB,JPEG,True,
/content/drive/MyDrive/Calorify/dataset/pizza/pizza_448.jpg,pizza_448.jpg,pizza,.jpg,54.01,512.0,512.0,RGB,JPEG,True,
/content/drive/MyDrive/Calorify/dataset/pizza/pizza_438.jpg,pizza_438.jpg,pizza,.jpg,41.56,384.0,512.0,RGB,JPEG,True,
/content/drive/MyDrive/Calorify/dataset/pizza/pizza_442.jpg,pizza_442.jpg,pizza,.jpg,46.47,382.0,512.0,RGB,JPEG,True,
/content/drive/MyDrive/Calorify/dataset/pizza/pizza_429.jpg,pizza_429.jpg,pizza,.jpg,6495.51,3072.0,4608.0,RGB,JPEG,True,
/content/drive/MyDrive/Calorify/dataset/pizza/pizza_457.jpg,pizza_457.jpg,pizza,.jpg,70.58,512.0,512.0,RGB,JPEG,True,
/content/drive/MyDrive/Calorify/dataset/pizza/pizza_430.jpg,pizza_430.jpg,pizza,.jpg,63.8,512.0,512.0,RGB,JPEG,True,
/content/drive/MyDrive/Calorify/dataset/pizza/pizza_443.jpg,pizza_443.jpg,pizza,.jpg,48.16,512.0,384.0,RGB,JPEG,True,
/content/drive/MyDrive/Calorify/dataset/pizza/pizza_437.jpg,pizza_437.jpg,pizza,.jpg,67.64,512.0,512.0,RGB,JPEG,True,
/content/drive/MyDrive/Calorify/dataset/pizza/pizza_447.jpg,pizza_447.jpg,pizza,.jpg,47.54,382.0,512.0,RGB,JPEG,True,
/content/drive/MyDrive/Calorify/dataset/pizza/pizza_450.jpg,pizza_450.jpg,pizza,.jpg,68.61,512.0,342.0,RGB,JPEG,True,
/content/drive/MyDrive/Calorify/dataset/pizza/pizza_454.jpg,pizza_454.jpg,pizza,.jpg,73.28,512.0,512.0,RGB,JPEG,True,
/content/drive/MyDrive/Calorify/dataset/pizza/pizza_445.jpg,pizza_445.jpg,pizza,.jpg,70.07,512.0,512.0,RGB,JPEG,True,
/content/drive/MyDrive/Calorify/dataset/pizza/pizza_455.jpg,pizza_455.jpg,pizza,.jpg,37.37,512.0,306.0,RGB,JPEG,True,
/content/drive/MyDrive/Calorify/dataset/pizza/pizza_431.jpg,pizza_431.jpg,pizza,.jpg,55.02,512.0,512.0,RGB,JPEG,True,
/content/drive/MyDrive/Calorify/dataset/pizza/pizza_462.jpg,pizza_462.jpg,pizza,.jpg,21.61,249.0,249.0,RGB,JPEG,True,
/content/drive/MyDrive/Calorify/dataset/pizza/pizza_439.jpg,pizza_439.jpg,pizza,.jpg,52.58,512.0,512.0,RGB,JPEG,True,
/content/drive/MyDrive/Calorify/dataset/pizza/pizza_435.jpg,pizza_435.jpg,pizza,.jpg,67.24,512.0,512.0,RGB,JPEG,True,
/content/drive/MyDrive/Calorify/dataset/pizza/pizza_495.jpg,pizza_495.jpg,pizza,.jpg,374.08,1500.0,350.0,RGB,PNG,True,
/content/drive/MyDrive/Calorify/dataset/pizza/pizza_478.jpg,pizza_478.jpg,pizza,.jpg,70.17,512.0,512.0,RGB,JPEG,True,
/content/drive/MyDrive/Calorify/dataset/pizza/pizza_500.jpg,pizza_500.jpg,pizza,.jpg,74.56,512.0,512.0,RGB,JPEG,True,
/content/drive/MyDrive/Calorify/dataset/pizza/pizza_467.jpg,pizza_467.jpg,pizza,.jpg,47.25,512.0,512.0,RGB,JPEG,True,
/content/drive/MyDrive/Calorify/dataset/pizza/pizza_503.jpg,pizza_503.jpg,pizza,.jpg,56.38,512.0,384.0,RGB,JPEG,True,
/content/drive/MyDrive/Calorify/dataset/pizza/pizza_5.jpg,pizza_5.jpg,pizza,.jpg,61.18,512.0,512.0,RGB,JPEG,True,
/content/drive/MyDrive/Calorify/dataset/pizza/pizza_480.jpg,pizza_480.jpg,pizza,.jpg,68.28,512.0,512.0,RGB,JPEG,True,
/content/drive/MyDrive/Calorify/dataset/pizza/pizza_471.jpg,pizza_471.jpg,pizza,.jpg,67.93,512.0,512.0,RGB,JPEG,True,
/content/drive/MyDrive/Calorify/dataset/pizza/pizza_490.jpg,pizza_490.jpg,pizza,.jpg,63.61,512.0,384.0,RGB,JPEG,True,
/content/drive/MyDrive/Calorify/dataset/pizza/pizza_470.jpg,pizza_470.jpg,pizza,.jpg,48.02,512.0,382.0,RGB,JPEG,True,
/content/drive/MyDrive/Calorify/dataset/pizza/pizza_505.jpg,pizza_505.jpg,pizza,.jpg,61.66,512.0,512.0,RGB,JPEG,True,
/content/drive/MyDrive/Calorify/dataset/pizza/pizza_474.jpg,pizza_474.jpg,pizza,.jpg,61.81,512.0,512.0,RGB,JPEG,True,
/content/drive/MyDrive/Calorify/dataset/pizza/pizza_472.jpg,pizza_472.jpg,pizza,.jpg,84.63,512.0,342.0,RGB,JPEG,True,
/content/drive/MyDrive/Calorify/dataset/pizza/pizza_482.jpg,pizza_482.jpg,pizza,.jpg,59.62,512.0,512.0,RGB,JPEG,True,
/content/drive/MyDrive/Calorify/dataset/pizza/pizza_488.jpg,pizza_488.jpg,pizza,.jpg,55.78,384.0,512.0,RGB,JPEG,True,
/content/drive/MyDrive/Calorify/dataset/pizza/pizza_468.jpg,pizza_468.jpg,pizza,.jpg,69.66,512.0,512.0,RGB,JPEG,True,
/content/drive/MyDrive/Calorify/dataset/pizza/pizza_484.jpg,pizza_484.jpg,pizza,.jpg,21.19,217.0,201.0,RGB,JPEG,True,
/content/drive/MyDrive/Calorify/dataset/pizza/pizza_504.jpg,pizza_504.jpg,pizza,.jpg,69.66,512.0,512.0,RGB,JPEG,True,
/content/drive/MyDrive/Calorify/dataset/pizza/pizza_493.jpg,pizza_493.jpg,pizza,.jpg,57.4,512.0,512.0,RGB,JPEG,True,
/content/drive/MyDrive/Calorify/dataset/pizza/pizza_483.jpg,pizza_483.jpg,pizza,.jpg,70.12,512.0,341.0,RGB,JPEG,True,
/content/drive/MyDrive/Calorify/dataset/pizza/pizza_477.jpg,pizza_477.jpg,pizza,.jpg,71.77,512.0,512.0,RGB,JPEG,True,
/content/drive/MyDrive/Calorify/dataset/pizza/pizza_469.jpg,pizza_469.jpg,pizza,.jpg,46.33,512.0,512.0,RGB,JPEG,True,
/content/drive/MyDrive/Calorify/dataset/pizza/pizza_501.jpg,pizza_501.jpg,pizza,.jpg,33.74,512.0,384.0,RGB,JPEG,True,
/content/drive/MyDrive/Calorify/dataset/pizza/pizza_481.jpg,pizza_481.jpg,pizza,.jpg,56.15,512.0,512.0,RGB,JPEG,True,
/content/drive/MyDrive/Calorify/dataset/pizza/pizza_489.jpg,pizza_489.jpg,pizza,.jpg,64.26,512.0,512.0,RGB,JPEG,True,
/content/drive/MyDrive/Calorify/dataset/pizza/pizza_498.jpg,pizza_498.jpg,pizza,.jpg,46.74,512.0,384.0,RGB,JPEG,True,
/content/drive/MyDrive/Calorify/dataset/pizza/pizza_47.jpg,pizza_47.jpg,pizza,.jpg,68.44,512.0,512.0,RGB,JPEG,True,
/content/drive/MyDrive/Calorify/dataset/pizza/pizza_494.jpg,pizza_494.jpg,pizza,.jpg,55.64,512.0,384.0,RGB,JPEG,True,
/content/drive/MyDrive/Calorify/dataset/pizza/pizza_499.jpg,pizza_499.jpg,pizza,.jpg,67.81,512.0,512.0,RGB,JPEG,True,
/content/drive/MyDrive/Calorify/dataset/pizza/pizza_49.jpg,pizza_49.jpg,pizza,.jpg,59.01,512.0,383.0,RGB,JPEG,True,
/content/drive/MyDrive/Calorify/dataset/pizza/pizza_486.jpg,pizza_486.jpg,pizza,.jpg,47.54,512.0,384.0,RGB,JPEG,True,
/content/drive/MyDrive/Calorify/dataset/pizza/pizza_50.jpg,pizza_50.jpg,pizza,.jpg,86.1,512.0,384.0,RGB,JPEG,True,
/content/drive/MyDrive/Calorify/dataset/pizza/pizza_496.jpg,pizza_496.jpg,pizza,.jpg,28.26,512.0,306.0,RGB,JPEG,True,
/content/drive/MyDrive/Calorify/dataset/pizza/pizza_497.jpg,pizza_497.jpg,pizza,.jpg,81.17,512.0,512.0,RGB,JPEG,True,
/content/drive/MyDrive/Calorify/dataset/pizza/pizza_485.jpg,pizza_485.jpg,pizza,.jpg,113.33,512.0,384.0,RGB,JPEG,True,
/content/drive/MyDrive/Calorify/dataset/pizza/pizza_473.jpg,pizza_473.jpg,pizza,.jpg,148.64,1299.0,201.0,RGB,JPEG,True,
/content/drive/MyDrive/Calorify/dataset/pizza/pizza_475.jpg,pizza_475.jpg,pizza,.jpg,54.78,512.0,512.0,RGB,JPEG,True,
/content/drive/MyDrive/Calorify/dataset/pizza/pizza_487.jpg,pizza_487.jpg,pizza,.jpg,87.55,512.0,512.0,RGB,JPEG,True,
/content/drive/MyDrive/Calorify/dataset/pizza/pizza_48.jpg,pizza_48.jpg,pizza,.jpg,61.09,512.0,512.0,RGB,JPEG,True,
/content/drive/MyDrive/Calorify/dataset/pizza/pizza_492.jpg,pizza_492.jpg,pizza,.jpg,50.65,382.0,512.0,RGB,JPEG,True,
/content/drive/MyDrive/Calorify/dataset/pizza/pizza_502.jpg,pizza_502.jpg,pizza,.jpg,60.02,512.0,512.0,RGB,JPEG,True,
/content/drive/MyDrive/Calorify/dataset/pizza/pizza_479.jpg,pizza_479.jpg,pizza,.jpg,48.83,382.0,512.0,RGB,JPEG,True,
/content/drive/MyDrive/Calorify/dataset/pizza/pizza_491.jpg,pizza_491.jpg,pizza,.jpg,55.0,512.0,512.0,RGB,JPEG,True,
/content/drive/MyDrive/Calorify/dataset/pizza/pizza_476.jpg,pizza_476.jpg,pizza,.jpg,43.3,512.0,512.0,RGB,JPEG,True,
/content/drive/MyDrive/Calorify/dataset/pizza/pizza_540.jpg,pizza_540.jpg,pizza,.jpg,18.59,249.0,180.0,RGB,JPEG,True,
/content/drive/MyDrive/Calorify/dataset/pizza/pizza_511.jpg,pizza_511.jpg,pizza,.jpg,64.94,512.0,512.0,RGB,JPEG,True,
/content/drive/MyDrive/Calorify/dataset/pizza/pizza_518.jpg,pizza_518.jpg,pizza,.jpg,16.03,229.0,180.0,RGB,JPEG,True,
/content/drive/MyDrive/Calorify/dataset/pizza/pizza_507.jpg,pizza_507.jpg,pizza,.jpg,7.65,261.0,180.0,RGB,JPEG,True,
/content/drive/MyDrive/Calorify/dataset/pizza/pizza_543.jpg,pizza_543.jpg,pizza,.jpg,53.46,512.0,512.0,RGB,JPEG,True,
/content/drive/MyDrive/Calorify/dataset/pizza/pizza_51.jpg,pizza_51.jpg,pizza,.jpg,81.48,512.0,512.0,RGB,JPEG,True,
/content/drive/MyDrive/Calorify/dataset/pizza/pizza_54.jpg,pizza_54.jpg,pizza,.jpg,55.63,512.0,512.0,RGB,JPEG,True,
/content/drive/MyDrive/Calorify/dataset/pizza/pizza_536.jpg,pizza_536.jpg,pizza,.jpg,50.63,382.0,512.0,RGB,JPEG,True,
/content/drive/MyDrive/Calorify/dataset/pizza/pizza_526.jpg,pizza_526.jpg,pizza,.jpg,64.78,512.0,512.0,RGB,JPEG,True,
/content/drive/MyDrive/Calorify/dataset/pizza/pizza_533.jpg,pizza_533.jpg,pizza,.jpg,65.74,512.0,512.0,RGB,JPEG,True,
/content/drive/MyDrive/Calorify/dataset/pizza/pizza_514.jpg,pizza_514.jpg,pizza,.jpg,40.41,383.0,512.0,RGB,JPEG,True,
/content/drive/MyDrive/Calorify/dataset/pizza/pizza_527.jpg,pizza_527.jpg,pizza,.jpg,38.04,512.0,384.0,RGB,JPEG,True,
/content/drive/MyDrive/Calorify/dataset/pizza/pizza_539.jpg,pizza_539.jpg,pizza,.jpg,48.83,512.0,384.0,RGB,JPEG,True,
/content/drive/MyDrive/Calorify/dataset/pizza/pizza_532.jpg,pizza_532.jpg,pizza,.jpg,79.98,512.0,512.0,RGB,JPEG,True,
/content/drive/MyDrive/Calorify/dataset/pizza/pizza_525.jpg,pizza_525.jpg,pizza,.jpg,49.53,384.0,512.0,RGB,JPEG,True,
/content/drive/MyDrive/Calorify/dataset/pizza/pizza_521.jpg,pizza_521.jpg,pizza,.jpg,58.39,512.0,382.0,RGB,JPEG,True,
/content/drive/MyDrive/Calorify/dataset/pizza/pizza_509.jpg,pizza_509.jpg,pizza,.jpg,45.38,512.0,384.0,RGB,JPEG,True,
/content/drive/MyDrive/Calorify/dataset/pizza/pizza_541.jpg,pizza_541.jpg,pizza,.jpg,58.81,512.0,512.0,RGB,JPEG,True,
/content/drive/MyDrive/Calorify/dataset/pizza/pizza_531.jpg,pizza_531.jpg,pizza,.jpg,49.99,512.0,512.0,RGB,JPEG,True,
/content/drive/MyDrive/Calorify/dataset/pizza/pizza_516.jpg,pizza_516.jpg,pizza,.jpg,47.52,512.0,384.0,RGB,JPEG,True,
/content/drive/MyDrive/Calorify/dataset/pizza/pizza_52.jpg,pizza_52.jpg,pizza,.jpg,39.61,384.0,512.0,RGB,JPEG,True,
/content/drive/MyDrive/Calorify/dataset/pizza/pizza_538.jpg,pizza_538.jpg,pizza,.jpg,49.64,512.0,384.0,RGB,JPEG,True,
/content/drive/MyDrive/Calorify/dataset/pizza/pizza_534.jpg,pizza_534.jpg,pizza,.jpg,36.4,384.0,512.0,RGB,JPEG,True,
/content/drive/MyDrive/Calorify/dataset/pizza/pizza_520.jpg,pizza_520.jpg,pizza,.jpg,56.54,512.0,512.0,RGB,JPEG,True,
/content/drive/MyDrive/Calorify/dataset/pizza/pizza_529.jpg,pizza_529.jpg,pizza,.jpg,6.65,115.0,180.0,RGB,JPEG,True,
/content/drive/MyDrive/Calorify/dataset/pizza/pizza_530.jpg,pizza_530.jpg,pizza,.jpg,58.86,512.0,512.0,RGB,JPEG,True,
/content/drive/MyDrive/Calorify/dataset/pizza/pizza_508.jpg,pizza_508.jpg,pizza,.jpg,39.09,512.0,512.0,RGB,JPEG,True,
/content/drive/MyDrive/Calorify/dataset/pizza/pizza_523.jpg,pizza_523.jpg,pizza,.jpg,78.51,512.0,512.0,RGB,JPEG,True,
/content/drive/MyDrive/Calorify/dataset/pizza/pizza_53.jpg,pizza_53.jpg,pizza,.jpg,37.81,512.0,384.0,RGB,JPEG,True,
/content/drive/MyDrive/Calorify/dataset/pizza/pizza_519.jpg,pizza_519.jpg,pizza,.jpg,69.5,512.0,512.0,RGB,JPEG,True,
/content/drive/MyDrive/Calorify/dataset/pizza/pizza_517.jpg,pizza_517.jpg,pizza,.jpg,67.83,512.0,512.0,RGB,JPEG,True,
/content/drive/MyDrive/Calorify/dataset/pizza/pizza_542.jpg,pizza_542.jpg,pizza,.jpg,64.68,512.0,512.0,RGB,JPEG,True,
/content/drive/MyDrive/Calorify/dataset/pizza/pizza_510.jpg,pizza_510.jpg,pizza,.jpg,16.47,289.0,512.0,RGB,JPEG,True,
/content/drive/MyDrive/Calorify/dataset/pizza/pizza_522.jpg,pizza_522.jpg,pizza,.jpg,65.36,512.0,512.0,RGB,JPEG,True,
/content/drive/MyDrive/Calorify/dataset/pizza/pizza_515.jpg,pizza_515.jpg,pizza,.jpg,61.64,382.0,512.0,RGB,JPEG,True,
/content/drive/MyDrive/Calorify/dataset/pizza/pizza_537.jpg,pizza_537.jpg,pizza,.jpg,52.08,512.0,512.0,RGB,JPEG,True,
/content/drive/MyDrive/Calorify/dataset/pizza/pizza_513.jpg,pizza_513.jpg,pizza,.jpg,41.1,512.0,384.0,RGB,JPEG,True,
/content/drive/MyDrive/Calorify/dataset/pizza/pizza_524.jpg,pizza_524.jpg,pizza,.jpg,95.09,512.0,384.0,RGB,JPEG,True,
/content/drive/MyDrive/Calorify/dataset/pizza/pizza_506.jpg,pizza_506.jpg,pizza,.jpg,9.33,194.0,180.0,RGB,JPEG,True,
/content/drive/MyDrive/Calorify/dataset/pizza/pizza_512.jpg,pizza_512.jpg,pizza,.jpg,31.79,512.0,341.0,RGB,JPEG,True,
/content/drive/MyDrive/Calorify/dataset/pizza/pizza_535.jpg,pizza_535.jpg,pizza,.jpg,45.96,512.0,382.0,RGB,JPEG,True,
/content/drive/MyDrive/Calorify/dataset/pizza/pizza_528.jpg,pizza_528.jpg,pizza,.jpg,62.12,512.0,512.0,RGB,JPEG,True,
/content/drive/MyDrive/Calorify/dataset/pizza/pizza_576.jpg,pizza_576.jpg,pizza,.jpg,52.92,512.0,512.0,RGB,JPEG,True,
/content/drive/MyDrive/Calorify/dataset/pizza/pizza_554.jpg,pizza_554.jpg,pizza,.jpg,49.9,512.0,512.0,RGB,JPEG,True,
/content/drive/MyDrive/Calorify/dataset/pizza/pizza_558.jpg,pizza_558.jpg,pizza,.jpg,61.04,512.0,512.0,RGB,JPEG,True,
/content/drive/MyDrive/Calorify/dataset/pizza/pizza_581.jpg,pizza_581.jpg,pizza,.jpg,56.32,512.0,512.0,RGB,JPEG,True,
/content/drive/MyDrive/Calorify/dataset/pizza/pizza_573.jpg,pizza_573.jpg,pizza,.jpg,5.64,119.0,180.0,RGB,JPEG,True,
/content/drive/MyDrive/Calorify/dataset/pizza/pizza_579.jpg,pizza_579.jpg,pizza,.jpg,60.24,512.0,512.0,RGB,JPEG,True,
/content/drive/MyDrive/Calorify/dataset/pizza/pizza_577.jpg,pizza_577.jpg,pizza,.jpg,52.45,384.0,512.0,RGB,JPEG,True,
/content/drive/MyDrive/Calorify/dataset/pizza/pizza_564.jpg,pizza_564.jpg,pizza,.jpg,33.01,512.0,289.0,RGB,JPEG,True,
/content/drive/MyDrive/Calorify/dataset/pizza/pizza_569.jpg,pizza_569.jpg,pizza,.jpg,68.4,512.0,512.0,RGB,JPEG,True,
/content/drive/MyDrive/Calorify/dataset/pizza/pizza_555.jpg,pizza_555.jpg,pizza,.jpg,40.98,512.0,512.0,RGB,JPEG,True,
/content/drive/MyDrive/Calorify/dataset/pizza/pizza_544.jpg,pizza_544.jpg,pizza,.jpg,68.9,512.0,512.0,RGB,JPEG,True,
/content/drive/MyDrive/Calorify/dataset/pizza/pizza_557.jpg,pizza_557.jpg,pizza,.jpg,77.15,512.0,512.0,RGB,JPEG,True,
/content/drive/MyDrive/Calorify/dataset/pizza/pizza_556.jpg,pizza_556.jpg,pizza,.jpg,51.66,512.0,342.0,RGB,JPEG,True,
/content/drive/MyDrive/Calorify/dataset/pizza/pizza_553.jpg,pizza_553.jpg,pizza,.jpg,71.64,512.0,388.0,RGB,JPEG,True,
/content/drive/MyDrive/Calorify/dataset/pizza/pizza_568.jpg,pizza_568.jpg,pizza,.jpg,67.37,512.0,512.0,RGB,JPEG,True,
/content/drive/MyDrive/Calorify/dataset/pizza/pizza_547.jpg,pizza_547.jpg,pizza,.jpg,50.39,384.0,512.0,RGB,JPEG,True,
/content/drive/MyDrive/Calorify/dataset/pizza/pizza_572.jpg,pizza_572.jpg,pizza,.jpg,41.51,512.0,512.0,RGB,JPEG,True,
/content/drive/MyDrive/Calorify/dataset/pizza/pizza_559.jpg,pizza_559.jpg,pizza,.jpg,62.85,511.0,512.0,RGB,JPEG,True,
/content/drive/MyDrive/Calorify/dataset/pizza/pizza_578.jpg,pizza_578.jpg,pizza,.jpg,58.6,512.0,512.0,RGB,JPEG,True,
/content/drive/MyDrive/Calorify/dataset/pizza/pizza_567.jpg,pizza_567.jpg,pizza,.jpg,54.31,512.0,512.0,RGB,JPEG,True,
/content/drive/MyDrive/Calorify/dataset/pizza/pizza_560.jpg,pizza_560.jpg,pizza,.jpg,63.19,382.0,512.0,RGB,JPEG,True,
/content/drive/MyDrive/Calorify/dataset/pizza/pizza_57.jpg,pizza_57.jpg,pizza,.jpg,83.0,512.0,384.0,RGB,JPEG,True,
/content/drive/MyDrive/Calorify/dataset/pizza/pizza_548.jpg,pizza_548.jpg,pizza,.jpg,65.37,512.0,512.0,RGB,JPEG,True,
/content/drive/MyDrive/Calorify/dataset/pizza/pizza_546.jpg,pizza_546.jpg,pizza,.jpg,59.34,512.0,341.0,RGB,JPEG,True,
/content/drive/MyDrive/Calorify/dataset/pizza/pizza_56.jpg,pizza_56.jpg,pizza,.jpg,61.47,512.0,384.0,RGB,JPEG,True,
/content/drive/MyDrive/Calorify/dataset/pizza/pizza_551.jpg,pizza_551.jpg,pizza,.jpg,210.25,1470.0,980.0,RGB,JPEG,True,
/content/drive/MyDrive/Calorify/dataset/pizza/pizza_563.jpg,pizza_563.jpg,pizza,.jpg,39.2,512.0,512.0,RGB,JPEG,True,
/content/drive/MyDrive/Calorify/dataset/pizza/pizza_550.jpg,pizza_550.jpg,pizza,.jpg,34.21,287.0,512.0,RGB,JPEG,True,
/content/drive/MyDrive/Calorify/dataset/pizza/pizza_571.jpg,pizza_571.jpg,pizza,.jpg,53.02,512.0,512.0,RGB,JPEG,True,
/content/drive/MyDrive/Calorify/dataset/pizza/pizza_55.jpg,pizza_55.jpg,pizza,.jpg,38.64,512.0,306.0,RGB,JPEG,True,
/content/drive/MyDrive/Calorify/dataset/pizza/pizza_549.jpg,pizza_549.jpg,pizza,.jpg,71.92,512.0,384.0,RGB,JPEG,True,
/content/drive/MyDrive/Calorify/dataset/pizza/pizza_565.jpg,pizza_565.jpg,pizza,.jpg,63.29,512.0,512.0,RGB,JPEG,True,
/content/drive/MyDrive/Calorify/dataset/pizza/pizza_552.jpg,pizza_552.jpg,pizza,.jpg,70.4,512.0,512.0,RGB,JPEG,True,
/content/drive/MyDrive/Calorify/dataset/pizza/pizza_58.jpg,pizza_58.jpg,pizza,.jpg,64.75,512.0,384.0,RGB,JPEG,True,
/content/drive/MyDrive/Calorify/dataset/pizza/pizza_575.jpg,pizza_575.jpg,pizza,.jpg,61.65,512.0,384.0,RGB,JPEG,True,
/content/drive/MyDrive/Calorify/dataset/pizza/pizza_566.jpg,pizza_566.jpg,pizza,.jpg,51.08,384.0,512.0,RGB,JPEG,True,
/content/drive/MyDrive/Calorify/dataset/pizza/pizza_580.jpg,pizza_580.jpg,pizza,.jpg,53.15,512.0,382.0,RGB,JPEG,True,
/content/drive/MyDrive/Calorify/dataset/pizza/pizza_570.jpg,pizza_570.jpg,pizza,.jpg,35.14,512.0,289.0,RGB,JPEG,True,
/content/drive/MyDrive/Calorify/dataset/pizza/pizza_545.jpg,pizza_545.jpg,pizza,.jpg,62.16,512.0,512.0,RGB,JPEG,True,
/content/drive/MyDrive/Calorify/dataset/pizza/pizza_561.jpg,pizza_561.jpg,pizza,.jpg,43.7,384.0,512.0,RGB,JPEG,True,
/content/drive/MyDrive/Calorify/dataset/pizza/pizza_562.jpg,pizza_562.jpg,pizza,.jpg,15.07,237.0,180.0,RGB,JPEG,True,
/content/drive/MyDrive/Calorify/dataset/pizza/pizza_574.jpg,pizza_574.jpg,pizza,.jpg,54.25,512.0,512.0,RGB,JPEG,True,
/content/drive/MyDrive/Calorify/dataset/pizza/pizza_590.jpg,pizza_590.jpg,pizza,.jpg,72.61,512.0,512.0,RGB,JPEG,True,
/content/drive/MyDrive/Calorify/dataset/pizza/pizza_587.jpg,pizza_587.jpg,pizza,.jpg,63.46,512.0,512.0,RGB,JPEG,True,
/content/drive/MyDrive/Calorify/dataset/pizza/pizza_600.jpg,pizza_600.jpg,pizza,.jpg,48.01,512.0,512.0,RGB,JPEG,True,
/content/drive/MyDrive/Calorify/dataset/pizza/pizza_60.jpg,pizza_60.jpg,pizza,.jpg,69.76,424.0,512.0,RGB,JPEG,True,
/content/drive/MyDrive/Calorify/dataset/pizza/pizza_59.jpg,pizza_59.jpg,pizza,.jpg,37.39,512.0,342.0,RGB,JPEG,True,
/content/drive/MyDrive/Calorify/dataset/pizza/pizza_599.jpg,pizza_599.jpg,pizza,.jpg,46.29,512.0,384.0,RGB,JPEG,True,
/content/drive/MyDrive/Calorify/dataset/pizza/pizza_609.jpg,pizza_609.jpg,pizza,.jpg,51.48,512.0,512.0,RGB,JPEG,True,
/content/drive/MyDrive/Calorify/dataset/pizza/pizza_588.jpg,pizza_588.jpg,pizza,.jpg,40.5,512.0,384.0,RGB,JPEG,True,
/content/drive/MyDrive/Calorify/dataset/pizza/pizza_593.jpg,pizza_593.jpg,pizza,.jpg,66.0,512.0,512.0,RGB,JPEG,True,
/content/drive/MyDrive/Calorify/dataset/pizza/pizza_583.jpg,pizza_583.jpg,pizza,.jpg,68.94,512.0,512.0,RGB,JPEG,True,
/content/drive/MyDrive/Calorify/dataset/pizza/pizza_610.jpg,pizza_610.jpg,pizza,.jpg,57.77,512.0,512.0,RGB,JPEG,True,
/content/drive/MyDrive/Calorify/dataset/pizza/pizza_602.jpg,pizza_602.jpg,pizza,.jpg,60.25,512.0,512.0,RGB,JPEG,True,
/content/drive/MyDrive/Calorify/dataset/pizza/pizza_613.jpg,pizza_613.jpg,pizza,.jpg,77.94,512.0,384.0,RGB,JPEG,True,
/content/drive/MyDrive/Calorify/dataset/pizza/pizza_601.jpg,pizza_601.jpg,pizza,.jpg,62.18,512.0,384.0,RGB,JPEG,True,
/content/drive/MyDrive/Calorify/dataset/pizza/pizza_589.jpg,pizza_589.jpg,pizza,.jpg,44.69,512.0,512.0,RGB,JPEG,True,
/content/drive/MyDrive/Calorify/dataset/pizza/pizza_591.jpg,pizza_591.jpg,pizza,.jpg,59.23,512.0,384.0,RGB,JPEG,True,
/content/drive/MyDrive/Calorify/dataset/pizza/pizza_611.jpg,pizza_611.jpg,pizza,.jpg,90.04,512.0,512.0,RGB,JPEG,True,
/content/drive/MyDrive/Calorify/dataset/pizza/pizza_615.jpg,pizza_615.jpg,pizza,.jpg,39.7,512.0,384.0,RGB,JPEG,True,
/content/drive/MyDrive/Calorify/dataset/pizza/pizza_603.jpg,pizza_603.jpg,pizza,.jpg,48.31,512.0,384.0,RGB,JPEG,True,
/content/drive/MyDrive/Calorify/dataset/pizza/pizza_608.jpg,pizza_608.jpg,pizza,.jpg,51.03,512.0,384.0,RGB,JPEG,True,
/content/drive/MyDrive/Calorify/dataset/pizza/pizza_61.jpg,pizza_61.jpg,pizza,.jpg,57.99,512.0,384.0,RGB,JPEG,True,
/content/drive/MyDrive/Calorify/dataset/pizza/pizza_597.jpg,pizza_597.jpg,pizza,.jpg,56.72,512.0,384.0,RGB,JPEG,True,
/content/drive/MyDrive/Calorify/dataset/pizza/pizza_614.jpg,pizza_614.jpg,pizza,.jpg,41.01,512.0,384.0,RGB,JPEG,True,
/content/drive/MyDrive/Calorify/dataset/pizza/pizza_607.jpg,pizza_607.jpg,pizza,.jpg,56.54,512.0,512.0,RGB,JPEG,True,
/content/drive/MyDrive/Calorify/dataset/pizza/pizza_586.jpg,pizza_586.jpg,pizza,.jpg,73.08,512.0,512.0,RGB,JPEG,True,
/content/drive/MyDrive/Calorify/dataset/pizza/pizza_584.jpg,pizza_584.jpg,pizza,.jpg,22.8,500.0,333.0,RGB,JPEG,True,
/content/drive/MyDrive/Calorify/dataset/pizza/pizza_596.jpg,pizza_596.jpg,pizza,.jpg,70.76,512.0,512.0,RGB,JPEG,True,
/content/drive/MyDrive/Calorify/dataset/pizza/pizza_582.jpg,pizza_582.jpg,pizza,.jpg,57.78,512.0,512.0,RGB,JPEG,True,
/content/drive/MyDrive/Calorify/dataset/pizza/pizza_595.jpg,pizza_595.jpg,pizza,.jpg,77.3,626.0,352.0,RGB,JPEG,True,
/content/drive/MyDrive/Calorify/dataset/pizza/pizza_594.jpg,pizza_594.jpg,pizza,.jpg,71.93,512.0,512.0,RGB,JPEG,True,
/content/drive/MyDrive/Calorify/dataset/pizza/pizza_585.jpg,pizza_585.jpg,pizza,.jpg,52.9,512.0,512.0,RGB,JPEG,True,
/content/drive/MyDrive/Calorify/dataset/pizza/pizza_598.jpg,pizza_598.jpg,pizza,.jpg,59.99,512.0,384.0,RGB,JPEG,True,
/content/drive/MyDrive/Calorify/dataset/pizza/pizza_592.jpg,pizza_592.jpg,pizza,.jpg,38.95,512.0,384.0,RGB,JPEG,True,
/content/drive/MyDrive/Calorify/dataset/pizza/pizza_616.jpg,pizza_616.jpg,pizza,.jpg,64.27,382.0,512.0,RGB,JPEG,True,
/content/drive/MyDrive/Calorify/dataset/pizza/pizza_605.jpg,pizza_605.jpg,pizza,.jpg,50.08,384.0,512.0,RGB,JPEG,True,
/content/drive/MyDrive/Calorify/dataset/pizza/pizza_606.jpg,pizza_606.jpg,pizza,.jpg,92.09,800.0,600.0,RGB,JPEG,True,
/content/drive/MyDrive/Calorify/dataset/pizza/pizza_6.jpg,pizza_6.jpg,pizza,.jpg,73.86,512.0,512.0,RGB,JPEG,True,
/content/drive/MyDrive/Calorify/dataset/pizza/pizza_612.jpg,pizza_612.jpg,pizza,.jpg,82.76,512.0,512.0,RGB,JPEG,True,
/content/drive/MyDrive/Calorify/dataset/pizza/pizza_604.jpg,pizza_604.jpg,pizza,.jpg,22.38,512.0,384.0,RGB,JPEG,True,
/content/drive/MyDrive/Calorify/dataset/pizza/pizza_64.jpg,pizza_64.jpg,pizza,.jpg,41.02,512.0,383.0,RGB,JPEG,True,
/content/drive/MyDrive/Calorify/dataset/pizza/pizza_641.jpg,pizza_641.jpg,pizza,.jpg,35.62,382.0,512.0,RGB,JPEG,True,
/content/drive/MyDrive/Calorify/dataset/pizza/pizza_629.jpg,pizza_629.jpg,pizza,.jpg,14.69,323.0,180.0,RGB,JPEG,True,
/content/drive/MyDrive/Calorify/dataset/pizza/pizza_623.jpg,pizza_623.jpg,pizza,.jpg,54.59,512.0,512.0,RGB,JPEG,True,
/content/drive/MyDrive/Calorify/dataset/pizza/pizza_653.jpg,pizza_653.jpg,pizza,.jpg,39.01,382.0,512.0,RGB,JPEG,True,
/content/drive/MyDrive/Calorify/dataset/pizza/pizza_65.jpg,pizza_65.jpg,pizza,.jpg,33.64,307.0,512.0,RGB,JPEG,True,
/content/drive/MyDrive/Calorify/dataset/pizza/pizza_635.jpg,pizza_635.jpg,pizza,.jpg,61.26,512.0,512.0,RGB,JPEG,True,
/content/drive/MyDrive/Calorify/dataset/pizza/pizza_634.jpg,pizza_634.jpg,pizza,.jpg,132.53,512.0,512.0,RGB,JPEG,True,
/content/drive/MyDrive/Calorify/dataset/pizza/pizza_645.jpg,pizza_645.jpg,pizza,.jpg,43.58,384.0,512.0,RGB,JPEG,True,
/content/drive/MyDrive/Calorify/dataset/pizza/pizza_626.jpg,pizza_626.jpg,pizza,.jpg,53.08,512.0,384.0,RGB,JPEG,True,
/content/drive/MyDrive/Calorify/dataset/pizza/pizza_622.jpg,pizza_622.jpg,pizza,.jpg,30.18,384.0,512.0,RGB,JPEG,True,
/content/drive/MyDrive/Calorify/dataset/pizza/pizza_618.jpg,pizza_618.jpg,pizza,.jpg,90.12,626.0,626.0,RGB,JPEG,True,
/content/drive/MyDrive/Calorify/dataset/pizza/pizza_620.jpg,pizza_620.jpg,pizza,.jpg,51.41,512.0,512.0,RGB,JPEG,True,
/content/drive/MyDrive/Calorify/dataset/pizza/pizza_627.jpg,pizza_627.jpg,pizza,.jpg,68.11,512.0,512.0,RGB,JPEG,True,
/content/drive/MyDrive/Calorify/dataset/pizza/pizza_625.jpg,pizza_625.jpg,pizza,.jpg,57.57,512.0,512.0,RGB,JPEG,True,
/content/drive/MyDrive/Calorify/dataset/pizza/pizza_633.jpg,pizza_633.jpg,pizza,.jpg,50.08,512.0,512.0,RGB,JPEG,True,
/content/drive/MyDrive/Calorify/dataset/pizza/pizza_631.jpg,pizza_631.jpg,pizza,.jpg,75.15,512.0,512.0,RGB,JPEG,True,
/content/drive/MyDrive/Calorify/dataset/pizza/pizza_650.jpg,pizza_650.jpg,pizza,.jpg,34.04,512.0,289.0,RGB,JPEG,True,
/content/drive/MyDrive/Calorify/dataset/pizza/pizza_649.jpg,pizza_649.jpg,pizza,.jpg,50.54,512.0,512.0,RGB,JPEG,True,
/content/drive/MyDrive/Calorify/dataset/pizza/pizza_640.jpg,pizza_640.jpg,pizza,.jpg,54.05,626.0,358.0,RGB,JPEG,True,
/content/drive/MyDrive/Calorify/dataset/pizza/pizza_652.jpg,pizza_652.jpg,pizza,.jpg,59.17,512.0,512.0,RGB,JPEG,True,
/content/drive/MyDrive/Calorify/dataset/pizza/pizza_647.jpg,pizza_647.jpg,pizza,.jpg,55.24,512.0,512.0,RGB,JPEG,True,
/content/drive/MyDrive/Calorify/dataset/pizza/pizza_646.jpg,pizza_646.jpg,pizza,.jpg,58.48,512.0,512.0,RGB,JPEG,True,
/content/drive/MyDrive/Calorify/dataset/pizza/pizza_637.jpg,pizza_637.jpg,pizza,.jpg,54.4,512.0,384.0,RGB,JPEG,True,
/content/drive/MyDrive/Calorify/dataset/pizza/pizza_630.jpg,pizza_630.jpg,pizza,.jpg,49.62,384.0,512.0,RGB,JPEG,True,
/content/drive/MyDrive/Calorify/dataset/pizza/pizza_62.jpg,pizza_62.jpg,pizza,.jpg,41.62,512.0,384.0,RGB,JPEG,True,
/content/drive/MyDrive/Calorify/dataset/pizza/pizza_632.jpg,pizza_632.jpg,pizza,.jpg,55.83,512.0,512.0,RGB,JPEG,True,
/content/drive/MyDrive/Calorify/dataset/pizza/pizza_639.jpg,pizza_639.jpg,pizza,.jpg,60.28,512.0,512.0,RGB,JPEG,True,
/content/drive/MyDrive/Calorify/dataset/pizza/pizza_63.jpg,pizza_63.jpg,pizza,.jpg,53.32,307.0,512.0,RGB,JPEG,True,
/content/drive/MyDrive/Calorify/dataset/pizza/pizza_621.jpg,pizza_621.jpg,pizza,.jpg,59.51,512.0,512.0,RGB,JPEG,True,
/content/drive/MyDrive/Calorify/dataset/pizza/pizza_642.jpg,pizza_642.jpg,pizza,.jpg,40.76,384.0,512.0,RGB,JPEG,True,
/content/drive/MyDrive/Calorify/dataset/pizza/pizza_651.jpg,pizza_651.jpg,pizza,.jpg,108.4,992.0,661.0,RGB,JPEG,True,
/content/drive/MyDrive/Calorify/dataset/pizza/pizza_617.jpg,pizza_617.jpg,pizza,.jpg,378.5,1080.0,1080.0,RGB,JPEG,True,
/content/drive/MyDrive/Calorify/dataset/pizza/pizza_643.jpg,pizza_643.jpg,pizza,.jpg,53.52,512.0,512.0,RGB,JPEG,True,
/content/drive/MyDrive/Calorify/dataset/pizza/pizza_636.jpg,pizza_636.jpg,pizza,.jpg,59.21,512.0,512.0,RGB,JPEG,True,
/content/drive/MyDrive/Calorify/dataset/pizza/pizza_648.jpg,pizza_648.jpg,pizza,.jpg,68.35,512.0,512.0,RGB,JPEG,True,
/content/drive/MyDrive/Calorify/dataset/pizza/pizza_619.jpg,pizza_619.jpg,pizza,.jpg,69.25,512.0,512.0,RGB,JPEG,True,
/content/drive/MyDrive/Calorify/dataset/pizza/pizza_644.jpg,pizza_644.jpg,pizza,.jpg,23.94,289.0,512.0,RGB,JPEG,True,
/content/drive/MyDrive/Calorify/dataset/pizza/pizza_638.jpg,pizza_638.jpg,pizza,.jpg,62.72,512.0,512.0,RGB,JPEG,True,
/content/drive/MyDrive/Calorify/dataset/pizza/pizza_628.jpg,pizza_628.jpg,pizza,.jpg,81.04,512.0,512.0,RGB,JPEG,True,
/content/drive/MyDrive/Calorify/dataset/pizza/pizza_624.jpg,pizza_624.jpg,pizza,.jpg,37.12,382.0,512.0,RGB,JPEG,True,
/content/drive/MyDrive/Calorify/dataset/pizza/pizza_654.jpg,pizza_654.jpg,pizza,.jpg,58.64,512.0,512.0,RGB,JPEG,True,
/content/drive/MyDrive/Calorify/dataset/pizza/pizza_67 (1).jpg,pizza_67 (1).jpg,pizza,.jpg,41.0,512.0,385.0,RGB,JPEG,True,
/content/drive/MyDrive/Calorify/dataset/pizza/pizza_68.jpg,pizza_68.jpg,pizza,.jpg,38.8,384.0,512.0,RGB,JPEG,True,
/content/drive/MyDrive/Calorify/dataset/pizza/pizza_663 (1).jpg,pizza_663 (1).jpg,pizza,.jpg,44.37,512.0,384.0,RGB,JPEG,True,
/content/drive/MyDrive/Calorify/dataset/pizza/pizza_691.jpg,pizza_691.jpg,pizza,.jpg,68.24,512.0,384.0,RGB,JPEG,True,
/content/drive/MyDrive/Calorify/dataset/pizza/pizza_669 (1).jpg,pizza_669 (1).jpg,pizza,.jpg,40.24,384.0,512.0,RGB,JPEG,True,
/content/drive/MyDrive/Calorify/dataset/pizza/pizza_664 (1).jpg,pizza_664 (1).jpg,pizza,.jpg,73.02,512.0,512.0,RGB,JPEG,True,
/content/drive/MyDrive/Calorify/dataset/pizza/pizza_668 (1).jpg,pizza_668 (1).jpg,pizza,.jpg,51.22,512.0,382.0,RGB,JPEG,True,
/content/drive/MyDrive/Calorify/dataset/pizza/pizza_667 (1).jpg,pizza_667 (1).jpg,pizza,.jpg,54.67,512.0,512.0,RGB,JPEG,True,
/content/drive/MyDrive/Calorify/dataset/pizza/pizza_687.jpg,pizza_687.jpg,pizza,.jpg,69.98,512.0,511.0,RGB,JPEG,True,
/content/drive/MyDrive/Calorify/dataset/pizza/pizza_678.jpg,pizza_678.jpg,pizza,.jpg,61.1,512.0,512.0,RGB,JPEG,True,
/content/drive/MyDrive/Calorify/dataset/pizza/pizza_69.jpg,pizza_69.jpg,pizza,.jpg,142.46,512.0,512.0,RGB,JPEG,True,
/content/drive/MyDrive/Calorify/dataset/pizza/pizza_656.jpg,pizza_656.jpg,pizza,.jpg,115.43,512.0,341.0,RGB,JPEG,True,
/content/drive/MyDrive/Calorify/dataset/pizza/pizza_664.jpg,pizza_664.jpg,pizza,.jpg,73.02,512.0,512.0,RGB,JPEG,True,
/content/drive/MyDrive/Calorify/dataset/pizza/pizza_655.jpg,pizza_655.jpg,pizza,.jpg,63.7,512.0,384.0,RGB,JPEG,True,
/content/drive/MyDrive/Calorify/dataset/pizza/pizza_66 (1).jpg,pizza_66 (1).jpg,pizza,.jpg,67.13,512.0,512.0,RGB,JPEG,True,
/content/drive/MyDrive/Calorify/dataset/pizza/pizza_689.jpg,pizza_689.jpg,pizza,.jpg,48.57,512.0,512.0,RGB,JPEG,True,
/content/drive/MyDrive/Calorify/dataset/pizza/pizza_667.jpg,pizza_667.jpg,pizza,.jpg,54.67,512.0,512.0,RGB,JPEG,True,
/content/drive/MyDrive/Calorify/dataset/pizza/pizza_662 (1).jpg,pizza_662 (1).jpg,pizza,.jpg,167.01,1512.0,980.0,RGB,JPEG,True,
/content/drive/MyDrive/Calorify/dataset/pizza/pizza_663.jpg,pizza_663.jpg,pizza,.jpg,44.37,512.0,384.0,RGB,JPEG,True,
/content/drive/MyDrive/Calorify/dataset/pizza/pizza_680.jpg,pizza_680.jpg,pizza,.jpg,37.79,512.0,384.0,RGB,JPEG,True,
/content/drive/MyDrive/Calorify/dataset/pizza/pizza_675.jpg,pizza_675.jpg,pizza,.jpg,42.92,382.0,512.0,RGB,JPEG,True,
/content/drive/MyDrive/Calorify/dataset/pizza/pizza_666 (1).jpg,pizza_666 (1).jpg,pizza,.jpg,52.0,508.0,512.0,RGB,JPEG,True,
/content/drive/MyDrive/Calorify/dataset/pizza/pizza_67.jpg,pizza_67.jpg,pizza,.jpg,41.0,512.0,385.0,RGB,JPEG,True,
/content/drive/MyDrive/Calorify/dataset/pizza/pizza_685.jpg,pizza_685.jpg,pizza,.jpg,50.38,512.0,382.0,RGB,JPEG,True,
/content/drive/MyDrive/Calorify/dataset/pizza/pizza_674.jpg,pizza_674.jpg,pizza,.jpg,46.72,384.0,512.0,RGB,JPEG,True,
/content/drive/MyDrive/Calorify/dataset/pizza/pizza_676.jpg,pizza_676.jpg,pizza,.jpg,67.58,384.0,512.0,RGB,JPEG,True,
/content/drive/MyDrive/Calorify/dataset/pizza/pizza_658.jpg,pizza_658.jpg,pizza,.jpg,54.0,512.0,512.0,RGB,JPEG,True,
/content/drive/MyDrive/Calorify/dataset/pizza/pizza_686.jpg,pizza_686.jpg,pizza,.jpg,44.19,512.0,512.0,RGB,JPEG,True,
/content/drive/MyDrive/Calorify/dataset/pizza/pizza_666.jpg,pizza_666.jpg,pizza,.jpg,52.0,508.0,512.0,RGB,JPEG,True,
/content/drive/MyDrive/Calorify/dataset/pizza/pizza_677.jpg,pizza_677.jpg,pizza,.jpg,67.31,512.0,512.0,RGB,JPEG,True,
/content/drive/MyDrive/Calorify/dataset/pizza/pizza_669.jpg,pizza_669.jpg,pizza,.jpg,40.24,384.0,512.0,RGB,JPEG,True,
/content/drive/MyDrive/Calorify/dataset/pizza/pizza_673.jpg,pizza_673.jpg,pizza,.jpg,61.42,1200.0,627.0,RGB,JPEG,True,
/content/drive/MyDrive/Calorify/dataset/pizza/pizza_670 (1).jpg,pizza_670 (1).jpg,pizza,.jpg,44.58,512.0,384.0,RGB,JPEG,True,
/content/drive/MyDrive/Calorify/dataset/pizza/pizza_688.jpg,pizza_688.jpg,pizza,.jpg,30.23,306.0,512.0,RGB,JPEG,True,
/content/drive/MyDrive/Calorify/dataset/pizza/pizza_670.jpg,pizza_670.jpg,pizza,.jpg,44.58,512.0,384.0,RGB,JPEG,True,
/content/drive/MyDrive/Calorify/dataset/pizza/pizza_671 (1).jpg,pizza_671 (1).jpg,pizza,.jpg,65.63,512.0,512.0,RGB,JPEG,True,
/content/drive/MyDrive/Calorify/dataset/pizza/pizza_662.jpg,pizza_662.jpg,pizza,.jpg,167.01,1512.0,980.0,RGB,JPEG,True,
/content/drive/MyDrive/Calorify/dataset/pizza/pizza_66.jpg,pizza_66.jpg,pizza,.jpg,67.13,512.0,512.0,RGB,JPEG,True,
/content/drive/MyDrive/Calorify/dataset/pizza/pizza_665.jpg,pizza_665.jpg,pizza,.jpg,27.03,288.0,512.0,RGB,JPEG,True,
/content/drive/MyDrive/Calorify/dataset/pizza/pizza_681.jpg,pizza_681.jpg,pizza,.jpg,41.15,512.0,384.0,RGB,JPEG,True,
/content/drive/MyDrive/Calorify/dataset/pizza/pizza_660 (1).jpg,pizza_660 (1).jpg,pizza,.jpg,62.47,512.0,512.0,RGB,JPEG,True,
/content/drive/MyDrive/Calorify/dataset/pizza/pizza_682.jpg,pizza_682.jpg,pizza,.jpg,42.72,512.0,512.0,RGB,JPEG,True,
/content/drive/MyDrive/Calorify/dataset/pizza/pizza_690.jpg,pizza_690.jpg,pizza,.jpg,46.07,512.0,382.0,RGB,JPEG,True,
/content/drive/MyDrive/Calorify/dataset/pizza/pizza_683.jpg,pizza_683.jpg,pizza,.jpg,59.12,512.0,512.0,RGB,JPEG,True,
/content/drive/MyDrive/Calorify/dataset/pizza/pizza_661 (1).jpg,pizza_661 (1).jpg,pizza,.jpg,70.18,511.0,512.0,RGB,JPEG,True,
/content/drive/MyDrive/Calorify/dataset/pizza/pizza_679.jpg,pizza_679.jpg,pizza,.jpg,44.66,512.0,384.0,RGB,JPEG,True,
/content/drive/MyDrive/Calorify/dataset/pizza/pizza_659.jpg,pizza_659.jpg,pizza,.jpg,65.44,512.0,512.0,RGB,JPEG,True,
/content/drive/MyDrive/Calorify/dataset/pizza/pizza_672.jpg,pizza_672.jpg,pizza,.jpg,50.32,512.0,512.0,RGB,JPEG,True,
/content/drive/MyDrive/Calorify/dataset/pizza/pizza_671.jpg,pizza_671.jpg,pizza,.jpg,65.63,512.0,512.0,RGB,JPEG,True,
/content/drive/MyDrive/Calorify/dataset/pizza/pizza_657.jpg,pizza_657.jpg,pizza,.jpg,89.37,512.0,384.0,RGB,JPEG,True,
/content/drive/MyDrive/Calorify/dataset/pizza/pizza_661.jpg,pizza_661.jpg,pizza,.jpg,70.18,511.0,512.0,RGB,JPEG,True,
/content/drive/MyDrive/Calorify/dataset/pizza/pizza_660.jpg,pizza_660.jpg,pizza,.jpg,62.47,512.0,512.0,RGB,JPEG,True,
/content/drive/MyDrive/Calorify/dataset/pizza/pizza_684.jpg,pizza_684.jpg,pizza,.jpg,115.81,1300.0,956.0,RGB,JPEG,True,
/content/drive/MyDrive/Calorify/dataset/pizza/pizza_668.jpg,pizza_668.jpg,pizza,.jpg,51.22,512.0,382.0,RGB,JPEG,True,
/content/drive/MyDrive/Calorify/dataset/pizza/pizza_716.jpg,pizza_716.jpg,pizza,.jpg,52.79,512.0,512.0,RGB,JPEG,True,
/content/drive/MyDrive/Calorify/dataset/pizza/pizza_727.jpg,pizza_727.jpg,pizza,.jpg,64.54,384.0,512.0,RGB,JPEG,True,
/content/drive/MyDrive/Calorify/dataset/pizza/pizza_719.jpg,pizza_719.jpg,pizza,.jpg,48.12,512.0,512.0,RGB,JPEG,True,
/content/drive/MyDrive/Calorify/dataset/pizza/pizza_726.jpg,pizza_726.jpg,pizza,.jpg,63.79,512.0,512.0,RGB,JPEG,True,
/content/drive/MyDrive/Calorify/dataset/pizza/pizza_72.jpg,pizza_72.jpg,pizza,.jpg,75.9,512.0,512.0,RGB,JPEG,True,
/content/drive/MyDrive/Calorify/dataset/pizza/pizza_711.jpg,pizza_711.jpg,pizza,.jpg,37.46,512.0,333.0,RGB,JPEG,True,
/content/drive/MyDrive/Calorify/dataset/pizza/pizza_721.jpg,pizza_721.jpg,pizza,.jpg,46.79,512.0,384.0,RGB,JPEG,True,
/content/drive/MyDrive/Calorify/dataset/pizza/pizza_71.jpg,pizza_71.jpg,pizza,.jpg,44.78,512.0,383.0,RGB,JPEG,True,
/content/drive/MyDrive/Calorify/dataset/pizza/pizza_718.jpg,pizza_718.jpg,pizza,.jpg,68.62,512.0,512.0,RGB,JPEG,True,
/content/drive/MyDrive/Calorify/dataset/pizza/pizza_692.jpg,pizza_692.jpg,pizza,.jpg,52.69,512.0,512.0,RGB,JPEG,True,
/content/drive/MyDrive/Calorify/dataset/pizza/pizza_709.jpg,pizza_709.jpg,pizza,.jpg,66.28,512.0,512.0,RGB,JPEG,True,
/content/drive/MyDrive/Calorify/dataset/pizza/pizza_703.jpg,pizza_703.jpg,pizza,.jpg,67.85,512.0,512.0,RGB,JPEG,True,
/content/drive/MyDrive/Calorify/dataset/pizza/pizza_699.jpg,pizza_699.jpg,pizza,.jpg,43.57,512.0,512.0,RGB,JPEG,True,
/content/drive/MyDrive/Calorify/dataset/pizza/pizza_728.jpg,pizza_728.jpg,pizza,.jpg,463.03,1224.0,1632.0,RGB,JPEG,True,
/content/drive/MyDrive/Calorify/dataset/pizza/pizza_717.jpg,pizza_717.jpg,pizza,.jpg,305.34,1600.0,1335.0,RGB,JPEG,True,
/content/drive/MyDrive/Calorify/dataset/pizza/pizza_694.jpg,pizza_694.jpg,pizza,.jpg,55.19,512.0,512.0,RGB,JPEG,True,
/content/drive/MyDrive/Calorify/dataset/pizza/pizza_696.jpg,pizza_696.jpg,pizza,.jpg,39.51,382.0,512.0,RGB,JPEG,True,
/content/drive/MyDrive/Calorify/dataset/pizza/pizza_707.jpg,pizza_707.jpg,pizza,.jpg,51.8,512.0,318.0,RGB,JPEG,True,
/content/drive/MyDrive/Calorify/dataset/pizza/pizza_724.jpg,pizza_724.jpg,pizza,.jpg,40.76,382.0,512.0,RGB,JPEG,True,
/content/drive/MyDrive/Calorify/dataset/pizza/pizza_697.jpg,pizza_697.jpg,pizza,.jpg,47.2,512.0,384.0,RGB,JPEG,True,
/content/drive/MyDrive/Calorify/dataset/pizza/pizza_712.jpg,pizza_712.jpg,pizza,.jpg,58.59,512.0,512.0,RGB,JPEG,True,
/content/drive/MyDrive/Calorify/dataset/pizza/pizza_701.jpg,pizza_701.jpg,pizza,.jpg,51.34,512.0,384.0,RGB,JPEG,True,
/content/drive/MyDrive/Calorify/dataset/pizza/pizza_700.jpg,pizza_700.jpg,pizza,.jpg,91.41,512.0,512.0,RGB,JPEG,True,
/content/drive/MyDrive/Calorify/dataset/pizza/pizza_722.jpg,pizza_722.jpg,pizza,.jpg,46.92,512.0,512.0,RGB,JPEG,True,
/content/drive/MyDrive/Calorify/dataset/pizza/pizza_723.jpg,pizza_723.jpg,pizza,.jpg,74.55,512.0,512.0,RGB,JPEG,True,
/content/drive/MyDrive/Calorify/dataset/pizza/pizza_706.jpg,pizza_706.jpg,pizza,.jpg,239.86,1160.0,774.0,RGB,JPEG,True,
/content/drive/MyDrive/Calorify/dataset/pizza/pizza_702.jpg,pizza_702.jpg,pizza,.jpg,63.38,512.0,512.0,RGB,JPEG,True,
/content/drive/MyDrive/Calorify/dataset/pizza/pizza_729.jpg,pizza_729.jpg,pizza,.jpg,303.09,2000.0,1121.0,RGB,JPEG,True,
/content/drive/MyDrive/Calorify/dataset/pizza/pizza_70.jpg,pizza_70.jpg,pizza,.jpg,29.71,384.0,512.0,RGB,JPEG,True,
/content/drive/MyDrive/Calorify/dataset/pizza/pizza_693.jpg,pizza_693.jpg,pizza,.jpg,71.78,512.0,512.0,RGB,JPEG,True,
/content/drive/MyDrive/Calorify/dataset/pizza/pizza_704.jpg,pizza_704.jpg,pizza,.jpg,55.68,512.0,512.0,RGB,JPEG,True,
/content/drive/MyDrive/Calorify/dataset/pizza/pizza_698.jpg,pizza_698.jpg,pizza,.jpg,70.2,512.0,512.0,RGB,JPEG,True,
/content/drive/MyDrive/Calorify/dataset/pizza/pizza_714.jpg,pizza_714.jpg,pizza,.jpg,78.31,512.0,512.0,RGB,JPEG,True,
/content/drive/MyDrive/Calorify/dataset/pizza/pizza_713.jpg,pizza_713.jpg,pizza,.jpg,56.45,512.0,512.0,RGB,JPEG,True,
/content/drive/MyDrive/Calorify/dataset/pizza/pizza_715.jpg,pizza_715.jpg,pizza,.jpg,42.11,512.0,384.0,RGB,JPEG,True,
/content/drive/MyDrive/Calorify/dataset/pizza/pizza_705.jpg,pizza_705.jpg,pizza,.jpg,38.98,512.0,341.0,RGB,JPEG,True,
/content/drive/MyDrive/Calorify/dataset/pizza/pizza_695.jpg,pizza_695.jpg,pizza,.jpg,168.8,626.0,626.0,RGB,JPEG,True,
/content/drive/MyDrive/Calorify/dataset/pizza/pizza_710.jpg,pizza_710.jpg,pizza,.jpg,75.68,512.0,512.0,RGB,JPEG,True,
/content/drive/MyDrive/Calorify/dataset/pizza/pizza_7.jpg,pizza_7.jpg,pizza,.jpg,74.13,512.0,512.0,RGB,JPEG,True,
/content/drive/MyDrive/Calorify/dataset/pizza/pizza_708.jpg,pizza_708.jpg,pizza,.jpg,43.91,512.0,384.0,RGB,JPEG,True,
/content/drive/MyDrive/Calorify/dataset/pizza/pizza_720.jpg,pizza_720.jpg,pizza,.jpg,43.15,384.0,512.0,RGB,JPEG,True,
/content/drive/MyDrive/Calorify/dataset/pizza/pizza_725.jpg,pizza_725.jpg,pizza,.jpg,51.81,512.0,512.0,RGB,JPEG,True,
/content/drive/MyDrive/Calorify/dataset/pizza/pizza_745.jpg,pizza_745.jpg,pizza,.jpg,80.38,512.0,512.0,RGB,JPEG,True,
/content/drive/MyDrive/Calorify/dataset/pizza/pizza_731.jpg,pizza_731.jpg,pizza,.jpg,34.55,512.0,384.0,RGB,JPEG,True,
/content/drive/MyDrive/Calorify/dataset/pizza/pizza_734.jpg,pizza_734.jpg,pizza,.jpg,61.15,512.0,512.0,RGB,JPEG,True,
/content/drive/MyDrive/Calorify/dataset/pizza/pizza_754.jpg,pizza_754.jpg,pizza,.jpg,65.53,512.0,512.0,RGB,JPEG,True,
/content/drive/MyDrive/Calorify/dataset/pizza/pizza_751.jpg,pizza_751.jpg,pizza,.jpg,56.87,800.0,449.0,RGB,JPEG,True,
/content/drive/MyDrive/Calorify/dataset/pizza/pizza_75.jpg,pizza_75.jpg,pizza,.jpg,72.58,512.0,512.0,RGB,JPEG,True,
/content/drive/MyDrive/Calorify/dataset/pizza/pizza_74.jpg,pizza_74.jpg,pizza,.jpg,437.75,1632.0,1224.0,RGB,JPEG,True,
/content/drive/MyDrive/Calorify/dataset/pizza/pizza_757.jpg,pizza_757.jpg,pizza,.jpg,65.96,512.0,512.0,RGB,JPEG,True,
/content/drive/MyDrive/Calorify/dataset/pizza/pizza_752.jpg,pizza_752.jpg,pizza,.jpg,41.02,382.0,512.0,RGB,JPEG,True,
/content/drive/MyDrive/Calorify/dataset/pizza/pizza_739.jpg,pizza_739.jpg,pizza,.jpg,70.98,512.0,512.0,RGB,JPEG,True,
/content/drive/MyDrive/Calorify/dataset/pizza/pizza_740.jpg,pizza_740.jpg,pizza,.jpg,84.37,1300.0,956.0,RGB,JPEG,True,
/content/drive/MyDrive/Calorify/dataset/pizza/pizza_750.jpg,pizza_750.jpg,pizza,.jpg,46.3,512.0,384.0,RGB,JPEG,True,
/content/drive/MyDrive/Calorify/dataset/pizza/pizza_732.jpg,pizza_732.jpg,pizza,.jpg,47.18,382.0,512.0,RGB,JPEG,True,
/content/drive/MyDrive/Calorify/dataset/pizza/pizza_758.jpg,pizza_758.jpg,pizza,.jpg,27.55,512.0,289.0,RGB,JPEG,True,
/content/drive/MyDrive/Calorify/dataset/pizza/pizza_749.jpg,pizza_749.jpg,pizza,.jpg,54.8,512.0,512.0,RGB,JPEG,True,
/content/drive/MyDrive/Calorify/dataset/pizza/pizza_76.jpg,pizza_76.jpg,pizza,.jpg,60.92,383.0,512.0,RGB,JPEG,True,
/content/drive/MyDrive/Calorify/dataset/pizza/pizza_735.jpg,pizza_735.jpg,pizza,.jpg,48.85,512.0,384.0,RGB,JPEG,True,
/content/drive/MyDrive/Calorify/dataset/pizza/pizza_744.jpg,pizza_744.jpg,pizza,.jpg,40.75,382.0,512.0,RGB,JPEG,True,
/content/drive/MyDrive/Calorify/dataset/pizza/pizza_761.jpg,pizza_761.jpg,pizza,.jpg,58.18,512.0,382.0,RGB,JPEG,True,
/content/drive/MyDrive/Calorify/dataset/pizza/pizza_741.jpg,pizza_741.jpg,pizza,.jpg,42.86,512.0,384.0,RGB,JPEG,True,
/content/drive/MyDrive/Calorify/dataset/pizza/pizza_766.jpg,pizza_766.jpg,pizza,.jpg,75.19,512.0,512.0,RGB,JPEG,True,
/content/drive/MyDrive/Calorify/dataset/pizza/pizza_755.jpg,pizza_755.jpg,pizza,.jpg,59.85,512.0,512.0,RGB,JPEG,True,
/content/drive/MyDrive/Calorify/dataset/pizza/pizza_736.jpg,pizza_736.jpg,pizza,.jpg,49.56,512.0,512.0,RGB,JPEG,True,
/content/drive/MyDrive/Calorify/dataset/pizza/pizza_742.jpg,pizza_742.jpg,pizza,.jpg,84.58,512.0,512.0,RGB,JPEG,True,
/content/drive/MyDrive/Calorify/dataset/pizza/pizza_737.jpg,pizza_737.jpg,pizza,.jpg,48.05,384.0,512.0,RGB,JPEG,True,
/content/drive/MyDrive/Calorify/dataset/pizza/pizza_760.jpg,pizza_760.jpg,pizza,.jpg,48.04,512.0,384.0,RGB,JPEG,True,
/content/drive/MyDrive/Calorify/dataset/pizza/pizza_767.jpg,pizza_767.jpg,pizza,.jpg,40.9,512.0,289.0,RGB,JPEG,True,
/content/drive/MyDrive/Calorify/dataset/pizza/pizza_738.jpg,pizza_738.jpg,pizza,.jpg,43.43,512.0,384.0,RGB,JPEG,True,
/content/drive/MyDrive/Calorify/dataset/pizza/pizza_765.jpg,pizza_765.jpg,pizza,.jpg,43.47,512.0,512.0,RGB,JPEG,True,
/content/drive/MyDrive/Calorify/dataset/pizza/pizza_763.jpg,pizza_763.jpg,pizza,.jpg,44.42,512.0,512.0,RGB,JPEG,True,
/content/drive/MyDrive/Calorify/dataset/pizza/pizza_733.jpg,pizza_733.jpg,pizza,.jpg,68.14,512.0,512.0,RGB,JPEG,True,
/content/drive/MyDrive/Calorify/dataset/pizza/pizza_753.jpg,pizza_753.jpg,pizza,.jpg,54.67,512.0,384.0,RGB,JPEG,True,
/content/drive/MyDrive/Calorify/dataset/pizza/pizza_746.jpg,pizza_746.jpg,pizza,.jpg,48.87,512.0,382.0,RGB,JPEG,True,
/content/drive/MyDrive/Calorify/dataset/pizza/pizza_747.jpg,pizza_747.jpg,pizza,.jpg,73.14,512.0,512.0,RGB,JPEG,True,
/content/drive/MyDrive/Calorify/dataset/pizza/pizza_730.jpg,pizza_730.jpg,pizza,.jpg,41.49,512.0,384.0,RGB,JPEG,True,
/content/drive/MyDrive/Calorify/dataset/pizza/pizza_73.jpg,pizza_73.jpg,pizza,.jpg,47.15,512.0,512.0,RGB,JPEG,True,
/content/drive/MyDrive/Calorify/dataset/pizza/pizza_756.jpg,pizza_756.jpg,pizza,.jpg,75.05,512.0,512.0,RGB,JPEG,True,
/content/drive/MyDrive/Calorify/dataset/pizza/pizza_748.jpg,pizza_748.jpg,pizza,.jpg,31.05,512.0,288.0,RGB,JPEG,True,
/content/drive/MyDrive/Calorify/dataset/pizza/pizza_759.jpg,pizza_759.jpg,pizza,.jpg,52.98,512.0,512.0,RGB,JPEG,True,
/content/drive/MyDrive/Calorify/dataset/pizza/pizza_764.jpg,pizza_764.jpg,pizza,.jpg,39.7,512.0,512.0,RGB,JPEG,True,
/content/drive/MyDrive/Calorify/dataset/pizza/pizza_743.jpg,pizza_743.jpg,pizza,.jpg,44.88,384.0,512.0,RGB,JPEG,True,
/content/drive/MyDrive/Calorify/dataset/pizza/pizza_762.jpg,pizza_762.jpg,pizza,.jpg,49.39,500.0,948.0,RGB,JPEG,True,
/content/drive/MyDrive/Calorify/dataset/pizza/pizza_781.jpg,pizza_781.jpg,pizza,.jpg,45.26,512.0,289.0,RGB,JPEG,True,
/content/drive/MyDrive/Calorify/dataset/pizza/pizza_803.jpg,pizza_803.jpg,pizza,.jpg,67.84,512.0,512.0,RGB,JPEG,True,
/content/drive/MyDrive/Calorify/dataset/pizza/pizza_795.jpg,pizza_795.jpg,pizza,.jpg,274.91,1300.0,956.0,RGB,JPEG,True,
/content/drive/MyDrive/Calorify/dataset/pizza/pizza_8.jpg,pizza_8.jpg,pizza,.jpg,81.23,512.0,512.0,RGB,JPEG,True,
/content/drive/MyDrive/Calorify/dataset/pizza/pizza_796.jpg,pizza_796.jpg,pizza,.jpg,60.14,512.0,382.0,RGB,JPEG,True,
/content/drive/MyDrive/Calorify/dataset/pizza/pizza_783.jpg,pizza_783.jpg,pizza,.jpg,43.97,512.0,384.0,RGB,JPEG,True,
/content/drive/MyDrive/Calorify/dataset/pizza/pizza_798.jpg,pizza_798.jpg,pizza,.jpg,67.37,512.0,512.0,RGB,JPEG,True,
/content/drive/MyDrive/Calorify/dataset/pizza/pizza_77.jpg,pizza_77.jpg,pizza,.jpg,68.35,512.0,384.0,RGB,JPEG,True,
/content/drive/MyDrive/Calorify/dataset/pizza/pizza_78.jpg,pizza_78.jpg,pizza,.jpg,40.19,512.0,384.0,RGB,JPEG,True,
/content/drive/MyDrive/Calorify/dataset/pizza/pizza_797.jpg,pizza_797.jpg,pizza,.jpg,57.56,512.0,512.0,RGB,JPEG,True,
/content/drive/MyDrive/Calorify/dataset/pizza/pizza_793.jpg,pizza_793.jpg,pizza,.jpg,36.3,512.0,512.0,RGB,JPEG,True,
/content/drive/MyDrive/Calorify/dataset/pizza/pizza_779.jpg,pizza_779.jpg,pizza,.jpg,32.3,289.0,512.0,RGB,JPEG,True,
/content/drive/MyDrive/Calorify/dataset/pizza/pizza_792.jpg,pizza_792.jpg,pizza,.jpg,47.75,512.0,512.0,RGB,JPEG,True,
/content/drive/MyDrive/Calorify/dataset/pizza/pizza_804.jpg,pizza_804.jpg,pizza,.jpg,32.85,512.0,288.0,RGB,JPEG,True,
/content/drive/MyDrive/Calorify/dataset/pizza/pizza_788.jpg,pizza_788.jpg,pizza,.jpg,56.24,512.0,512.0,RGB,JPEG,True,
/content/drive/MyDrive/Calorify/dataset/pizza/pizza_801.jpg,pizza_801.jpg,pizza,.jpg,58.53,512.0,512.0,RGB,JPEG,True,
/content/drive/MyDrive/Calorify/dataset/pizza/pizza_785.jpg,pizza_785.jpg,pizza,.jpg,65.48,341.0,512.0,RGB,JPEG,True,
/content/drive/MyDrive/Calorify/dataset/pizza/pizza_786.jpg,pizza_786.jpg,pizza,.jpg,50.08,512.0,511.0,RGB,JPEG,True,
/content/drive/MyDrive/Calorify/dataset/pizza/pizza_768.jpg,pizza_768.jpg,pizza,.jpg,36.27,382.0,512.0,RGB,JPEG,True,
/content/drive/MyDrive/Calorify/dataset/pizza/pizza_790.jpg,pizza_790.jpg,pizza,.jpg,59.73,512.0,512.0,RGB,JPEG,True,
/content/drive/MyDrive/Calorify/dataset/pizza/pizza_789.jpg,pizza_789.jpg,pizza,.jpg,46.86,512.0,512.0,RGB,JPEG,True,
/content/drive/MyDrive/Calorify/dataset/pizza/pizza_769.jpg,pizza_769.jpg,pizza,.jpg,76.22,512.0,382.0,RGB,JPEG,True,
/content/drive/MyDrive/Calorify/dataset/pizza/pizza_80.jpg,pizza_80.jpg,pizza,.jpg,32.75,512.0,384.0,RGB,JPEG,True,
/content/drive/MyDrive/Calorify/dataset/pizza/pizza_774.jpg,pizza_774.jpg,pizza,.jpg,49.67,384.0,512.0,RGB,JPEG,True,
/content/drive/MyDrive/Calorify/dataset/pizza/pizza_794.jpg,pizza_794.jpg,pizza,.jpg,60.54,512.0,382.0,RGB,JPEG,True,
/content/drive/MyDrive/Calorify/dataset/pizza/pizza_784.jpg,pizza_784.jpg,pizza,.jpg,74.62,800.0,534.0,RGB,JPEG,True,
/content/drive/MyDrive/Calorify/dataset/pizza/pizza_771.jpg,pizza_771.jpg,pizza,.jpg,82.03,512.0,512.0,RGB,JPEG,True,
/content/drive/MyDrive/Calorify/dataset/pizza/pizza_780.jpg,pizza_780.jpg,pizza,.jpg,72.2,512.0,512.0,RGB,JPEG,True,
/content/drive/MyDrive/Calorify/dataset/pizza/pizza_802.jpg,pizza_802.jpg,pizza,.jpg,40.8,384.0,512.0,RGB,JPEG,True,
/content/drive/MyDrive/Calorify/dataset/pizza/pizza_800.jpg,pizza_800.jpg,pizza,.jpg,68.22,512.0,512.0,RGB,JPEG,True,
/content/drive/MyDrive/Calorify/dataset/pizza/pizza_776.jpg,pizza_776.jpg,pizza,.jpg,52.2,512.0,384.0,RGB,JPEG,True,
/content/drive/MyDrive/Calorify/dataset/pizza/pizza_799.jpg,pizza_799.jpg,pizza,.jpg,52.71,512.0,512.0,RGB,JPEG,True,
/content/drive/MyDrive/Calorify/dataset/pizza/pizza_777.jpg,pizza_777.jpg,pizza,.jpg,62.33,384.0,512.0,RGB,JPEG,True,
/content/drive/MyDrive/Calorify/dataset/pizza/pizza_79.jpg,pizza_79.jpg,pizza,.jpg,51.59,512.0,511.0,RGB,JPEG,True,
/content/drive/MyDrive/Calorify/dataset/pizza/pizza_775.jpg,pizza_775.jpg,pizza,.jpg,76.47,512.0,512.0,RGB,JPEG,True,
/content/drive/MyDrive/Calorify/dataset/pizza/pizza_791.jpg,pizza_791.jpg,pizza,.jpg,94.5,512.0,512.0,RGB,JPEG,True,
/content/drive/MyDrive/Calorify/dataset/pizza/pizza_773.jpg,pizza_773.jpg,pizza,.jpg,95.11,800.0,533.0,RGB,JPEG,True,
/content/drive/MyDrive/Calorify/dataset/pizza/pizza_772.jpg,pizza_772.jpg,pizza,.jpg,58.53,512.0,512.0,RGB,JPEG,True,
/content/drive/MyDrive/Calorify/dataset/pizza/pizza_787.jpg,pizza_787.jpg,pizza,.jpg,32.1,512.0,384.0,RGB,JPEG,True,
/content/drive/MyDrive/Calorify/dataset/pizza/pizza_778.jpg,pizza_778.jpg,pizza,.jpg,71.59,512.0,512.0,RGB,JPEG,True,
/content/drive/MyDrive/Calorify/dataset/pizza/pizza_782.jpg,pizza_782.jpg,pizza,.jpg,54.03,512.0,384.0,RGB,JPEG,True,
/content/drive/MyDrive/Calorify/dataset/pizza/pizza_770.jpg,pizza_770.jpg,pizza,.jpg,49.64,384.0,512.0,RGB,JPEG,True,
/content/drive/MyDrive/Calorify/dataset/pizza/pizza_814.jpg,pizza_814.jpg,pizza,.jpg,55.25,512.0,512.0,RGB,JPEG,True,
/content/drive/MyDrive/Calorify/dataset/pizza/pizza_816.jpg,pizza_816.jpg,pizza,.jpg,50.67,512.0,512.0,RGB,JPEG,True,
/content/drive/MyDrive/Calorify/dataset/pizza/pizza_829.jpg,pizza_829.jpg,pizza,.jpg,55.73,512.0,512.0,RGB,JPEG,True,
/content/drive/MyDrive/Calorify/dataset/pizza/pizza_839.jpg,pizza_839.jpg,pizza,.jpg,125.86,683.0,1024.0,RGB,JPEG,True,
/content/drive/MyDrive/Calorify/dataset/pizza/pizza_825.jpg,pizza_825.jpg,pizza,.jpg,63.36,512.0,512.0,RGB,JPEG,True,
/content/drive/MyDrive/Calorify/dataset/pizza/pizza_82.jpg,pizza_82.jpg,pizza,.jpg,58.68,512.0,384.0,RGB,JPEG,True,
/content/drive/MyDrive/Calorify/dataset/pizza/pizza_826.jpg,pizza_826.jpg,pizza,.jpg,46.68,384.0,512.0,RGB,JPEG,True,
/content/drive/MyDrive/Calorify/dataset/pizza/pizza_842.jpg,pizza_842.jpg,pizza,.jpg,62.17,512.0,512.0,RGB,JPEG,True,
/content/drive/MyDrive/Calorify/dataset/pizza/pizza_817.jpg,pizza_817.jpg,pizza,.jpg,98.38,667.0,334.0,RGB,JPEG,True,
/content/drive/MyDrive/Calorify/dataset/pizza/pizza_822.jpg,pizza_822.jpg,pizza,.jpg,49.58,512.0,512.0,RGB,JPEG,True,
/content/drive/MyDrive/Calorify/dataset/pizza/pizza_823.jpg,pizza_823.jpg,pizza,.jpg,52.39,512.0,384.0,RGB,JPEG,True,
/content/drive/MyDrive/Calorify/dataset/pizza/pizza_812.jpg,pizza_812.jpg,pizza,.jpg,68.64,512.0,384.0,RGB,JPEG,True,
/content/drive/MyDrive/Calorify/dataset/pizza/pizza_84.jpg,pizza_84.jpg,pizza,.jpg,43.43,512.0,384.0,RGB,JPEG,True,
/content/drive/MyDrive/Calorify/dataset/pizza/pizza_828.jpg,pizza_828.jpg,pizza,.jpg,183.65,500.0,480.0,RGB,JPEG,True,
/content/drive/MyDrive/Calorify/dataset/pizza/pizza_841.jpg,pizza_841.jpg,pizza,.jpg,49.5,512.0,512.0,RGB,JPEG,True,
/content/drive/MyDrive/Calorify/dataset/pizza/pizza_827.jpg,pizza_827.jpg,pizza,.jpg,44.22,384.0,512.0,RGB,JPEG,True,
/content/drive/MyDrive/Calorify/dataset/pizza/pizza_805.jpg,pizza_805.jpg,pizza,.jpg,61.34,512.0,512.0,RGB,JPEG,True,
/content/drive/MyDrive/Calorify/dataset/pizza/pizza_811.jpg,pizza_811.jpg,pizza,.jpg,52.76,512.0,512.0,RGB,JPEG,True,
/content/drive/MyDrive/Calorify/dataset/pizza/pizza_819.jpg,pizza_819.jpg,pizza,.jpg,70.38,512.0,512.0,RGB,JPEG,True,
/content/drive/MyDrive/Calorify/dataset/pizza/pizza_813.jpg,pizza_813.jpg,pizza,.jpg,52.96,512.0,512.0,RGB,JPEG,True,
/content/drive/MyDrive/Calorify/dataset/pizza/pizza_808.jpg,pizza_808.jpg,pizza,.jpg,70.73,512.0,512.0,RGB,JPEG,True,
/content/drive/MyDrive/Calorify/dataset/pizza/pizza_81.jpg,pizza_81.jpg,pizza,.jpg,68.31,512.0,512.0,RGB,JPEG,True,
/content/drive/MyDrive/Calorify/dataset/pizza/pizza_838.jpg,pizza_838.jpg,pizza,.jpg,55.79,512.0,512.0,RGB,JPEG,True,
/content/drive/MyDrive/Calorify/dataset/pizza/pizza_821.jpg,pizza_821.jpg,pizza,.jpg,70.98,512.0,332.0,RGB,JPEG,True,
/content/drive/MyDrive/Calorify/dataset/pizza/pizza_836.jpg,pizza_836.jpg,pizza,.jpg,63.86,512.0,512.0,RGB,JPEG,True,
/content/drive/MyDrive/Calorify/dataset/pizza/pizza_830.jpg,pizza_830.jpg,pizza,.jpg,61.25,512.0,512.0,RGB,JPEG,True,
/content/drive/MyDrive/Calorify/dataset/pizza/pizza_837.jpg,pizza_837.jpg,pizza,.jpg,58.3,512.0,512.0,RGB,JPEG,True,
/content/drive/MyDrive/Calorify/dataset/pizza/pizza_809.jpg,pizza_809.jpg,pizza,.jpg,48.14,512.0,512.0,RGB,JPEG,True,
/content/drive/MyDrive/Calorify/dataset/pizza/pizza_807.jpg,pizza_807.jpg,pizza,.jpg,60.0,512.0,342.0,RGB,JPEG,True,
/content/drive/MyDrive/Calorify/dataset/pizza/pizza_840.jpg,pizza_840.jpg,pizza,.jpg,135.81,1024.0,536.0,RGB,JPEG,True,
/content/drive/MyDrive/Calorify/dataset/pizza/pizza_83.jpg,pizza_83.jpg,pizza,.jpg,38.37,512.0,383.0,RGB,JPEG,True,
/content/drive/MyDrive/Calorify/dataset/pizza/pizza_834.jpg,pizza_834.jpg,pizza,.jpg,51.23,512.0,512.0,RGB,JPEG,True,
/content/drive/MyDrive/Calorify/dataset/pizza/pizza_832.jpg,pizza_832.jpg,pizza,.jpg,50.25,382.0,512.0,RGB,JPEG,True,
/content/drive/MyDrive/Calorify/dataset/pizza/pizza_815.jpg,pizza_815.jpg,pizza,.jpg,58.03,512.0,512.0,RGB,JPEG,True,
/content/drive/MyDrive/Calorify/dataset/pizza/pizza_824.jpg,pizza_824.jpg,pizza,.jpg,35.81,512.0,384.0,RGB,JPEG,True,
/content/drive/MyDrive/Calorify/dataset/pizza/pizza_833.jpg,pizza_833.jpg,pizza,.jpg,49.94,512.0,512.0,RGB,JPEG,True,
/content/drive/MyDrive/Calorify/dataset/pizza/pizza_818.jpg,pizza_818.jpg,pizza,.jpg,47.82,512.0,512.0,RGB,JPEG,True,
/content/drive/MyDrive/Calorify/dataset/pizza/pizza_806.jpg,pizza_806.jpg,pizza,.jpg,99.97,1067.0,1690.0,RGB,JPEG,True,
/content/drive/MyDrive/Calorify/dataset/pizza/pizza_831.jpg,pizza_831.jpg,pizza,.jpg,50.71,512.0,384.0,RGB,JPEG,True,
/content/drive/MyDrive/Calorify/dataset/pizza/pizza_835.jpg,pizza_835.jpg,pizza,.jpg,31.56,289.0,512.0,RGB,JPEG,True,
/content/drive/MyDrive/Calorify/dataset/pizza/pizza_820.jpg,pizza_820.jpg,pizza,.jpg,62.38,512.0,512.0,RGB,JPEG,True,
/content/drive/MyDrive/Calorify/dataset/pizza/pizza_810.jpg,pizza_810.jpg,pizza,.jpg,49.79,512.0,382.0,RGB,JPEG,True,
/content/drive/MyDrive/Calorify/dataset/pizza/pizza_861.jpg,pizza_861.jpg,pizza,.jpg,46.44,512.0,512.0,RGB,JPEG,True,
/content/drive/MyDrive/Calorify/dataset/pizza/pizza_864.jpg,pizza_864.jpg,pizza,.jpg,75.41,512.0,512.0,RGB,JPEG,True,
/content/drive/MyDrive/Calorify/dataset/pizza/pizza_858.jpg,pizza_858.jpg,pizza,.jpg,49.85,384.0,512.0,RGB,JPEG,True,
/content/drive/MyDrive/Calorify/dataset/pizza/pizza_846.jpg,pizza_846.jpg,pizza,.jpg,59.62,512.0,512.0,RGB,JPEG,True,
/content/drive/MyDrive/Calorify/dataset/pizza/pizza_871.jpg,pizza_871.jpg,pizza,.jpg,60.59,512.0,512.0,RGB,JPEG,True,
/content/drive/MyDrive/Calorify/dataset/pizza/pizza_859.jpg,pizza_859.jpg,pizza,.jpg,64.02,512.0,512.0,RGB,JPEG,True,
/content/drive/MyDrive/Calorify/dataset/pizza/pizza_869.jpg,pizza_869.jpg,pizza,.jpg,61.79,512.0,512.0,RGB,JPEG,True,
/content/drive/MyDrive/Calorify/dataset/pizza/pizza_856.jpg,pizza_856.jpg,pizza,.jpg,68.79,512.0,512.0,RGB,JPEG,True,
/content/drive/MyDrive/Calorify/dataset/pizza/pizza_87.jpg,pizza_87.jpg,pizza,.jpg,83.58,512.0,384.0,RGB,JPEG,True,
/content/drive/MyDrive/Calorify/dataset/pizza/pizza_875.jpg,pizza_875.jpg,pizza,.jpg,72.04,512.0,512.0,RGB,JPEG,True,
/content/drive/MyDrive/Calorify/dataset/pizza/pizza_855.jpg,pizza_855.jpg,pizza,.jpg,41.18,512.0,512.0,RGB,JPEG,True,
/content/drive/MyDrive/Calorify/dataset/pizza/pizza_844.jpg,pizza_844.jpg,pizza,.jpg,71.96,512.0,512.0,RGB,JPEG,True,
/content/drive/MyDrive/Calorify/dataset/pizza/pizza_860.jpg,pizza_860.jpg,pizza,.jpg,73.67,512.0,512.0,RGB,JPEG,True,
/content/drive/MyDrive/Calorify/dataset/pizza/pizza_852.jpg,pizza_852.jpg,pizza,.jpg,67.02,512.0,512.0,RGB,JPEG,True,
/content/drive/MyDrive/Calorify/dataset/pizza/pizza_850.jpg,pizza_850.jpg,pizza,.jpg,58.28,512.0,512.0,RGB,JPEG,True,
/content/drive/MyDrive/Calorify/dataset/pizza/pizza_870.jpg,pizza_870.jpg,pizza,.jpg,60.79,512.0,512.0,RGB,JPEG,True,
/content/drive/MyDrive/Calorify/dataset/pizza/pizza_877.jpg,pizza_877.jpg,pizza,.jpg,47.8,512.0,512.0,RGB,JPEG,True,
/content/drive/MyDrive/Calorify/dataset/pizza/pizza_863.jpg,pizza_863.jpg,pizza,.jpg,58.57,512.0,512.0,RGB,JPEG,True,
/content/drive/MyDrive/Calorify/dataset/pizza/pizza_868.jpg,pizza_868.jpg,pizza,.jpg,79.1,512.0,512.0,RGB,JPEG,True,
/content/drive/MyDrive/Calorify/dataset/pizza/pizza_854.jpg,pizza_854.jpg,pizza,.jpg,47.17,512.0,512.0,RGB,JPEG,True,
/content/drive/MyDrive/Calorify/dataset/pizza/pizza_857.jpg,pizza_857.jpg,pizza,.jpg,60.13,512.0,512.0,RGB,JPEG,True,
/content/drive/MyDrive/Calorify/dataset/pizza/pizza_853.jpg,pizza_853.jpg,pizza,.jpg,53.9,512.0,512.0,RGB,JPEG,True,
/content/drive/MyDrive/Calorify/dataset/pizza/pizza_865.jpg,pizza_865.jpg,pizza,.jpg,55.47,512.0,382.0,RGB,JPEG,True,
/content/drive/MyDrive/Calorify/dataset/pizza/pizza_872.jpg,pizza_872.jpg,pizza,.jpg,52.87,382.0,512.0,RGB,JPEG,True,
/content/drive/MyDrive/Calorify/dataset/pizza/pizza_86.jpg,pizza_86.jpg,pizza,.jpg,62.9,512.0,512.0,RGB,JPEG,True,
/content/drive/MyDrive/Calorify/dataset/pizza/pizza_876.jpg,pizza_876.jpg,pizza,.jpg,51.28,512.0,384.0,RGB,JPEG,True,
/content/drive/MyDrive/Calorify/dataset/pizza/pizza_843.jpg,pizza_843.jpg,pizza,.jpg,74.95,512.0,512.0,RGB,JPEG,True,
/content/drive/MyDrive/Calorify/dataset/pizza/pizza_849.jpg,pizza_849.jpg,pizza,.jpg,56.6,512.0,512.0,RGB,JPEG,True,
/content/drive/MyDrive/Calorify/dataset/pizza/pizza_874.jpg,pizza_874.jpg,pizza,.jpg,74.35,512.0,512.0,RGB,JPEG,True,
/content/drive/MyDrive/Calorify/dataset/pizza/pizza_85.jpg,pizza_85.jpg,pizza,.jpg,689.9,960.0,1200.0,P,PNG,True,
/content/drive/MyDrive/Calorify/dataset/pizza/pizza_851.jpg,pizza_851.jpg,pizza,.jpg,104.92,800.0,600.0,RGB,JPEG,True,
/content/drive/MyDrive/Calorify/dataset/pizza/pizza_862.jpg,pizza_862.jpg,pizza,.jpg,396.86,927.0,1200.0,RGB,WEBP,True,
/content/drive/MyDrive/Calorify/dataset/pizza/pizza_847.jpg,pizza_847.jpg,pizza,.jpg,37.47,512.0,288.0,RGB,JPEG,True,
/content/drive/MyDrive/Calorify/dataset/pizza/pizza_867.jpg,pizza_867.jpg,pizza,.jpg,65.39,512.0,384.0,RGB,JPEG,True,
/content/drive/MyDrive/Calorify/dataset/pizza/pizza_845.jpg,pizza_845.jpg,pizza,.jpg,35.31,512.0,384.0,RGB,JPEG,True,
/content/drive/MyDrive/Calorify/dataset/pizza/pizza_873.jpg,pizza_873.jpg,pizza,.jpg,142.17,1456.0,816.0,RGB,WEBP,True,
/content/drive/MyDrive/Calorify/dataset/pizza/pizza_879.jpg,pizza_879.jpg,pizza,.jpg,67.73,512.0,512.0,RGB,JPEG,True,
/content/drive/MyDrive/Calorify/dataset/pizza/pizza_866.jpg,pizza_866.jpg,pizza,.jpg,57.98,512.0,512.0,RGB,JPEG,True,
/content/drive/MyDrive/Calorify/dataset/pizza/pizza_848.jpg,pizza_848.jpg,pizza,.jpg,68.57,512.0,512.0,RGB,JPEG,True,
/content/drive/MyDrive/Calorify/dataset/pizza/pizza_878.jpg,pizza_878.jpg,pizza,.jpg,70.0,512.0,512.0,RGB,JPEG,True,
/content/drive/MyDrive/Calorify/dataset/pizza/pizza_910.jpg,pizza_910.jpg,pizza,.jpg,74.93,512.0,512.0,RGB,JPEG,True,
/content/drive/MyDrive/Calorify/dataset/pizza/pizza_895.jpg,pizza_895.jpg,pizza,.jpg,458.48,1640.0,582.0,RGB,JPEG,True,
/content/drive/MyDrive/Calorify/dataset/pizza/pizza_887.jpg,pizza_887.jpg,pizza,.jpg,50.8,384.0,512.0,RGB,JPEG,True,
/content/drive/MyDrive/Calorify/dataset/pizza/pizza_891.jpg,pizza_891.jpg,pizza,.jpg,61.16,382.0,512.0,RGB,JPEG,True,
/content/drive/MyDrive/Calorify/dataset/pizza/pizza_884.jpg,pizza_884.jpg,pizza,.jpg,164.37,457.0,451.0,RGB,JPEG,True,
/content/drive/MyDrive/Calorify/dataset/pizza/pizza_890.jpg,pizza_890.jpg,pizza,.jpg,65.85,512.0,512.0,RGB,JPEG,True,
/content/drive/MyDrive/Calorify/dataset/pizza/pizza_898.jpg,pizza_898.jpg,pizza,.jpg,80.45,512.0,512.0,RGB,JPEG,True,
/content/drive/MyDrive/Calorify/dataset/pizza/pizza_880.jpg,pizza_880.jpg,pizza,.jpg,55.68,512.0,512.0,RGB,JPEG,True,
/content/drive/MyDrive/Calorify/dataset/pizza/pizza_903.jpg,pizza_903.jpg,pizza,.jpg,62.76,384.0,512.0,RGB,JPEG,True,
/content/drive/MyDrive/Calorify/dataset/pizza/pizza_889.jpg,pizza_889.jpg,pizza,.jpg,52.29,512.0,512.0,RGB,JPEG,True,
/content/drive/MyDrive/Calorify/dataset/pizza/pizza_899.jpg,pizza_899.jpg,pizza,.jpg,30.8,512.0,289.0,RGB,JPEG,True,
/content/drive/MyDrive/Calorify/dataset/pizza/pizza_881.jpg,pizza_881.jpg,pizza,.jpg,58.87,512.0,512.0,RGB,JPEG,True,
/content/drive/MyDrive/Calorify/dataset/pizza/pizza_894.jpg,pizza_894.jpg,pizza,.jpg,72.66,512.0,512.0,RGB,JPEG,True,
/content/drive/MyDrive/Calorify/dataset/pizza/pizza_897.jpg,pizza_897.jpg,pizza,.jpg,63.05,512.0,341.0,RGB,JPEG,True,
/content/drive/MyDrive/Calorify/dataset/pizza/pizza_911.jpg,pizza_911.jpg,pizza,.jpg,73.11,512.0,512.0,RGB,JPEG,True,
/content/drive/MyDrive/Calorify/dataset/pizza/pizza_912.jpg,pizza_912.jpg,pizza,.jpg,83.47,512.0,384.0,RGB,JPEG,True,
/content/drive/MyDrive/Calorify/dataset/pizza/pizza_882.jpg,pizza_882.jpg,pizza,.jpg,46.8,512.0,329.0,RGB,JPEG,True,
/content/drive/MyDrive/Calorify/dataset/pizza/pizza_901.jpg,pizza_901.jpg,pizza,.jpg,55.76,512.0,512.0,RGB,JPEG,True,
/content/drive/MyDrive/Calorify/dataset/pizza/pizza_902.jpg,pizza_902.jpg,pizza,.jpg,67.92,512.0,512.0,RGB,JPEG,True,
/content/drive/MyDrive/Calorify/dataset/pizza/pizza_915.jpg,pizza_915.jpg,pizza,.jpg,46.96,512.0,382.0,RGB,JPEG,True,
/content/drive/MyDrive/Calorify/dataset/pizza/pizza_896.jpg,pizza_896.jpg,pizza,.jpg,46.92,512.0,384.0,RGB,JPEG,True,
/content/drive/MyDrive/Calorify/dataset/pizza/pizza_905.jpg,pizza_905.jpg,pizza,.jpg,39.19,512.0,512.0,RGB,JPEG,True,
/content/drive/MyDrive/Calorify/dataset/pizza/pizza_904.jpg,pizza_904.jpg,pizza,.jpg,58.32,443.0,512.0,RGB,JPEG,True,
/content/drive/MyDrive/Calorify/dataset/pizza/pizza_886.jpg,pizza_886.jpg,pizza,.jpg,41.76,512.0,512.0,RGB,JPEG,True,
/content/drive/MyDrive/Calorify/dataset/pizza/pizza_913.jpg,pizza_913.jpg,pizza,.jpg,66.61,512.0,512.0,RGB,JPEG,True,
/content/drive/MyDrive/Calorify/dataset/pizza/pizza_909.jpg,pizza_909.jpg,pizza,.jpg,151.85,512.0,512.0,RGB,JPEG,True,
/content/drive/MyDrive/Calorify/dataset/pizza/pizza_893.jpg,pizza_893.jpg,pizza,.jpg,62.63,382.0,512.0,RGB,JPEG,True,
/content/drive/MyDrive/Calorify/dataset/pizza/pizza_885.jpg,pizza_885.jpg,pizza,.jpg,37.66,384.0,512.0,RGB,JPEG,True,
/content/drive/MyDrive/Calorify/dataset/pizza/pizza_907.jpg,pizza_907.jpg,pizza,.jpg,58.45,512.0,512.0,RGB,JPEG,True,
/content/drive/MyDrive/Calorify/dataset/pizza/pizza_892.jpg,pizza_892.jpg,pizza,.jpg,63.42,512.0,512.0,RGB,JPEG,True,
/content/drive/MyDrive/Calorify/dataset/pizza/pizza_883.jpg,pizza_883.jpg,pizza,.jpg,85.94,512.0,512.0,RGB,JPEG,True,
/content/drive/MyDrive/Calorify/dataset/pizza/pizza_91.jpg,pizza_91.jpg,pizza,.jpg,40.78,306.0,512.0,RGB,JPEG,True,
/content/drive/MyDrive/Calorify/dataset/pizza/pizza_9.jpg,pizza_9.jpg,pizza,.jpg,52.09,512.0,384.0,RGB,JPEG,True,
/content/drive/MyDrive/Calorify/dataset/pizza/pizza_888.jpg,pizza_888.jpg,pizza,.jpg,72.8,512.0,384.0,RGB,JPEG,True,
/content/drive/MyDrive/Calorify/dataset/pizza/pizza_89.jpg,pizza_89.jpg,pizza,.jpg,51.55,512.0,512.0,RGB,JPEG,True,
/content/drive/MyDrive/Calorify/dataset/pizza/pizza_900.jpg,pizza_900.jpg,pizza,.jpg,48.28,512.0,384.0,RGB,JPEG,True,
/content/drive/MyDrive/Calorify/dataset/pizza/pizza_90.jpg,pizza_90.jpg,pizza,.jpg,54.8,512.0,512.0,RGB,JPEG,True,
/content/drive/MyDrive/Calorify/dataset/pizza/pizza_914.jpg,pizza_914.jpg,pizza,.jpg,45.56,512.0,384.0,RGB,JPEG,True,
/content/drive/MyDrive/Calorify/dataset/pizza/pizza_908.jpg,pizza_908.jpg,pizza,.jpg,52.34,512.0,382.0,RGB,JPEG,True,
/content/drive/MyDrive/Calorify/dataset/pizza/pizza_906.jpg,pizza_906.jpg,pizza,.jpg,141.5,1300.0,956.0,RGB,JPEG,True,
/content/drive/MyDrive/Calorify/dataset/pizza/pizza_88.jpg,pizza_88.jpg,pizza,.jpg,38.87,306.0,512.0,RGB,JPEG,True,
/content/drive/MyDrive/Calorify/dataset/pizza/pizza_952.jpg,pizza_952.jpg,pizza,.jpg,41.9,384.0,512.0,RGB,JPEG,True,
/content/drive/MyDrive/Calorify/dataset/pizza/pizza_932.jpg,pizza_932.jpg,pizza,.jpg,67.16,512.0,512.0,RGB,JPEG,True,
/content/drive/MyDrive/Calorify/dataset/pizza/pizza_946.jpg,pizza_946.jpg,pizza,.jpg,34.34,512.0,384.0,RGB,JPEG,True,
/content/drive/MyDrive/Calorify/dataset/pizza/pizza_944.jpg,pizza_944.jpg,pizza,.jpg,56.35,382.0,512.0,RGB,JPEG,True,
/content/drive/MyDrive/Calorify/dataset/pizza/pizza_938.jpg,pizza_938.jpg,pizza,.jpg,57.52,512.0,384.0,RGB,JPEG,True,
/content/drive/MyDrive/Calorify/dataset/pizza/pizza_951.jpg,pizza_951.jpg,pizza,.jpg,54.92,512.0,511.0,RGB,JPEG,True,
/content/drive/MyDrive/Calorify/dataset/pizza/pizza_948.jpg,pizza_948.jpg,pizza,.jpg,89.5,512.0,384.0,RGB,JPEG,True,
/content/drive/MyDrive/Calorify/dataset/pizza/pizza_922.jpg,pizza_922.jpg,pizza,.jpg,79.93,512.0,512.0,RGB,JPEG,True,
/content/drive/MyDrive/Calorify/dataset/pizza/pizza_919.jpg,pizza_919.jpg,pizza,.jpg,79.53,512.0,512.0,RGB,JPEG,True,
/content/drive/MyDrive/Calorify/dataset/pizza/pizza_93.jpg,pizza_93.jpg,pizza,.jpg,50.41,512.0,384.0,RGB,JPEG,True,
/content/drive/MyDrive/Calorify/dataset/pizza/pizza_95.jpg,pizza_95.jpg,pizza,.jpg,52.84,512.0,384.0,RGB,JPEG,True,
/content/drive/MyDrive/Calorify/dataset/pizza/pizza_925.jpg,pizza_925.jpg,pizza,.jpg,62.34,512.0,512.0,RGB,JPEG,True,
/content/drive/MyDrive/Calorify/dataset/pizza/pizza_950.jpg,pizza_950.jpg,pizza,.jpg,883.17,1000.0,717.0,RGB,JPEG,True,
/content/drive/MyDrive/Calorify/dataset/pizza/pizza_942.jpg,pizza_942.jpg,pizza,.jpg,48.15,384.0,512.0,RGB,JPEG,True,
/content/drive/MyDrive/Calorify/dataset/pizza/pizza_927.jpg,pizza_927.jpg,pizza,.jpg,68.5,512.0,512.0,RGB,JPEG,True,
/content/drive/MyDrive/Calorify/dataset/pizza/pizza_94.jpg,pizza_94.jpg,pizza,.jpg,54.85,384.0,512.0,RGB,JPEG,True,
/content/drive/MyDrive/Calorify/dataset/pizza/pizza_940.jpg,pizza_940.jpg,pizza,.jpg,84.71,512.0,512.0,RGB,JPEG,True,
/content/drive/MyDrive/Calorify/dataset/pizza/pizza_924.jpg,pizza_924.jpg,pizza,.jpg,58.19,512.0,512.0,RGB,JPEG,True,
/content/drive/MyDrive/Calorify/dataset/pizza/pizza_926.jpg,pizza_926.jpg,pizza,.jpg,30.58,288.0,512.0,RGB,JPEG,True,
/content/drive/MyDrive/Calorify/dataset/pizza/pizza_916.jpg,pizza_916.jpg,pizza,.jpg,65.24,512.0,410.0,RGB,JPEG,True,
/content/drive/MyDrive/Calorify/dataset/pizza/pizza_92.jpg,pizza_92.jpg,pizza,.jpg,59.51,512.0,512.0,RGB,JPEG,True,
/content/drive/MyDrive/Calorify/dataset/pizza/pizza_943.jpg,pizza_943.jpg,pizza,.jpg,43.94,512.0,382.0,RGB,JPEG,True,
/content/drive/MyDrive/Calorify/dataset/pizza/pizza_949.jpg,pizza_949.jpg,pizza,.jpg,79.94,512.0,512.0,RGB,JPEG,True,
/content/drive/MyDrive/Calorify/dataset/pizza/pizza_947.jpg,pizza_947.jpg,pizza,.jpg,98.06,512.0,512.0,RGB,JPEG,True,
/content/drive/MyDrive/Calorify/dataset/pizza/pizza_936.jpg,pizza_936.jpg,pizza,.jpg,51.62,512.0,384.0,RGB,JPEG,True,
/content/drive/MyDrive/Calorify/dataset/pizza/pizza_931.jpg,pizza_931.jpg,pizza,.jpg,65.26,512.0,512.0,RGB,JPEG,True,
/content/drive/MyDrive/Calorify/dataset/pizza/pizza_928.jpg,pizza_928.jpg,pizza,.jpg,42.54,384.0,512.0,RGB,JPEG,True,
/content/drive/MyDrive/Calorify/dataset/pizza/pizza_953.jpg,pizza_953.jpg,pizza,.jpg,40.44,512.0,382.0,RGB,JPEG,True,
/content/drive/MyDrive/Calorify/dataset/pizza/pizza_939.jpg,pizza_939.jpg,pizza,.jpg,40.15,512.0,384.0,RGB,JPEG,True,
/content/drive/MyDrive/Calorify/dataset/pizza/pizza_920.jpg,pizza_920.jpg,pizza,.jpg,86.54,512.0,512.0,RGB,JPEG,True,
/content/drive/MyDrive/Calorify/dataset/pizza/pizza_935.jpg,pizza_935.jpg,pizza,.jpg,115.32,512.0,512.0,RGB,JPEG,True,
/content/drive/MyDrive/Calorify/dataset/pizza/pizza_933.jpg,pizza_933.jpg,pizza,.jpg,31.11,512.0,383.0,RGB,JPEG,True,
/content/drive/MyDrive/Calorify/dataset/pizza/pizza_921.jpg,pizza_921.jpg,pizza,.jpg,56.54,512.0,512.0,RGB,JPEG,True,
/content/drive/MyDrive/Calorify/dataset/pizza/pizza_929.jpg,pizza_929.jpg,pizza,.jpg,53.54,512.0,512.0,RGB,JPEG,True,
/content/drive/MyDrive/Calorify/dataset/pizza/pizza_923.jpg,pizza_923.jpg,pizza,.jpg,65.32,382.0,512.0,RGB,JPEG,True,
/content/drive/MyDrive/Calorify/dataset/pizza/pizza_917.jpg,pizza_917.jpg,pizza,.jpg,34.91,287.0,512.0,RGB,JPEG,True,
/content/drive/MyDrive/Calorify/dataset/pizza/pizza_945.jpg,pizza_945.jpg,pizza,.jpg,37.88,384.0,512.0,RGB,JPEG,True,
/content/drive/MyDrive/Calorify/dataset/pizza/pizza_930.jpg,pizza_930.jpg,pizza,.jpg,32.15,384.0,512.0,RGB,JPEG,True,
/content/drive/MyDrive/Calorify/dataset/pizza/pizza_941.jpg,pizza_941.jpg,pizza,.jpg,119.25,512.0,344.0,RGB,JPEG,True,
/content/drive/MyDrive/Calorify/dataset/pizza/pizza_934.jpg,pizza_934.jpg,pizza,.jpg,50.67,382.0,512.0,RGB,JPEG,True,
/content/drive/MyDrive/Calorify/dataset/pizza/pizza_937.jpg,pizza_937.jpg,pizza,.jpg,36.22,512.0,382.0,RGB,JPEG,True,
/content/drive/MyDrive/Calorify/dataset/pizza/pizza_918.jpg,pizza_918.jpg,pizza,.jpg,63.5,512.0,512.0,RGB,JPEG,True,
/content/drive/MyDrive/Calorify/dataset/pizza/pizza_962.jpg,pizza_962.jpg,pizza,.jpg,41.37,512.0,384.0,RGB,JPEG,True,
/content/drive/MyDrive/Calorify/dataset/pizza/pizza_976.jpg,pizza_976.jpg,pizza,.jpg,49.55,512.0,512.0,RGB,JPEG,True,
/content/drive/MyDrive/Calorify/dataset/pizza/pizza_983.jpg,pizza_983.jpg,pizza,.jpg,44.49,512.0,384.0,RGB,JPEG,True,
/content/drive/MyDrive/Calorify/dataset/pizza/pizza_966.jpg,pizza_966.jpg,pizza,.jpg,46.06,384.0,512.0,RGB,JPEG,True,
/content/drive/MyDrive/Calorify/dataset/pizza/pizza_977.jpg,pizza_977.jpg,pizza,.jpg,88.21,512.0,384.0,RGB,JPEG,True,
/content/drive/MyDrive/Calorify/dataset/pizza/pizza_956.jpg,pizza_956.jpg,pizza,.jpg,61.92,512.0,512.0,RGB,JPEG,True,
/content/drive/MyDrive/Calorify/dataset/pizza/pizza_957.jpg,pizza_957.jpg,pizza,.jpg,53.8,342.0,512.0,RGB,JPEG,True,
/content/drive/MyDrive/Calorify/dataset/pizza/pizza_99.jpg,pizza_99.jpg,pizza,.jpg,51.41,512.0,384.0,RGB,JPEG,True,
/content/drive/MyDrive/Calorify/dataset/pizza/pizza_96.jpg,pizza_96.jpg,pizza,.jpg,568.7,800.0,1200.0,RGB,JPEG,True,
/content/drive/MyDrive/Calorify/dataset/pizza/pizza_985.jpg,pizza_985.jpg,pizza,.jpg,33.54,382.0,512.0,RGB,JPEG,True,
/content/drive/MyDrive/Calorify/dataset/pizza/pizza_978.jpg,pizza_978.jpg,pizza,.jpg,66.71,512.0,512.0,RGB,JPEG,True,
/content/drive/MyDrive/Calorify/dataset/pizza/pizza_982.jpg,pizza_982.jpg,pizza,.jpg,58.3,512.0,512.0,RGB,JPEG,True,
/content/drive/MyDrive/Calorify/dataset/pizza/pizza_979.jpg,pizza_979.jpg,pizza,.jpg,75.11,512.0,512.0,RGB,JPEG,True,
/content/drive/MyDrive/Calorify/dataset/pizza/pizza_960.jpg,pizza_960.jpg,pizza,.jpg,48.73,512.0,512.0,RGB,JPEG,True,
/content/drive/MyDrive/Calorify/dataset/pizza/pizza_974.jpg,pizza_974.jpg,pizza,.jpg,39.43,384.0,512.0,RGB,JPEG,True,
/content/drive/MyDrive/Calorify/dataset/pizza/pizza_986.jpg,pizza_986.jpg,pizza,.jpg,67.35,512.0,382.0,RGB,JPEG,True,
/content/drive/MyDrive/Calorify/dataset/pizza/pizza_963.jpg,pizza_963.jpg,pizza,.jpg,91.93,512.0,512.0,RGB,JPEG,True,
/content/drive/MyDrive/Calorify/dataset/pizza/pizza_954.jpg,pizza_954.jpg,pizza,.jpg,61.2,512.0,512.0,RGB,JPEG,True,
/content/drive/MyDrive/Calorify/dataset/pizza/pizza_955.jpg,pizza_955.jpg,pizza,.jpg,51.61,384.0,512.0,RGB,JPEG,True,
/content/drive/MyDrive/Calorify/dataset/pizza/pizza_971.jpg,pizza_971.jpg,pizza,.jpg,75.5,512.0,512.0,RGB,JPEG,True,
/content/drive/MyDrive/Calorify/dataset/pizza/pizza_987.jpg,pizza_987.jpg,pizza,.jpg,51.69,512.0,341.0,RGB,JPEG,True,
/content/drive/MyDrive/Calorify/dataset/pizza/pizza_981.jpg,pizza_981.jpg,pizza,.jpg,36.89,512.0,384.0,RGB,JPEG,True,
/content/drive/MyDrive/Calorify/dataset/pizza/pizza_990.jpg,pizza_990.jpg,pizza,.jpg,91.43,512.0,512.0,RGB,JPEG,True,
/content/drive/MyDrive/Calorify/dataset/pizza/pizza_961.jpg,pizza_961.jpg,pizza,.jpg,59.33,512.0,512.0,RGB,JPEG,True,
/content/drive/MyDrive/Calorify/dataset/pizza/pizza_980.jpg,pizza_980.jpg,pizza,.jpg,67.39,507.0,512.0,RGB,JPEG,True,
/content/drive/MyDrive/Calorify/dataset/pizza/pizza_969.jpg,pizza_969.jpg,pizza,.jpg,55.95,512.0,509.0,RGB,JPEG,True,
/content/drive/MyDrive/Calorify/dataset/pizza/pizza_968.jpg,pizza_968.jpg,pizza,.jpg,53.3,511.0,512.0,RGB,JPEG,True,
/content/drive/MyDrive/Calorify/dataset/pizza/pizza_964.jpg,pizza_964.jpg,pizza,.jpg,51.46,512.0,384.0,RGB,JPEG,True,
/content/drive/MyDrive/Calorify/dataset/pizza/pizza_97.jpg,pizza_97.jpg,pizza,.jpg,73.04,512.0,512.0,RGB,JPEG,True,
/content/drive/MyDrive/Calorify/dataset/pizza/pizza_970.jpg,pizza_970.jpg,pizza,.jpg,100.35,512.0,289.0,RGB,JPEG,True,
/content/drive/MyDrive/Calorify/dataset/pizza/pizza_967.jpg,pizza_967.jpg,pizza,.jpg,66.68,512.0,384.0,RGB,JPEG,True,
/content/drive/MyDrive/Calorify/dataset/pizza/pizza_973.jpg,pizza_973.jpg,pizza,.jpg,41.84,384.0,512.0,RGB,JPEG,True,
/content/drive/MyDrive/Calorify/dataset/pizza/pizza_965.jpg,pizza_965.jpg,pizza,.jpg,73.0,512.0,384.0,RGB,JPEG,True,
/content/drive/MyDrive/Calorify/dataset/pizza/pizza_958.jpg,pizza_958.jpg,pizza,.jpg,45.98,512.0,384.0,RGB,JPEG,True,
/content/drive/MyDrive/Calorify/dataset/pizza/pizza_988.jpg,pizza_988.jpg,pizza,.jpg,61.91,512.0,512.0,RGB,JPEG,True,
/content/drive/MyDrive/Calorify/dataset/pizza/pizza_959.jpg,pizza_959.jpg,pizza,.jpg,57.73,384.0,512.0,RGB,JPEG,True,
/content/drive/MyDrive/Calorify/dataset/pizza/pizza_98.jpg,pizza_98.jpg,pizza,.jpg,37.42,512.0,512.0,RGB,JPEG,True,
/content/drive/MyDrive/Calorify/dataset/pizza/pizza_989.jpg,pizza_989.jpg,pizza,.jpg,61.44,512.0,512.0,RGB,JPEG,True,
/content/drive/MyDrive/Calorify/dataset/pizza/pizza_972.jpg,pizza_972.jpg,pizza,.jpg,56.87,512.0,308.0,RGB,JPEG,True,
/content/drive/MyDrive/Calorify/dataset/pizza/pizza_975.jpg,pizza_975.jpg,pizza,.jpg,42.4,512.0,512.0,RGB,JPEG,True,
/content/drive/MyDrive/Calorify/dataset/pizza/pizza_984.jpg,pizza_984.jpg,pizza,.jpg,63.78,512.0,512.0,RGB,JPEG,True,
/content/drive/MyDrive/Calorify/dataset/pizza/pizza_997.jpg,pizza_997.jpg,pizza,.jpg,43.68,512.0,384.0,RGB,JPEG,True,
/content/drive/MyDrive/Calorify/dataset/pizza/pizza_998.jpg,pizza_998.jpg,pizza,.jpg,59.85,512.0,512.0,RGB,JPEG,True,
/content/drive/MyDrive/Calorify/dataset/pizza/pizza_999.jpg,pizza_999.jpg,pizza,.jpg,35.08,384.0,512.0,RGB,JPEG,True,
/content/drive/MyDrive/Calorify/dataset/pizza/pizza_996.jpg,pizza_996.jpg,pizza,.jpg,53.75,512.0,512.0,RGB,JPEG,True,
/content/drive/MyDrive/Calorify/dataset/pizza/pizza_992.jpg,pizza_992.jpg,pizza,.jpg,56.0,512.0,391.0,RGB,JPEG,True,
/content/drive/MyDrive/Calorify/dataset/pizza/pizza_995.jpg,pizza_995.jpg,pizza,.jpg,65.25,512.0,512.0,RGB,JPEG,True,
/content/drive/MyDrive/Calorify/dataset/pizza/pizza_994.jpg,pizza_994.jpg,pizza,.jpg,109.13,512.0,341.0,RGB,JPEG,True,
/content/drive/MyDrive/Calorify/dataset/pizza/pizza_993.jpg,pizza_993.jpg,pizza,.jpg,58.03,512.0,512.0,RGB,JPEG,True,
/content/drive/MyDrive/Calorify/dataset/pizza/pizza_991.jpg,pizza_991.jpg,pizza,.jpg,41.66,384.0,512.0,RGB,JPEG,True,
/content/drive/MyDrive/Calorify/dataset/pizza/1062.jpg,1062.jpg,pizza,.jpg,56.87,800.0,449.0,RGB,JPEG,True,
/content/drive/MyDrive/Calorify/dataset/pizza/1063.jpg,1063.jpg,pizza,.jpg,85.55,800.0,534.0,RGB,JPEG,True,
/content/drive/MyDrive/Calorify/dataset/pizza/1064.jpg,1064.jpg,pizza,.jpg,61.8,351.0,626.0,RGB,JPEG,True,
/content/drive/MyDrive/Calorify/dataset/pizza/1065.jpg,1065.jpg,pizza,.jpg,135.54,1470.0,980.0,RGB,JPEG,True,
/content/drive/MyDrive/Calorify/dataset/pizza/1066.jpg,1066.jpg,pizza,.jpg,319.38,1300.0,993.0,RGB,JPEG,True,
/content/drive/MyDrive/Calorify/dataset/pizza/1067.jpg,1067.jpg,pizza,.jpg,120.48,626.0,500.0,RGB,JPEG,True,
/content/drive/MyDrive/Calorify/dataset/pizza/1068.jpg,1068.jpg,pizza,.jpg,59.85,351.0,626.0,RGB,JPEG,True,
/content/drive/MyDrive/Calorify/dataset/pizza/1069.jpg,1069.jpg,pizza,.jpg,168.99,1300.0,956.0,RGB,JPEG,True,
/content/drive/MyDrive/Calorify/dataset/pizza/1070.jpg,1070.jpg,pizza,.jpg,116.38,866.0,1390.0,RGB,JPEG,True,
/content/drive/MyDrive/Calorify/dataset/pizza/1071.jpg,1071.jpg,pizza,.jpg,129.5,1470.0,980.0,RGB,JPEG,True,
/content/drive/MyDrive/Calorify/dataset/pizza/1072.jpg,1072.jpg,pizza,.jpg,115.81,1300.0,956.0,RGB,JPEG,True,
/content/drive/MyDrive/Calorify/dataset/pizza/1073.jpg,1073.jpg,pizza,.jpg,229.1,1300.0,956.0,RGB,JPEG,True,
/content/drive/MyDrive/Calorify/dataset/pizza/1074.jpg,1074.jpg,pizza,.jpg,38.14,626.0,417.0,RGB,JPEG,True,
/content/drive/MyDrive/Calorify/dataset/pizza/1075.jpg,1075.jpg,pizza,.jpg,217.09,1920.0,1920.0,RGB,JPEG,True,
/content/drive/MyDrive/Calorify/dataset/pizza/1076.jpg,1076.jpg,pizza,.jpg,70.87,800.0,603.0,RGB,JPEG,True,
/content/drive/MyDrive/Calorify/dataset/pizza/1078.jpg,1078.jpg,pizza,.jpg,65.11,800.0,533.0,RGB,JPEG,True,
/content/drive/MyDrive/Calorify/dataset/pizza/1079.jpg,1079.jpg,pizza,.jpg,545.9,1128.0,1600.0,RGB,JPEG,True,
/content/drive/MyDrive/Calorify/dataset/pizza/1081.jpg,1081.jpg,pizza,.jpg,31.27,626.0,313.0,RGB,JPEG,True,
/content/drive/MyDrive/Calorify/dataset/pizza/1082.jpg,1082.jpg,pizza,.jpg,129.46,1470.0,980.0,RGB,JPEG,True,
/content/drive/MyDrive/Calorify/dataset/pizza/1083.jpg,1083.jpg,pizza,.jpg,177.36,1200.0,1690.0,RGB,JPEG,True,
/content/drive/MyDrive/Calorify/dataset/pizza/1084.jpg,1084.jpg,pizza,.jpg,38.97,980.0,980.0,RGB,JPEG,True,
/content/drive/MyDrive/Calorify/dataset/pizza/1085.jpg,1085.jpg,pizza,.jpg,303.9,2000.0,1333.0,RGB,JPEG,True,
/content/drive/MyDrive/Calorify/dataset/pizza/1086.jpg,1086.jpg,pizza,.jpg,81.17,626.0,417.0,RGB,JPEG,True,
/content/drive/MyDrive/Calorify/dataset/pizza/1087.jpg,1087.jpg,pizza,.jpg,231.62,1300.0,952.0,RGB,JPEG,True,
/content/drive/MyDrive/Calorify/dataset/pizza/1088.jpg,1088.jpg,pizza,.jpg,1933.61,1500.0,1101.0,RGB,JPEG,True,
/content/drive/MyDrive/Calorify/dataset/pizza/1089.jpg,1089.jpg,pizza,.jpg,66.08,626.0,417.0,RGB,JPEG,True,
/content/drive/MyDrive/Calorify/dataset/pizza/1090.jpg,1090.jpg,pizza,.jpg,153.51,1300.0,982.0,RGB,JPEG,True,
/content/drive/MyDrive/Calorify/dataset/pizza/1091.jpg,1091.jpg,pizza,.jpg,141.74,1300.0,952.0,RGB,JPEG,True,
/content/drive/MyDrive/Calorify/dataset/pizza/1092.jpg,1092.jpg,pizza,.jpg,409.38,2000.0,1124.0,RGB,JPEG,True,
/content/drive/MyDrive/Calorify/dataset/pizza/1093.jpg,1093.jpg,pizza,.jpg,130.45,866.0,1390.0,RGB,JPEG,True,
/content/drive/MyDrive/Calorify/dataset/pizza/1094.jpg,1094.jpg,pizza,.jpg,145.42,706.0,1060.0,RGB,JPEG,True,
/content/drive/MyDrive/Calorify/dataset/pizza/1095.jpg,1095.jpg,pizza,.jpg,127.17,1300.0,956.0,RGB,JPEG,True,
/content/drive/MyDrive/Calorify/dataset/pizza/1096.jpg,1096.jpg,pizza,.jpg,154.95,1600.0,1157.0,RGB,JPEG,True,
/content/drive/MyDrive/Calorify/dataset/pizza/1097.jpg,1097.jpg,pizza,.jpg,203.62,1600.0,1156.0,RGB,JPEG,True,
/content/drive/MyDrive/Calorify/dataset/pizza/1098.jpg,1098.jpg,pizza,.jpg,43.2,800.0,534.0,RGB,JPEG,True,
/content/drive/MyDrive/Calorify/dataset/pizza/1099.jpg,1099.jpg,pizza,.jpg,54.36,612.0,612.0,RGB,JPEG,True,
/content/drive/MyDrive/Calorify/dataset/pizza/1100.jpg,1100.jpg,pizza,.jpg,163.52,1300.0,956.0,RGB,JPEG,True,
/content/drive/MyDrive/Calorify/dataset/pizza/1101.jpg,1101.jpg,pizza,.jpg,101.64,626.0,358.0,RGB,JPEG,True,
/content/drive/MyDrive/Calorify/dataset/pizza/1102.jpg,1102.jpg,pizza,.jpg,97.05,626.0,358.0,RGB,JPEG,True,
/content/drive/MyDrive/Calorify/dataset/pizza/1103.jpg,1103.jpg,pizza,.jpg,113.53,626.0,626.0,RGB,JPEG,True,
/content/drive/MyDrive/Calorify/dataset/pizza/1104.jpg,1104.jpg,pizza,.jpg,115.88,626.0,626.0,RGB,JPEG,True,
/content/drive/MyDrive/Calorify/dataset/pizza/1106.jpg,1106.jpg,pizza,.jpg,55.55,612.0,612.0,RGB,JPEG,True,
/content/drive/MyDrive/Calorify/dataset/pizza/1105.jpg,1105.jpg,pizza,.jpg,59.92,500.0,371.0,RGB,JPEG,True,
/content/drive/MyDrive/Calorify/dataset/pizza/1107.jpg,1107.jpg,pizza,.jpg,310.21,1500.0,1000.0,RGB,JPEG,True,
/content/drive/MyDrive/Calorify/dataset/pizza/1108.jpg,1108.jpg,pizza,.jpg,176.37,1049.0,700.0,RGB,JPEG,True,
/content/drive/MyDrive/Calorify/dataset/pizza/1109.jpg,1109.jpg,pizza,.jpg,515.88,1500.0,1101.0,RGB,JPEG,True,
/content/drive/MyDrive/Calorify/dataset/pizza/1110.jpg,1110.jpg,pizza,.jpg,127.87,735.0,919.0,RGB,JPEG,True,
/content/drive/MyDrive/Calorify/dataset/pizza/1111.jpg,1111.jpg,pizza,.jpg,91.98,600.0,400.0,RGB,WEBP,True,
/content/drive/MyDrive/Calorify/dataset/pizza/1112.jpg,1112.jpg,pizza,.jpg,75.95,1300.0,876.0,RGB,JPEG,True,
/content/drive/MyDrive/Calorify/dataset/pizza/1114.jpg,1114.jpg,pizza,.jpg,1215.61,730.0,567.0,RGBA,PNG,True,
/content/drive/MyDrive/Calorify/dataset/pizza/1115.jpg,1115.jpg,pizza,.jpg,305.68,1536.0,1024.0,RGB,JPEG,True,
/content/drive/MyDrive/Calorify/dataset/pizza/1116.jpg,1116.jpg,pizza,.jpg,175.35,1600.0,1157.0,RGB,JPEG,True,
/content/drive/MyDrive/Calorify/dataset/pizza/1117.jpg,1117.jpg,pizza,.jpg,675.07,1280.0,720.0,RGB,JPEG,True,
/content/drive/MyDrive/Calorify/dataset/pizza/1118.jpg,1118.jpg,pizza,.jpg,1265.65,1800.0,1800.0,RGB,JPEG,True,
/content/drive/MyDrive/Calorify/dataset/pizza/1119.jpg,1119.jpg,pizza,.jpg,300.65,1600.0,1157.0,RGB,JPEG,True,
/content/drive/MyDrive/Calorify/dataset/pizza/1120.jpg,1120.jpg,pizza,.jpg,50.9,626.0,417.0,RGB,JPEG,True,
/content/drive/MyDrive/Calorify/dataset/pizza/1121.jpg,1121.jpg,pizza,.jpg,135.02,1400.0,1400.0,RGB,JPEG,True,
/content/drive/MyDrive/Calorify/dataset/pizza/1122.jpg,1122.jpg,pizza,.jpg,113.98,1200.0,800.0,RGB,JPEG,True,
/content/drive/MyDrive/Calorify/dataset/pizza/1123.jpg,1123.jpg,pizza,.jpg,95.55,800.0,600.0,RGB,JPEG,True,
/content/drive/MyDrive/Calorify/dataset/pizza/1125.jpg,1125.jpg,pizza,.jpg,84.24,540.0,360.0,RGB,JPEG,True,
/content/drive/MyDrive/Calorify/dataset/pizza/1126.jpg,1126.jpg,pizza,.jpg,238.56,1500.0,1000.0,RGB,JPEG,True,
/content/drive/MyDrive/Calorify/dataset/pizza/1127.jpg,1127.jpg,pizza,.jpg,94.81,800.0,600.0,RGB,JPEG,True,
/content/drive/MyDrive/Calorify/dataset/pizza/1130.jpg,1130.jpg,pizza,.jpg,55.86,643.0,360.0,RGB,JPEG,True,
/content/drive/MyDrive/Calorify/dataset/pizza/1129.jpg,1129.jpg,pizza,.jpg,66.09,540.0,360.0,RGB,JPEG,True,
/content/drive/MyDrive/Calorify/dataset/pizza/1131.jpg,1131.jpg,pizza,.jpg,73.87,643.0,360.0,RGB,JPEG,True,
/content/drive/MyDrive/Calorify/dataset/pizza/1132.jpg,1132.jpg,pizza,.jpg,798.18,1400.0,1053.0,P,PNG,True,
/content/drive/MyDrive/Calorify/dataset/pizza/1133.jpg,1133.jpg,pizza,.jpg,527.31,2100.0,1182.0,RGB,JPEG,True,
/content/drive/MyDrive/Calorify/dataset/pizza/1134.jpg,1134.jpg,pizza,.jpg,1222.04,3888.0,5184.0,RGB,JPEG,True,
/content/drive/MyDrive/Calorify/dataset/pizza/1135.jpg,1135.jpg,pizza,.jpg,50.61,626.0,357.0,RGB,JPEG,True,
/content/drive/MyDrive/Calorify/dataset/pizza/1136.jpg,1136.jpg,pizza,.jpg,62.51,626.0,417.0,RGB,JPEG,True,
/content/drive/MyDrive/Calorify/dataset/pizza/1137.jpg,1137.jpg,pizza,.jpg,87.17,800.0,548.0,RGB,JPEG,True,
/content/drive/MyDrive/Calorify/dataset/pizza/1139.jpg,1139.jpg,pizza,.jpg,44.68,500.0,750.0,RGB,JPEG,True,
/content/drive/MyDrive/Calorify/dataset/pizza/1138.jpg,1138.jpg,pizza,.jpg,110.34,626.0,626.0,RGB,JPEG,True,
/content/drive/MyDrive/Calorify/dataset/pizza/1140.jpg,1140.jpg,pizza,.jpg,145.15,626.0,626.0,RGB,JPEG,True,
/content/drive/MyDrive/Calorify/dataset/pizza/1141.jpg,1141.jpg,pizza,.jpg,46.11,626.0,417.0,RGB,JPEG,True,
/content/drive/MyDrive/Calorify/dataset/pizza/1142.jpg,1142.jpg,pizza,.jpg,44.28,600.0,400.0,RGB,JPEG,True,
/content/drive/MyDrive/Calorify/dataset/pizza/1144.jpg,1144.jpg,pizza,.jpg,357.59,1536.0,1158.0,RGB,JPEG,True,
/content/drive/MyDrive/Calorify/dataset/pizza/1145.jpg,1145.jpg,pizza,.jpg,110.36,626.0,626.0,RGB,JPEG,True,
/content/drive/MyDrive/Calorify/dataset/pizza/1146.jpg,1146.jpg,pizza,.jpg,45.33,600.0,600.0,RGB,JPEG,True,
/content/drive/MyDrive/Calorify/dataset/pizza/1147.jpg,1147.jpg,pizza,.jpg,102.04,870.0,580.0,RGB,WEBP,True,
/content/drive/MyDrive/Calorify/dataset/pizza/1148.jpg,1148.jpg,pizza,.jpg,135.81,1024.0,536.0,RGB,JPEG,True,
/content/drive/MyDrive/Calorify/dataset/pizza/1149.jpg,1149.jpg,pizza,.jpg,87.37,667.0,334.0,RGB,JPEG,True,
/content/drive/MyDrive/Calorify/dataset/pizza/1150.jpg,1150.jpg,pizza,.jpg,141.5,1300.0,956.0,RGB,JPEG,True,
/content/drive/MyDrive/Calorify/dataset/pizza/1151.jpg,1151.jpg,pizza,.jpg,185.01,1200.0,630.0,RGB,JPEG,True,
/content/drive/MyDrive/Calorify/dataset/pizza/1152.jpg,1152.jpg,pizza,.jpg,396.86,927.0,1200.0,RGB,WEBP,True,
/content/drive/MyDrive/Calorify/dataset/pizza/1153.jpg,1153.jpg,pizza,.jpg,100.99,940.0,436.0,RGB,JPEG,True,
/content/drive/MyDrive/Calorify/dataset/pizza/1154.jpg,1154.jpg,pizza,.jpg,226.41,1640.0,582.0,RGB,JPEG,True,
/content/drive/MyDrive/Calorify/dataset/pizza/1155.jpg,1155.jpg,pizza,.jpg,46.63,300.0,300.0,RGBA,PNG,True,
/content/drive/MyDrive/Calorify/dataset/pizza/1156.jpg,1156.jpg,pizza,.jpg,192.52,500.0,480.0,RGB,JPEG,True,
/content/drive/MyDrive/Calorify/dataset/pizza/1157.jpg,1157.jpg,pizza,.jpg,435.34,1500.0,1500.0,RGB,WEBP,True,
/content/drive/MyDrive/Calorify/dataset/pizza/pizza_1.jpg,pizza_1.jpg,pizza,.jpg,93.66,1140.0,500.0,RGB,JPEG,True,
/content/drive/MyDrive/Calorify/dataset/pizza/pizza_0.jpg,pizza_0.jpg,pizza,.jpg,20.01,248.0,180.0,RGB,JPEG,True,
/content/drive/MyDrive/Calorify/dataset/pizza/pizza_1018.jpg,pizza_1018.jpg,pizza,.jpg,29.93,512.0,287.0,RGB,JPEG,True,
/content/drive/MyDrive/Calorify/dataset/pizza/pizza_100.jpg,pizza_100.jpg,pizza,.jpg,62.81,512.0,512.0,RGB,JPEG,True,
/content/drive/MyDrive/Calorify/dataset/pizza/pizza_1034.jpg,pizza_1034.jpg,pizza,.jpg,61.28,512.0,512.0,RGB,JPEG,True,
/content/drive/MyDrive/Calorify/dataset/pizza/pizza_1005.jpg,pizza_1005.jpg,pizza,.jpg,40.96,512.0,512.0,RGB,JPEG,True,
/content/drive/MyDrive/Calorify/dataset/pizza/pizza_1001.jpg,pizza_1001.jpg,pizza,.jpg,54.15,512.0,512.0,RGB,JPEG,True,
/content/drive/MyDrive/Calorify/dataset/pizza/pizza_1033.jpg,pizza_1033.jpg,pizza,.jpg,59.73,512.0,512.0,RGB,JPEG,True,
/content/drive/MyDrive/Calorify/dataset/pizza/pizza_1008.jpg,pizza_1008.jpg,pizza,.jpg,46.96,512.0,512.0,RGB,JPEG,True,
/content/drive/MyDrive/Calorify/dataset/pizza/pizza_1009.jpg,pizza_1009.jpg,pizza,.jpg,51.27,512.0,512.0,RGB,JPEG,True,
/content/drive/MyDrive/Calorify/dataset/pizza/pizza_102.jpg,pizza_102.jpg,pizza,.jpg,61.16,512.0,384.0,RGB,JPEG,True,
/content/drive/MyDrive/Calorify/dataset/pizza/pizza_1023.jpg,pizza_1023.jpg,pizza,.jpg,50.98,384.0,512.0,RGB,JPEG,True,
/content/drive/MyDrive/Calorify/dataset/pizza/pizza_1020.jpg,pizza_1020.jpg,pizza,.jpg,43.45,512.0,385.0,RGB,JPEG,True,
/content/drive/MyDrive/Calorify/dataset/pizza/pizza_1007.jpg,pizza_1007.jpg,pizza,.jpg,75.44,512.0,384.0,RGB,JPEG,True,
/content/drive/MyDrive/Calorify/dataset/pizza/pizza_1025.jpg,pizza_1025.jpg,pizza,.jpg,54.42,512.0,341.0,RGB,JPEG,True,
/content/drive/MyDrive/Calorify/dataset/pizza/pizza_1000.jpg,pizza_1000.jpg,pizza,.jpg,44.12,384.0,512.0,RGB,JPEG,True,
/content/drive/MyDrive/Calorify/dataset/pizza/pizza_1011.jpg,pizza_1011.jpg,pizza,.jpg,63.87,512.0,384.0,RGB,JPEG,True,
/content/drive/MyDrive/Calorify/dataset/pizza/pizza_1028.jpg,pizza_1028.jpg,pizza,.jpg,61.5,512.0,512.0,RGB,JPEG,True,
/content/drive/MyDrive/Calorify/dataset/pizza/pizza_1021.jpg,pizza_1021.jpg,pizza,.jpg,77.8,512.0,384.0,RGB,JPEG,True,
/content/drive/MyDrive/Calorify/dataset/pizza/pizza_1004.jpg,pizza_1004.jpg,pizza,.jpg,62.42,512.0,512.0,RGB,JPEG,True,
/content/drive/MyDrive/Calorify/dataset/pizza/pizza_1035.jpg,pizza_1035.jpg,pizza,.jpg,54.45,512.0,512.0,RGB,JPEG,True,
/content/drive/MyDrive/Calorify/dataset/pizza/pizza_10.jpg,pizza_10.jpg,pizza,.jpg,74.34,512.0,512.0,RGB,JPEG,True,
/content/drive/MyDrive/Calorify/dataset/pizza/pizza_1016.jpg,pizza_1016.jpg,pizza,.jpg,37.33,512.0,306.0,RGB,JPEG,True,
/content/drive/MyDrive/Calorify/dataset/pizza/pizza_1015.jpg,pizza_1015.jpg,pizza,.jpg,59.26,512.0,512.0,RGB,JPEG,True,
/content/drive/MyDrive/Calorify/dataset/pizza/pizza_1026.jpg,pizza_1026.jpg,pizza,.jpg,45.56,512.0,512.0,RGB,JPEG,True,
/content/drive/MyDrive/Calorify/dataset/pizza/pizza_1003.jpg,pizza_1003.jpg,pizza,.jpg,36.9,384.0,512.0,RGB,JPEG,True,
/content/drive/MyDrive/Calorify/dataset/pizza/pizza_1024.jpg,pizza_1024.jpg,pizza,.jpg,57.69,512.0,512.0,RGB,JPEG,True,
/content/drive/MyDrive/Calorify/dataset/pizza/pizza_1027.jpg,pizza_1027.jpg,pizza,.jpg,59.97,512.0,511.0,RGB,JPEG,True,
/content/drive/MyDrive/Calorify/dataset/pizza/pizza_1012.jpg,pizza_1012.jpg,pizza,.jpg,33.71,512.0,287.0,RGB,JPEG,True,
/content/drive/MyDrive/Calorify/dataset/pizza/pizza_1017.jpg,pizza_1017.jpg,pizza,.jpg,32.18,512.0,306.0,RGB,JPEG,True,
/content/drive/MyDrive/Calorify/dataset/pizza/pizza_101.jpg,pizza_101.jpg,pizza,.jpg,63.35,341.0,512.0,RGB,JPEG,True,
/content/drive/MyDrive/Calorify/dataset/pizza/pizza_103.jpg,pizza_103.jpg,pizza,.jpg,72.32,512.0,512.0,RGB,JPEG,True,
/content/drive/MyDrive/Calorify/dataset/pizza/pizza_1022.jpg,pizza_1022.jpg,pizza,.jpg,34.88,512.0,341.0,RGB,JPEG,True,
/content/drive/MyDrive/Calorify/dataset/pizza/pizza_1002.jpg,pizza_1002.jpg,pizza,.jpg,56.92,512.0,341.0,RGB,JPEG,True,
/content/drive/MyDrive/Calorify/dataset/pizza/pizza_1014.jpg,pizza_1014.jpg,pizza,.jpg,49.77,512.0,384.0,RGB,JPEG,True,
/content/drive/MyDrive/Calorify/dataset/pizza/pizza_1029.jpg,pizza_1029.jpg,pizza,.jpg,73.77,384.0,512.0,RGB,JPEG,True,
/content/drive/MyDrive/Calorify/dataset/pizza/pizza_1031.jpg,pizza_1031.jpg,pizza,.jpg,49.48,384.0,512.0,RGB,JPEG,True,
/content/drive/MyDrive/Calorify/dataset/pizza/pizza_1010.jpg,pizza_1010.jpg,pizza,.jpg,70.77,512.0,512.0,RGB,JPEG,True,
/content/drive/MyDrive/Calorify/dataset/pizza/pizza_1032.jpg,pizza_1032.jpg,pizza,.jpg,116.14,512.0,384.0,RGB,JPEG,True,
/content/drive/MyDrive/Calorify/dataset/pizza/pizza_1013.jpg,pizza_1013.jpg,pizza,.jpg,61.15,512.0,512.0,RGB,JPEG,True,
/content/drive/MyDrive/Calorify/dataset/pizza/pizza_1019.jpg,pizza_1019.jpg,pizza,.jpg,55.03,512.0,512.0,RGB,JPEG,True,
/content/drive/MyDrive/Calorify/dataset/pizza/pizza_1036.jpg,pizza_1036.jpg,pizza,.jpg,54.51,512.0,384.0,RGB,JPEG,True,
/content/drive/MyDrive/Calorify/dataset/pizza/pizza_1006.jpg,pizza_1006.jpg,pizza,.jpg,37.81,512.0,341.0,RGB,JPEG,True,
/content/drive/MyDrive/Calorify/dataset/pizza/pizza_1030.jpg,pizza_1030.jpg,pizza,.jpg,44.77,384.0,512.0,RGB,JPEG,True,
/content/drive/MyDrive/Calorify/dataset/pizza/pizza_109.jpg,pizza_109.jpg,pizza,.jpg,58.09,512.0,512.0,RGB,JPEG,True,
/content/drive/MyDrive/Calorify/dataset/pizza/pizza_1049.jpg,pizza_1049.jpg,pizza,.jpg,66.85,512.0,512.0,RGB,JPEG,True,
/content/drive/MyDrive/Calorify/dataset/pizza/pizza_1054.jpg,pizza_1054.jpg,pizza,.jpg,66.59,512.0,512.0,RGB,JPEG,True,
/content/drive/MyDrive/Calorify/dataset/pizza/pizza_111.jpg,pizza_111.jpg,pizza,.jpg,49.93,510.0,512.0,RGB,JPEG,True,
/content/drive/MyDrive/Calorify/dataset/pizza/pizza_1060.jpg,pizza_1060.jpg,pizza,.jpg,55.46,382.0,512.0,RGB,JPEG,True,
/content/drive/MyDrive/Calorify/dataset/pizza/pizza_1038.jpg,pizza_1038.jpg,pizza,.jpg,67.55,512.0,512.0,RGB,JPEG,True,
/content/drive/MyDrive/Calorify/dataset/pizza/pizza_1058.jpg,pizza_1058.jpg,pizza,.jpg,56.04,512.0,512.0,RGB,JPEG,True,
/content/drive/MyDrive/Calorify/dataset/pizza/pizza_1044.jpg,pizza_1044.jpg,pizza,.jpg,51.45,512.0,446.0,RGB,JPEG,True,
/content/drive/MyDrive/Calorify/dataset/pizza/pizza_108.jpg,pizza_108.jpg,pizza,.jpg,66.38,512.0,512.0,RGB,JPEG,True,
/content/drive/MyDrive/Calorify/dataset/pizza/pizza_1055.jpg,pizza_1055.jpg,pizza,.jpg,76.94,512.0,512.0,RGB,JPEG,True,
/content/drive/MyDrive/Calorify/dataset/pizza/pizza_105.jpg,pizza_105.jpg,pizza,.jpg,125.84,512.0,512.0,RGB,JPEG,True,
/content/drive/MyDrive/Calorify/dataset/pizza/pizza_117.jpg,pizza_117.jpg,pizza,.jpg,49.6,512.0,384.0,RGB,JPEG,True,
/content/drive/MyDrive/Calorify/dataset/pizza/pizza_1046.jpg,pizza_1046.jpg,pizza,.jpg,55.99,512.0,512.0,RGB,JPEG,True,
/content/drive/MyDrive/Calorify/dataset/pizza/pizza_1041.jpg,pizza_1041.jpg,pizza,.jpg,102.27,512.0,384.0,RGB,JPEG,True,
/content/drive/MyDrive/Calorify/dataset/pizza/pizza_104.jpg,pizza_104.jpg,pizza,.jpg,55.68,512.0,512.0,RGB,JPEG,True,
/content/drive/MyDrive/Calorify/dataset/pizza/pizza_1040.jpg,pizza_1040.jpg,pizza,.jpg,84.09,512.0,512.0,RGB,JPEG,True,
/content/drive/MyDrive/Calorify/dataset/pizza/pizza_115.jpg,pizza_115.jpg,pizza,.jpg,91.35,512.0,384.0,RGB,JPEG,True,
/content/drive/MyDrive/Calorify/dataset/pizza/pizza_1047.jpg,pizza_1047.jpg,pizza,.jpg,46.46,384.0,512.0,RGB,JPEG,True,
/content/drive/MyDrive/Calorify/dataset/pizza/pizza_1045.jpg,pizza_1045.jpg,pizza,.jpg,41.74,512.0,384.0,RGB,JPEG,True,
/content/drive/MyDrive/Calorify/dataset/pizza/pizza_1057.jpg,pizza_1057.jpg,pizza,.jpg,74.29,512.0,512.0,RGB,JPEG,True,
/content/drive/MyDrive/Calorify/dataset/pizza/pizza_1056.jpg,pizza_1056.jpg,pizza,.jpg,46.29,512.0,306.0,RGB,JPEG,True,
/content/drive/MyDrive/Calorify/dataset/pizza/pizza_1039.jpg,pizza_1039.jpg,pizza,.jpg,50.43,512.0,512.0,RGB,JPEG,True,
/content/drive/MyDrive/Calorify/dataset/pizza/pizza_1052.jpg,pizza_1052.jpg,pizza,.jpg,52.58,512.0,512.0,RGB,JPEG,True,
/content/drive/MyDrive/Calorify/dataset/pizza/pizza_106.jpg,pizza_106.jpg,pizza,.jpg,57.76,512.0,512.0,RGB,JPEG,True,
/content/drive/MyDrive/Calorify/dataset/pizza/pizza_119.jpg,pizza_119.jpg,pizza,.jpg,57.46,384.0,512.0,RGB,JPEG,True,
/content/drive/MyDrive/Calorify/dataset/pizza/pizza_107.jpg,pizza_107.jpg,pizza,.jpg,1166.4,2000.0,2500.0,RGB,JPEG,True,
/content/drive/MyDrive/Calorify/dataset/pizza/pizza_1048.jpg,pizza_1048.jpg,pizza,.jpg,56.54,512.0,512.0,RGB,JPEG,True,
/content/drive/MyDrive/Calorify/dataset/pizza/pizza_113.jpg,pizza_113.jpg,pizza,.jpg,57.51,512.0,512.0,RGB,JPEG,True,
/content/drive/MyDrive/Calorify/dataset/pizza/pizza_12.jpg,pizza_12.jpg,pizza,.jpg,60.38,512.0,512.0,RGB,JPEG,True,
/content/drive/MyDrive/Calorify/dataset/pizza/pizza_1051.jpg,pizza_1051.jpg,pizza,.jpg,38.04,512.0,384.0,RGB,JPEG,True,
/content/drive/MyDrive/Calorify/dataset/pizza/pizza_1053.jpg,pizza_1053.jpg,pizza,.jpg,64.86,512.0,384.0,RGB,JPEG,True,
/content/drive/MyDrive/Calorify/dataset/pizza/pizza_110.jpg,pizza_110.jpg,pizza,.jpg,26.5,306.0,512.0,RGB,JPEG,True,
/content/drive/MyDrive/Calorify/dataset/pizza/pizza_11.jpg,pizza_11.jpg,pizza,.jpg,64.73,512.0,340.0,RGB,JPEG,True,
/content/drive/MyDrive/Calorify/dataset/pizza/pizza_1042.jpg,pizza_1042.jpg,pizza,.jpg,38.74,512.0,384.0,RGB,JPEG,True,
/content/drive/MyDrive/Calorify/dataset/pizza/pizza_118.jpg,pizza_118.jpg,pizza,.jpg,1265.65,1800.0,1800.0,RGB,JPEG,True,
/content/drive/MyDrive/Calorify/dataset/pizza/pizza_112.jpg,pizza_112.jpg,pizza,.jpg,62.77,512.0,512.0,RGB,JPEG,True,
/content/drive/MyDrive/Calorify/dataset/pizza/pizza_120.jpg,pizza_120.jpg,pizza,.jpg,45.52,384.0,512.0,RGB,JPEG,True,
/content/drive/MyDrive/Calorify/dataset/pizza/pizza_1059.jpg,pizza_1059.jpg,pizza,.jpg,41.21,512.0,509.0,RGB,JPEG,True,
/content/drive/MyDrive/Calorify/dataset/pizza/pizza_114.jpg,pizza_114.jpg,pizza,.jpg,71.49,512.0,512.0,RGB,JPEG,True,
/content/drive/MyDrive/Calorify/dataset/pizza/pizza_1050.jpg,pizza_1050.jpg,pizza,.jpg,57.74,512.0,511.0,RGB,JPEG,True,
/content/drive/MyDrive/Calorify/dataset/pizza/pizza_116.jpg,pizza_116.jpg,pizza,.jpg,32.07,512.0,307.0,RGB,JPEG,True,
/content/drive/MyDrive/Calorify/dataset/pizza/pizza_1043.jpg,pizza_1043.jpg,pizza,.jpg,29.17,512.0,384.0,RGB,JPEG,True,
/content/drive/MyDrive/Calorify/dataset/pizza/pizza_1037.jpg,pizza_1037.jpg,pizza,.jpg,55.07,512.0,512.0,RGB,JPEG,True,
/content/drive/MyDrive/Calorify/dataset/pizza/pizza_130.jpg,pizza_130.jpg,pizza,.jpg,76.3,512.0,384.0,RGB,JPEG,True,
/content/drive/MyDrive/Calorify/dataset/pizza/pizza_154.jpg,pizza_154.jpg,pizza,.jpg,54.89,512.0,512.0,RGB,JPEG,True,
/content/drive/MyDrive/Calorify/dataset/pizza/pizza_156.jpg,pizza_156.jpg,pizza,.jpg,58.81,512.0,512.0,RGB,JPEG,True,
/content/drive/MyDrive/Calorify/dataset/pizza/pizza_141.jpg,pizza_141.jpg,pizza,.jpg,53.13,512.0,512.0,RGB,JPEG,True,
/content/drive/MyDrive/Calorify/dataset/pizza/pizza_153.jpg,pizza_153.jpg,pizza,.jpg,70.08,512.0,512.0,RGB,JPEG,True,
/content/drive/MyDrive/Calorify/dataset/pizza/pizza_127.jpg,pizza_127.jpg,pizza,.jpg,51.32,384.0,512.0,RGB,JPEG,True,
/content/drive/MyDrive/Calorify/dataset/pizza/pizza_158.jpg,pizza_158.jpg,pizza,.jpg,84.75,512.0,384.0,RGB,JPEG,True,
/content/drive/MyDrive/Calorify/dataset/pizza/pizza_152.jpg,pizza_152.jpg,pizza,.jpg,49.46,512.0,512.0,RGB,JPEG,True,
/content/drive/MyDrive/Calorify/dataset/pizza/pizza_147.jpg,pizza_147.jpg,pizza,.jpg,26.33,512.0,512.0,RGB,JPEG,True,
/content/drive/MyDrive/Calorify/dataset/pizza/pizza_143.jpg,pizza_143.jpg,pizza,.jpg,57.8,512.0,512.0,RGB,JPEG,True,
/content/drive/MyDrive/Calorify/dataset/pizza/pizza_135.jpg,pizza_135.jpg,pizza,.jpg,72.82,512.0,288.0,RGB,JPEG,True,
/content/drive/MyDrive/Calorify/dataset/pizza/pizza_123.jpg,pizza_123.jpg,pizza,.jpg,64.24,512.0,512.0,RGB,JPEG,True,
/content/drive/MyDrive/Calorify/dataset/pizza/pizza_13.jpg,pizza_13.jpg,pizza,.jpg,41.55,384.0,512.0,RGB,JPEG,True,
/content/drive/MyDrive/Calorify/dataset/pizza/pizza_142.jpg,pizza_142.jpg,pizza,.jpg,48.01,382.0,512.0,RGB,JPEG,True,
/content/drive/MyDrive/Calorify/dataset/pizza/pizza_16.jpg,pizza_16.jpg,pizza,.jpg,55.62,512.0,335.0,RGB,JPEG,True,
/content/drive/MyDrive/Calorify/dataset/pizza/pizza_128.jpg,pizza_128.jpg,pizza,.jpg,57.61,512.0,512.0,RGB,JPEG,True,
/content/drive/MyDrive/Calorify/dataset/pizza/pizza_126.jpg,pizza_126.jpg,pizza,.jpg,45.1,382.0,512.0,RGB,JPEG,True,
/content/drive/MyDrive/Calorify/dataset/pizza/pizza_129.jpg,pizza_129.jpg,pizza,.jpg,2073.16,3000.0,3000.0,RGB,JPEG,True,
/content/drive/MyDrive/Calorify/dataset/pizza/pizza_15.jpg,pizza_15.jpg,pizza,.jpg,61.01,512.0,511.0,RGB,JPEG,True,
/content/drive/MyDrive/Calorify/dataset/pizza/pizza_138.jpg,pizza_138.jpg,pizza,.jpg,64.67,512.0,512.0,RGB,JPEG,True,
/content/drive/MyDrive/Calorify/dataset/pizza/pizza_14.jpg,pizza_14.jpg,pizza,.jpg,54.68,512.0,384.0,RGB,JPEG,True,
/content/drive/MyDrive/Calorify/dataset/pizza/pizza_124.jpg,pizza_124.jpg,pizza,.jpg,52.56,512.0,384.0,RGB,JPEG,True,
/content/drive/MyDrive/Calorify/dataset/pizza/pizza_157.jpg,pizza_157.jpg,pizza,.jpg,42.88,384.0,512.0,RGB,JPEG,True,
/content/drive/MyDrive/Calorify/dataset/pizza/pizza_148.jpg,pizza_148.jpg,pizza,.jpg,53.23,512.0,512.0,RGB,JPEG,True,
/content/drive/MyDrive/Calorify/dataset/pizza/pizza_122.jpg,pizza_122.jpg,pizza,.jpg,51.86,512.0,384.0,RGB,JPEG,True,
/content/drive/MyDrive/Calorify/dataset/pizza/pizza_132.jpg,pizza_132.jpg,pizza,.jpg,80.18,512.0,512.0,RGB,JPEG,True,
/content/drive/MyDrive/Calorify/dataset/pizza/pizza_133.jpg,pizza_133.jpg,pizza,.jpg,64.0,512.0,384.0,RGB,JPEG,True,
/content/drive/MyDrive/Calorify/dataset/pizza/pizza_131.jpg,pizza_131.jpg,pizza,.jpg,63.74,512.0,512.0,RGB,JPEG,True,
/content/drive/MyDrive/Calorify/dataset/pizza/pizza_151.jpg,pizza_151.jpg,pizza,.jpg,222.15,900.0,600.0,RGB,JPEG,True,
/content/drive/MyDrive/Calorify/dataset/pizza/pizza_149.jpg,pizza_149.jpg,pizza,.jpg,83.14,512.0,512.0,RGB,JPEG,True,
/content/drive/MyDrive/Calorify/dataset/pizza/pizza_139.jpg,pizza_139.jpg,pizza,.jpg,62.58,512.0,512.0,RGB,JPEG,True,
/content/drive/MyDrive/Calorify/dataset/pizza/pizza_144.jpg,pizza_144.jpg,pizza,.jpg,46.92,512.0,384.0,RGB,JPEG,True,
/content/drive/MyDrive/Calorify/dataset/pizza/pizza_137.jpg,pizza_137.jpg,pizza,.jpg,49.37,512.0,384.0,RGB,JPEG,True,
/content/drive/MyDrive/Calorify/dataset/pizza/pizza_155.jpg,pizza_155.jpg,pizza,.jpg,76.74,512.0,512.0,RGB,JPEG,True,
/content/drive/MyDrive/Calorify/dataset/pizza/pizza_125.jpg,pizza_125.jpg,pizza,.jpg,60.51,512.0,512.0,RGB,JPEG,True,
/content/drive/MyDrive/Calorify/dataset/pizza/pizza_136.jpg,pizza_136.jpg,pizza,.jpg,59.28,512.0,512.0,RGB,JPEG,True,
/content/drive/MyDrive/Calorify/dataset/pizza/pizza_145.jpg,pizza_145.jpg,pizza,.jpg,43.97,384.0,512.0,RGB,JPEG,True,
/content/drive/MyDrive/Calorify/dataset/pizza/pizza_146.jpg,pizza_146.jpg,pizza,.jpg,84.36,383.0,512.0,RGB,JPEG,True,
/content/drive/MyDrive/Calorify/dataset/pizza/pizza_134.jpg,pizza_134.jpg,pizza,.jpg,44.66,512.0,366.0,RGB,JPEG,True,
/content/drive/MyDrive/Calorify/dataset/pizza/pizza_159.jpg,pizza_159.jpg,pizza,.jpg,77.46,512.0,512.0,RGB,JPEG,True,
/content/drive/MyDrive/Calorify/dataset/pizza/pizza_150.jpg,pizza_150.jpg,pizza,.jpg,41.78,512.0,384.0,RGB,JPEG,True,
/content/drive/MyDrive/Calorify/dataset/pizza/pizza_121.jpg,pizza_121.jpg,pizza,.jpg,81.14,512.0,512.0,RGB,JPEG,True,
/content/drive/MyDrive/Calorify/dataset/pizza/pizza_140.jpg,pizza_140.jpg,pizza,.jpg,227.43,1024.0,888.0,RGB,JPEG,True,
/content/drive/MyDrive/Calorify/dataset/pizza/pizza_168.jpg,pizza_168.jpg,pizza,.jpg,44.0,512.0,384.0,RGB,JPEG,True,
/content/drive/MyDrive/Calorify/dataset/pizza/pizza_163.jpg,pizza_163.jpg,pizza,.jpg,56.21,512.0,512.0,RGB,JPEG,True,
/content/drive/MyDrive/Calorify/dataset/pizza/pizza_199.jpg,pizza_199.jpg,pizza,.jpg,34.48,384.0,512.0,RGB,JPEG,True,
/content/drive/MyDrive/Calorify/dataset/pizza/pizza_160.jpg,pizza_160.jpg,pizza,.jpg,62.99,512.0,512.0,RGB,JPEG,True,
/content/drive/MyDrive/Calorify/dataset/pizza/pizza_187.jpg,pizza_187.jpg,pizza,.jpg,42.43,512.0,512.0,RGB,JPEG,True,
/content/drive/MyDrive/Calorify/dataset/pizza/pizza_197.jpg,pizza_197.jpg,pizza,.jpg,52.16,382.0,512.0,RGB,JPEG,True,
/content/drive/MyDrive/Calorify/dataset/pizza/pizza_176.jpg,pizza_176.jpg,pizza,.jpg,91.85,512.0,341.0,RGB,JPEG,True,
/content/drive/MyDrive/Calorify/dataset/pizza/pizza_188.jpg,pizza_188.jpg,pizza,.jpg,70.1,512.0,384.0,RGB,JPEG,True,
/content/drive/MyDrive/Calorify/dataset/pizza/pizza_192.jpg,pizza_192.jpg,pizza,.jpg,37.17,512.0,341.0,RGB,JPEG,True,
/content/drive/MyDrive/Calorify/dataset/pizza/pizza_180.jpg,pizza_180.jpg,pizza,.jpg,55.48,512.0,306.0,RGB,JPEG,True,
/content/drive/MyDrive/Calorify/dataset/pizza/pizza_185.jpg,pizza_185.jpg,pizza,.jpg,13.0,183.0,184.0,RGB,JPEG,True,
/content/drive/MyDrive/Calorify/dataset/pizza/pizza_167.jpg,pizza_167.jpg,pizza,.jpg,70.48,512.0,341.0,RGB,JPEG,True,
/content/drive/MyDrive/Calorify/dataset/pizza/pizza_171.jpg,pizza_171.jpg,pizza,.jpg,44.12,384.0,512.0,RGB,JPEG,True,
/content/drive/MyDrive/Calorify/dataset/pizza/pizza_179.jpg,pizza_179.jpg,pizza,.jpg,52.33,384.0,512.0,RGB,JPEG,True,
/content/drive/MyDrive/Calorify/dataset/pizza/pizza_162.jpg,pizza_162.jpg,pizza,.jpg,675.07,1280.0,720.0,RGB,JPEG,True,
/content/drive/MyDrive/Calorify/dataset/pizza/pizza_189.jpg,pizza_189.jpg,pizza,.jpg,37.41,512.0,512.0,RGB,JPEG,True,
/content/drive/MyDrive/Calorify/dataset/pizza/pizza_190.jpg,pizza_190.jpg,pizza,.jpg,35.62,512.0,406.0,RGB,JPEG,True,
/content/drive/MyDrive/Calorify/dataset/pizza/pizza_184.jpg,pizza_184.jpg,pizza,.jpg,65.51,384.0,512.0,RGB,JPEG,True,
/content/drive/MyDrive/Calorify/dataset/pizza/pizza_166.jpg,pizza_166.jpg,pizza,.jpg,63.63,512.0,512.0,RGB,JPEG,True,
/content/drive/MyDrive/Calorify/dataset/pizza/pizza_19.jpg,pizza_19.jpg,pizza,.jpg,145.48,512.0,512.0,RGB,JPEG,True,
/content/drive/MyDrive/Calorify/dataset/pizza/pizza_186.jpg,pizza_186.jpg,pizza,.jpg,60.3,512.0,512.0,RGB,JPEG,True,
/content/drive/MyDrive/Calorify/dataset/pizza/pizza_196.jpg,pizza_196.jpg,pizza,.jpg,15.1,276.0,184.0,RGB,JPEG,True,
/content/drive/MyDrive/Calorify/dataset/pizza/pizza_191.jpg,pizza_191.jpg,pizza,.jpg,65.48,512.0,512.0,RGB,JPEG,True,
/content/drive/MyDrive/Calorify/dataset/pizza/pizza_173.jpg,pizza_173.jpg,pizza,.jpg,72.68,800.0,533.0,RGB,JPEG,True,
/content/drive/MyDrive/Calorify/dataset/pizza/pizza_182.jpg,pizza_182.jpg,pizza,.jpg,78.59,512.0,512.0,RGB,JPEG,True,
/content/drive/MyDrive/Calorify/dataset/pizza/pizza_177.jpg,pizza_177.jpg,pizza,.jpg,66.47,512.0,512.0,RGB,JPEG,True,
/content/drive/MyDrive/Calorify/dataset/pizza/pizza_195.jpg,pizza_195.jpg,pizza,.jpg,47.32,384.0,512.0,RGB,JPEG,True,
/content/drive/MyDrive/Calorify/dataset/pizza/pizza_181.jpg,pizza_181.jpg,pizza,.jpg,51.54,512.0,306.0,RGB,JPEG,True,
/content/drive/MyDrive/Calorify/dataset/pizza/pizza_18.jpg,pizza_18.jpg,pizza,.jpg,66.54,512.0,512.0,RGB,JPEG,True,
/content/drive/MyDrive/Calorify/dataset/pizza/pizza_193.jpg,pizza_193.jpg,pizza,.jpg,52.25,512.0,512.0,RGB,JPEG,True,
/content/drive/MyDrive/Calorify/dataset/pizza/pizza_183.jpg,pizza_183.jpg,pizza,.jpg,71.45,512.0,341.0,RGB,JPEG,True,
/content/drive/MyDrive/Calorify/dataset/pizza/pizza_17.jpg,pizza_17.jpg,pizza,.jpg,55.57,384.0,512.0,RGB,JPEG,True,
/content/drive/MyDrive/Calorify/dataset/pizza/pizza_172.jpg,pizza_172.jpg,pizza,.jpg,50.43,512.0,512.0,RGB,JPEG,True,
/content/drive/MyDrive/Calorify/dataset/pizza/pizza_175.jpg,pizza_175.jpg,pizza,.jpg,42.14,384.0,512.0,RGB,JPEG,True,
/content/drive/MyDrive/Calorify/dataset/pizza/pizza_161.jpg,pizza_161.jpg,pizza,.jpg,64.79,512.0,382.0,RGB,JPEG,True,
/content/drive/MyDrive/Calorify/dataset/pizza/pizza_170.jpg,pizza_170.jpg,pizza,.jpg,41.15,512.0,512.0,RGB,JPEG,True,
/content/drive/MyDrive/Calorify/dataset/pizza/pizza_169.jpg,pizza_169.jpg,pizza,.jpg,58.13,341.0,512.0,RGB,JPEG,True,
/content/drive/MyDrive/Calorify/dataset/pizza/pizza_194.jpg,pizza_194.jpg,pizza,.jpg,73.12,512.0,512.0,RGB,JPEG,True,
/content/drive/MyDrive/Calorify/dataset/pizza/pizza_174.jpg,pizza_174.jpg,pizza,.jpg,16.98,327.0,184.0,RGB,JPEG,True,
/content/drive/MyDrive/Calorify/dataset/pizza/pizza_178.jpg,pizza_178.jpg,pizza,.jpg,79.38,341.0,512.0,RGB,JPEG,True,
/content/drive/MyDrive/Calorify/dataset/pizza/pizza_198.jpg,pizza_198.jpg,pizza,.jpg,66.52,512.0,512.0,RGB,JPEG,True,
/content/drive/MyDrive/Calorify/dataset/fries/12.jpg,12.jpg,fries,.jpg,9.87,294.0,196.0,RGB,JPEG,True,
/content/drive/MyDrive/Calorify/dataset/fries/112.jpg,112.jpg,fries,.jpg,131.54,1385.0,1920.0,RGBA,PNG,True,
/content/drive/MyDrive/Calorify/dataset/fries/110.jpg,110.jpg,fries,.jpg,88.97,1300.0,956.0,RGB,JPEG,True,
/content/drive/MyDrive/Calorify/dataset/fries/117.jpg,117.jpg,fries,.jpg,98.93,626.0,626.0,RGB,JPEG,True,
/content/drive/MyDrive/Calorify/dataset/fries/10.jpg,10.jpg,fries,.jpg,12.01,196.0,196.0,RGB,JPEG,True,
/content/drive/MyDrive/Calorify/dataset/fries/118.jpg,118.jpg,fries,.jpg,864.26,1500.0,1101.0,RGB,JPEG,True,
/content/drive/MyDrive/Calorify/dataset/fries/101.jpg,101.jpg,fries,.jpg,43.8,626.0,351.0,RGB,JPEG,True,
/content/drive/MyDrive/Calorify/dataset/fries/106.jpg,106.jpg,fries,.jpg,273.16,2000.0,1143.0,RGB,JPEG,True,
/content/drive/MyDrive/Calorify/dataset/fries/109.jpg,109.jpg,fries,.jpg,93.64,675.0,900.0,RGB,JPEG,True,
/content/drive/MyDrive/Calorify/dataset/fries/120.jpg,120.jpg,fries,.jpg,155.14,2000.0,1121.0,RGB,JPEG,True,
/content/drive/MyDrive/Calorify/dataset/fries/114.jpg,114.jpg,fries,.jpg,21.64,520.0,520.0,RGB,JPEG,True,
/content/drive/MyDrive/Calorify/dataset/fries/111.jpg,111.jpg,fries,.jpg,20.72,800.0,441.0,RGB,JPEG,True,
/content/drive/MyDrive/Calorify/dataset/fries/105.jpg,105.jpg,fries,.jpg,36.54,798.0,900.0,RGB,JPEG,True,
/content/drive/MyDrive/Calorify/dataset/fries/119.jpg,119.jpg,fries,.jpg,78.84,675.0,900.0,RGB,JPEG,True,
/content/drive/MyDrive/Calorify/dataset/fries/116.jpg,116.jpg,fries,.jpg,170.27,626.0,626.0,RGB,JPEG,True,
/content/drive/MyDrive/Calorify/dataset/fries/102.jpg,102.jpg,fries,.jpg,42.39,800.0,800.0,RGB,JPEG,True,
/content/drive/MyDrive/Calorify/dataset/fries/100.jpg,100.jpg,fries,.jpg,66.23,800.0,800.0,RGB,JPEG,True,
/content/drive/MyDrive/Calorify/dataset/fries/104.jpg,104.jpg,fries,.jpg,110.41,750.0,1000.0,RGB,JPEG,True,
/content/drive/MyDrive/Calorify/dataset/fries/11.jpg,11.jpg,fries,.jpg,8.77,294.0,196.0,RGB,JPEG,True,
/content/drive/MyDrive/Calorify/dataset/fries/115.jpg,115.jpg,fries,.jpg,131.44,2000.0,2000.0,RGB,JPEG,True,
/content/drive/MyDrive/Calorify/dataset/fries/103.jpg,103.jpg,fries,.jpg,79.2,626.0,417.0,RGB,JPEG,True,
/content/drive/MyDrive/Calorify/dataset/fries/108.jpg,108.jpg,fries,.jpg,150.62,866.0,1390.0,RGB,JPEG,True,
/content/drive/MyDrive/Calorify/dataset/fries/107.jpg,107.jpg,fries,.jpg,254.51,1200.0,879.0,RGB,JPEG,True,
/content/drive/MyDrive/Calorify/dataset/fries/122.jpg,122.jpg,fries,.jpg,19.76,626.0,351.0,RGB,JPEG,True,
/content/drive/MyDrive/Calorify/dataset/fries/126.jpg,126.jpg,fries,.jpg,80.93,1200.0,1200.0,RGB,JPEG,True,
/content/drive/MyDrive/Calorify/dataset/fries/140.jpg,140.jpg,fries,.jpg,96.69,688.0,1032.0,RGB,JPEG,True,
/content/drive/MyDrive/Calorify/dataset/fries/24.jpg,24.jpg,fries,.jpg,6.78,143.0,187.0,RGB,JPEG,True,
/content/drive/MyDrive/Calorify/dataset/fries/139.jpg,139.jpg,fries,.jpg,227.41,1280.0,1280.0,RGB,JPEG,True,
/content/drive/MyDrive/Calorify/dataset/fries/138.jpg,138.jpg,fries,.jpg,85.39,688.0,688.0,RGB,JPEG,True,
/content/drive/MyDrive/Calorify/dataset/fries/22.jpg,22.jpg,fries,.jpg,6.52,125.0,187.0,RGB,JPEG,True,
/content/drive/MyDrive/Calorify/dataset/fries/149 (1).jpg,149 (1).jpg,fries,.jpg,73.41,1000.0,653.0,RGB,JPEG,True,
/content/drive/MyDrive/Calorify/dataset/fries/154.jpg,154.jpg,fries,.jpg,161.62,688.0,1591.0,RGB,JPEG,True,
/content/drive/MyDrive/Calorify/dataset/fries/152 (1).jpg,152 (1).jpg,fries,.jpg,87.44,500.0,500.0,RGB,JPEG,True,
/content/drive/MyDrive/Calorify/dataset/fries/34.jpg,34.jpg,fries,.jpg,7.66,245.0,180.0,RGB,JPEG,True,
/content/drive/MyDrive/Calorify/dataset/fries/143.jpg,143.jpg,fries,.jpg,131.54,1300.0,953.0,RGB,JPEG,True,
/content/drive/MyDrive/Calorify/dataset/fries/127.jpg,127.jpg,fries,.jpg,167.33,600.0,900.0,RGB,JPEG,True,
/content/drive/MyDrive/Calorify/dataset/fries/125.jpg,125.jpg,fries,.jpg,104.07,1000.0,1500.0,RGB,JPEG,True,
/content/drive/MyDrive/Calorify/dataset/fries/124.jpg,124.jpg,fries,.jpg,71.58,1200.0,1800.0,RGB,JPEG,True,
/content/drive/MyDrive/Calorify/dataset/fries/128.jpg,128.jpg,fries,.jpg,468.99,2000.0,1331.0,RGB,JPEG,True,
/content/drive/MyDrive/Calorify/dataset/fries/155.jpg,155.jpg,fries,.jpg,169.03,1200.0,1800.0,RGB,JPEG,True,
/content/drive/MyDrive/Calorify/dataset/fries/134.jpg,134.jpg,fries,.jpg,1265.72,683.0,1024.0,RGBA,PNG,True,
/content/drive/MyDrive/Calorify/dataset/fries/156 (1).jpg,156 (1).jpg,fries,.jpg,93.47,616.0,626.0,RGB,JPEG,True,
/content/drive/MyDrive/Calorify/dataset/fries/129.jpg,129.jpg,fries,.jpg,68.81,800.0,536.0,RGB,WEBP,True,
/content/drive/MyDrive/Calorify/dataset/fries/142.jpg,142.jpg,fries,.jpg,1207.31,683.0,1024.0,RGBA,PNG,True,
/content/drive/MyDrive/Calorify/dataset/fries/157.jpg,157.jpg,fries,.jpg,153.54,1200.0,1800.0,RGB,JPEG,True,
/content/drive/MyDrive/Calorify/dataset/fries/153.jpg,153.jpg,fries,.jpg,167.01,1600.0,1150.0,RGB,JPEG,True,
/content/drive/MyDrive/Calorify/dataset/fries/133.jpg,133.jpg,fries,.jpg,301.14,1312.0,726.0,P,PNG,True,
/content/drive/MyDrive/Calorify/dataset/fries/16.jpg,16.jpg,fries,.jpg,8.18,245.0,180.0,RGB,JPEG,True,
/content/drive/MyDrive/Calorify/dataset/fries/25.jpg,25.jpg,fries,.jpg,7.29,248.0,187.0,RGB,JPEG,True,
/content/drive/MyDrive/Calorify/dataset/fries/141.jpg,141.jpg,fries,.jpg,636.47,768.0,1056.0,RGBA,PNG,True,
/content/drive/MyDrive/Calorify/dataset/fries/27.jpg,27.jpg,fries,.jpg,7.06,129.0,189.0,RGB,JPEG,True,
/content/drive/MyDrive/Calorify/dataset/fries/121.jpg,121.jpg,fries,.jpg,105.82,626.0,626.0,RGB,JPEG,True,
/content/drive/MyDrive/Calorify/dataset/fries/135.jpg,135.jpg,fries,.jpg,108.01,688.0,1032.0,RGB,JPEG,True,
/content/drive/MyDrive/Calorify/dataset/fries/151.jpg,151.jpg,fries,.jpg,176.03,1200.0,1800.0,RGB,JPEG,True,
/content/drive/MyDrive/Calorify/dataset/fries/152.jpg,152.jpg,fries,.jpg,87.44,500.0,500.0,RGB,JPEG,True,
/content/drive/MyDrive/Calorify/dataset/fries/136.jpg,136.jpg,fries,.jpg,26.65,500.0,500.0,RGB,JPEG,True,
/content/drive/MyDrive/Calorify/dataset/fries/23.jpg,23.jpg,fries,.jpg,10.05,124.0,187.0,RGB,JPEG,True,
/content/drive/MyDrive/Calorify/dataset/fries/147.jpg,147.jpg,fries,.jpg,123.65,610.0,610.0,RGB,JPEG,True,
/content/drive/MyDrive/Calorify/dataset/fries/150.jpg,150.jpg,fries,.jpg,132.67,1600.0,1150.0,RGB,JPEG,True,
/content/drive/MyDrive/Calorify/dataset/fries/29.jpg,29.jpg,fries,.jpg,7.55,283.0,189.0,RGB,JPEG,True,
/content/drive/MyDrive/Calorify/dataset/fries/123.jpg,123.jpg,fries,.jpg,501.79,2000.0,2000.0,RGB,JPEG,True,
/content/drive/MyDrive/Calorify/dataset/fries/144.jpg,144.jpg,fries,.jpg,493.79,800.0,1200.0,P,PNG,True,
/content/drive/MyDrive/Calorify/dataset/fries/146.jpg,146.jpg,fries,.jpg,30.4,640.0,640.0,RGB,JPEG,True,
/content/drive/MyDrive/Calorify/dataset/fries/145.jpg,145.jpg,fries,.jpg,33.58,500.0,500.0,RGB,JPEG,True,
/content/drive/MyDrive/Calorify/dataset/fries/130.jpg,130.jpg,fries,.jpg,130.78,688.0,1032.0,RGB,JPEG,True,
/content/drive/MyDrive/Calorify/dataset/fries/149.jpg,149.jpg,fries,.jpg,73.41,1000.0,653.0,RGB,JPEG,True,
/content/drive/MyDrive/Calorify/dataset/fries/132.jpg,132.jpg,fries,.jpg,208.23,1091.0,682.0,RGB,JPEG,True,
/content/drive/MyDrive/Calorify/dataset/fries/156.jpg,156.jpg,fries,.jpg,93.47,616.0,626.0,RGB,JPEG,True,
/content/drive/MyDrive/Calorify/dataset/fries/26.jpg,26.jpg,fries,.jpg,11.63,332.0,187.0,RGB,JPEG,True,
/content/drive/MyDrive/Calorify/dataset/fries/59 (1).jpg,59 (1).jpg,fries,.jpg,63.26,1000.0,667.0,RGB,JPEG,True,
/content/drive/MyDrive/Calorify/dataset/fries/40.jpg,40.jpg,fries,.jpg,8.15,146.0,195.0,RGB,JPEG,True,
/content/drive/MyDrive/Calorify/dataset/fries/88.jpg,88.jpg,fries,.jpg,167.5,736.0,1308.0,RGB,JPEG,True,
/content/drive/MyDrive/Calorify/dataset/fries/63.jpg,63.jpg,fries,.jpg,213.84,2000.0,1331.0,RGB,JPEG,True,
/content/drive/MyDrive/Calorify/dataset/fries/38.jpg,38.jpg,fries,.jpg,10.96,235.0,180.0,RGB,JPEG,True,
/content/drive/MyDrive/Calorify/dataset/fries/86.jpg,86.jpg,fries,.jpg,1470.65,5616.0,3744.0,RGB,JPEG,True,
/content/drive/MyDrive/Calorify/dataset/fries/75.jpg,75.jpg,fries,.jpg,214.54,2000.0,1333.0,RGB,JPEG,True,
/content/drive/MyDrive/Calorify/dataset/fries/69.jpg,69.jpg,fries,.jpg,238.75,1368.0,2000.0,RGB,JPEG,True,
/content/drive/MyDrive/Calorify/dataset/fries/70.jpg,70.jpg,fries,.jpg,227.04,2000.0,1331.0,RGB,JPEG,True,
/content/drive/MyDrive/Calorify/dataset/fries/44.jpg,44.jpg,fries,.jpg,10.96,265.0,195.0,RGB,JPEG,True,
/content/drive/MyDrive/Calorify/dataset/fries/96.jpg,96.jpg,fries,.jpg,100.21,1600.0,1556.0,RGB,JPEG,True,
/content/drive/MyDrive/Calorify/dataset/fries/62.jpg,62.jpg,fries,.jpg,58.71,626.0,470.0,RGB,JPEG,True,
/content/drive/MyDrive/Calorify/dataset/fries/37.jpg,37.jpg,fries,.jpg,5.73,235.0,180.0,RGB,JPEG,True,
/content/drive/MyDrive/Calorify/dataset/fries/64.jpg,64.jpg,fries,.jpg,34.49,1024.0,1024.0,RGB,JPEG,True,
/content/drive/MyDrive/Calorify/dataset/fries/39.jpg,39.jpg,fries,.jpg,15.53,219.0,180.0,RGB,JPEG,True,
/content/drive/MyDrive/Calorify/dataset/fries/97.jpg,97.jpg,fries,.jpg,135.31,2000.0,1498.0,RGB,JPEG,True,
/content/drive/MyDrive/Calorify/dataset/fries/51.jpg,51.jpg,fries,.jpg,11.6,261.0,180.0,RGB,JPEG,True,
/content/drive/MyDrive/Calorify/dataset/fries/76.jpg,76.jpg,fries,.jpg,251.27,1368.0,2000.0,RGB,JPEG,True,
/content/drive/MyDrive/Calorify/dataset/fries/6.jpg,6.jpg,fries,.jpg,15.51,282.0,188.0,RGB,JPEG,True,
/content/drive/MyDrive/Calorify/dataset/fries/35.jpg,35.jpg,fries,.jpg,4.07,126.0,180.0,RGB,JPEG,True,
/content/drive/MyDrive/Calorify/dataset/fries/46.jpg,46.jpg,fries,.jpg,9.98,115.0,195.0,RGB,JPEG,True,
/content/drive/MyDrive/Calorify/dataset/fries/90.jpg,90.jpg,fries,.jpg,1320.15,5992.0,3995.0,RGB,JPEG,True,
/content/drive/MyDrive/Calorify/dataset/fries/81.jpg,81.jpg,fries,.jpg,65.41,800.0,800.0,RGB,JPEG,True,
/content/drive/MyDrive/Calorify/dataset/fries/66.jpg,66.jpg,fries,.jpg,252.26,2000.0,1331.0,RGB,JPEG,True,
/content/drive/MyDrive/Calorify/dataset/fries/59.jpg,59.jpg,fries,.jpg,63.26,1000.0,667.0,RGB,JPEG,True,
/content/drive/MyDrive/Calorify/dataset/fries/95.jpg,95.jpg,fries,.jpg,53.9,740.0,1036.0,RGB,JPEG,True,
/content/drive/MyDrive/Calorify/dataset/fries/57.jpg,57.jpg,fries,.jpg,11.38,208.0,208.0,RGB,JPEG,True,
/content/drive/MyDrive/Calorify/dataset/fries/50.jpg,50.jpg,fries,.jpg,8.01,238.0,180.0,RGB,JPEG,True,
/content/drive/MyDrive/Calorify/dataset/fries/71.jpg,71.jpg,fries,.jpg,46.2,626.0,417.0,RGB,JPEG,True,
/content/drive/MyDrive/Calorify/dataset/fries/45.jpg,45.jpg,fries,.jpg,10.9,265.0,195.0,RGB,JPEG,True,
/content/drive/MyDrive/Calorify/dataset/fries/36.jpg,36.jpg,fries,.jpg,8.17,157.0,180.0,RGB,JPEG,True,
/content/drive/MyDrive/Calorify/dataset/fries/68.jpg,68.jpg,fries,.jpg,60.35,800.0,800.0,RGB,JPEG,True,
/content/drive/MyDrive/Calorify/dataset/fries/67.jpg,67.jpg,fries,.jpg,268.07,2000.0,1331.0,RGB,JPEG,True,
/content/drive/MyDrive/Calorify/dataset/fries/5.jpg,5.jpg,fries,.jpg,17.25,236.0,236.0,RGB,JPEG,True,
/content/drive/MyDrive/Calorify/dataset/fries/72.jpg,72.jpg,fries,.jpg,155.3,1600.0,1157.0,RGB,JPEG,True,
/content/drive/MyDrive/Calorify/dataset/fries/48.jpg,48.jpg,fries,.jpg,12.25,243.0,180.0,RGB,JPEG,True,
/content/drive/MyDrive/Calorify/dataset/fries/77.jpg,77.jpg,fries,.jpg,70.97,626.0,417.0,RGB,JPEG,True,
/content/drive/MyDrive/Calorify/dataset/fries/87.jpg,87.jpg,fries,.jpg,176.93,1300.0,956.0,RGB,JPEG,True,
/content/drive/MyDrive/Calorify/dataset/fries/60.jpg,60.jpg,fries,.jpg,250.03,1024.0,574.0,P,PNG,True,
/content/drive/MyDrive/Calorify/dataset/fries/98.jpg,98.jpg,fries,.jpg,119.24,1050.0,700.0,RGB,JPEG,True,
/content/drive/MyDrive/Calorify/dataset/fries/47.jpg,47.jpg,fries,.jpg,3.05,116.0,195.0,RGB,JPEG,True,
/content/drive/MyDrive/Calorify/dataset/fries/49.jpg,49.jpg,fries,.jpg,12.89,238.0,180.0,RGB,JPEG,True,
/content/drive/MyDrive/Calorify/dataset/fries/89.jpg,89.jpg,fries,.jpg,173.37,1600.0,2399.0,RGB,JPEG,True,
/content/drive/MyDrive/Calorify/dataset/fries/85.jpg,85.jpg,fries,.jpg,1122.73,3711.0,5566.0,RGB,JPEG,True,
/content/drive/MyDrive/Calorify/dataset/fries/99.jpg,99.jpg,fries,.jpg,43.33,1300.0,766.0,RGB,JPEG,True,
/content/drive/MyDrive/Calorify/dataset/fries/fries_121.jpg,fries_121.jpg,fries,.jpg,5.48,221.0,228.0,RGB,JPEG,True,
/content/drive/MyDrive/Calorify/dataset/fries/fries_148.jpg,fries_148.jpg,fries,.jpg,5.72,282.0,178.0,RGB,JPEG,True,
/content/drive/MyDrive/Calorify/dataset/fries/fries_143.jpg,fries_143.jpg,fries,.jpg,11.35,310.0,162.0,RGB,JPEG,True,
/content/drive/MyDrive/Calorify/dataset/fries/fries_117.jpg,fries_117.jpg,fries,.jpg,12.02,225.0,225.0,RGB,JPEG,True,
/content/drive/MyDrive/Calorify/dataset/fries/fries_144.jpg,fries_144.jpg,fries,.jpg,10.02,225.0,225.0,RGB,JPEG,True,
/content/drive/MyDrive/Calorify/dataset/fries/fries_151.jpg,fries_151.jpg,fries,.jpg,10.38,259.0,194.0,RGB,JPEG,True,
/content/drive/MyDrive/Calorify/dataset/fries/fries_112.jpg,fries_112.jpg,fries,.jpg,9.52,183.0,275.0,RGB,JPEG,True,
/content/drive/MyDrive/Calorify/dataset/fries/fries_123.jpg,fries_123.jpg,fries,.jpg,10.49,225.0,225.0,RGB,JPEG,True,
/content/drive/MyDrive/Calorify/dataset/fries/fries_110.jpg,fries_110.jpg,fries,.jpg,7.24,225.0,225.0,RGB,JPEG,True,
/content/drive/MyDrive/Calorify/dataset/fries/fries_129.jpg,fries_129.jpg,fries,.jpg,11.04,259.0,194.0,RGB,JPEG,True,
/content/drive/MyDrive/Calorify/dataset/fries/fries_133.jpg,fries_133.jpg,fries,.jpg,10.35,259.0,194.0,RGB,JPEG,True,
/content/drive/MyDrive/Calorify/dataset/fries/fries_122.jpg,fries_122.jpg,fries,.jpg,12.84,225.0,225.0,RGB,JPEG,True,
/content/drive/MyDrive/Calorify/dataset/fries/fries_136.jpg,fries_136.jpg,fries,.jpg,11.73,275.0,183.0,RGB,JPEG,True,
/content/drive/MyDrive/Calorify/dataset/fries/fries_127.jpg,fries_127.jpg,fries,.jpg,12.46,183.0,275.0,RGB,JPEG,True,
/content/drive/MyDrive/Calorify/dataset/fries/fries_128.jpg,fries_128.jpg,fries,.jpg,14.06,225.0,225.0,RGB,JPEG,True,
/content/drive/MyDrive/Calorify/dataset/fries/fries_142.jpg,fries_142.jpg,fries,.jpg,9.23,183.0,275.0,RGB,JPEG,True,
/content/drive/MyDrive/Calorify/dataset/fries/fries_124.jpg,fries_124.jpg,fries,.jpg,8.33,259.0,194.0,RGB,JPEG,True,
/content/drive/MyDrive/Calorify/dataset/fries/fries_131.jpg,fries_131.jpg,fries,.jpg,7.89,225.0,225.0,RGB,JPEG,True,
/content/drive/MyDrive/Calorify/dataset/fries/fries_155.jpg,fries_155.jpg,fries,.jpg,4.21,218.0,231.0,RGB,JPEG,True,
/content/drive/MyDrive/Calorify/dataset/fries/fries_134.jpg,fries_134.jpg,fries,.jpg,15.83,201.0,251.0,RGB,JPEG,True,
/content/drive/MyDrive/Calorify/dataset/fries/fries_120.jpg,fries_120.jpg,fries,.jpg,12.64,225.0,225.0,RGB,JPEG,True,
/content/drive/MyDrive/Calorify/dataset/fries/fries_153.jpg,fries_153.jpg,fries,.jpg,8.63,275.0,183.0,RGB,JPEG,True,
/content/drive/MyDrive/Calorify/dataset/fries/fries_138.jpg,fries_138.jpg,fries,.jpg,15.07,225.0,225.0,RGB,JPEG,True,
/content/drive/MyDrive/Calorify/dataset/fries/fries_156.jpg,fries_156.jpg,fries,.jpg,3.33,282.0,179.0,RGB,JPEG,True,
/content/drive/MyDrive/Calorify/dataset/fries/fries_147.jpg,fries_147.jpg,fries,.jpg,14.89,225.0,225.0,RGB,JPEG,True,
/content/drive/MyDrive/Calorify/dataset/fries/fries_125.jpg,fries_125.jpg,fries,.jpg,5.31,253.0,199.0,RGB,JPEG,True,
/content/drive/MyDrive/Calorify/dataset/fries/fries_111.jpg,fries_111.jpg,fries,.jpg,6.56,225.0,225.0,RGB,JPEG,True,
/content/drive/MyDrive/Calorify/dataset/fries/fries_141.jpg,fries_141.jpg,fries,.jpg,7.71,259.0,194.0,RGB,JPEG,True,
/content/drive/MyDrive/Calorify/dataset/fries/fries_146.jpg,fries_146.jpg,fries,.jpg,6.84,275.0,183.0,RGB,JPEG,True,
/content/drive/MyDrive/Calorify/dataset/fries/fries_118.jpg,fries_118.jpg,fries,.jpg,7.47,225.0,225.0,RGB,JPEG,True,
/content/drive/MyDrive/Calorify/dataset/fries/fries_130.jpg,fries_130.jpg,fries,.jpg,9.41,225.0,225.0,RGB,JPEG,True,
/content/drive/MyDrive/Calorify/dataset/fries/fries_113.jpg,fries_113.jpg,fries,.jpg,7.58,220.0,229.0,RGB,JPEG,True,
/content/drive/MyDrive/Calorify/dataset/fries/fries_137.jpg,fries_137.jpg,fries,.jpg,10.96,300.0,168.0,RGB,JPEG,True,
/content/drive/MyDrive/Calorify/dataset/fries/fries_150.jpg,fries_150.jpg,fries,.jpg,9.12,225.0,225.0,RGB,JPEG,True,
/content/drive/MyDrive/Calorify/dataset/fries/fries_149.jpg,fries_149.jpg,fries,.jpg,9.28,287.0,176.0,RGB,JPEG,True,
/content/drive/MyDrive/Calorify/dataset/fries/fries_135.jpg,fries_135.jpg,fries,.jpg,7.35,258.0,196.0,RGB,JPEG,True,
/content/drive/MyDrive/Calorify/dataset/fries/fries_116.jpg,fries_116.jpg,fries,.jpg,9.67,259.0,194.0,RGB,JPEG,True,
/content/drive/MyDrive/Calorify/dataset/fries/fries_119.jpg,fries_119.jpg,fries,.jpg,4.79,267.0,189.0,RGB,JPEG,True,
/content/drive/MyDrive/Calorify/dataset/fries/fries_152.jpg,fries_152.jpg,fries,.jpg,10.32,191.0,263.0,RGB,JPEG,True,
/content/drive/MyDrive/Calorify/dataset/fries/fries_126.jpg,fries_126.jpg,fries,.jpg,9.6,183.0,275.0,RGB,JPEG,True,
/content/drive/MyDrive/Calorify/dataset/fries/fries_145.jpg,fries_145.jpg,fries,.jpg,9.54,275.0,183.0,RGB,JPEG,True,
/content/drive/MyDrive/Calorify/dataset/fries/fries_132.jpg,fries_132.jpg,fries,.jpg,5.36,230.0,219.0,RGB,JPEG,True,
/content/drive/MyDrive/Calorify/dataset/fries/fries_154.jpg,fries_154.jpg,fries,.jpg,6.26,339.0,148.0,RGB,JPEG,True,
/content/drive/MyDrive/Calorify/dataset/fries/fries_114.jpg,fries_114.jpg,fries,.jpg,7.09,225.0,225.0,RGB,JPEG,True,
/content/drive/MyDrive/Calorify/dataset/fries/fries_139.jpg,fries_139.jpg,fries,.jpg,6.68,269.0,188.0,RGB,JPEG,True,
/content/drive/MyDrive/Calorify/dataset/fries/fries_140.jpg,fries_140.jpg,fries,.jpg,12.93,183.0,275.0,RGB,JPEG,True,
/content/drive/MyDrive/Calorify/dataset/fries/fries_115.jpg,fries_115.jpg,fries,.jpg,12.51,225.0,225.0,RGB,JPEG,True,
/content/drive/MyDrive/Calorify/dataset/fries/fries_179.jpg,fries_179.jpg,fries,.jpg,17.31,275.0,183.0,RGB,JPEG,True,
/content/drive/MyDrive/Calorify/dataset/fries/fries_172.jpg,fries_172.jpg,fries,.jpg,7.86,299.0,169.0,RGB,JPEG,True,
/content/drive/MyDrive/Calorify/dataset/fries/fries_176.jpg,fries_176.jpg,fries,.jpg,8.33,259.0,194.0,RGB,JPEG,True,
/content/drive/MyDrive/Calorify/dataset/fries/fries_170.jpg,fries_170.jpg,fries,.jpg,7.07,299.0,168.0,RGB,JPEG,True,
/content/drive/MyDrive/Calorify/dataset/fries/fries_198.jpg,fries_198.jpg,fries,.jpg,10.25,259.0,194.0,RGB,JPEG,True,
/content/drive/MyDrive/Calorify/dataset/fries/fries_159.jpg,fries_159.jpg,fries,.jpg,11.52,183.0,275.0,RGB,JPEG,True,
/content/drive/MyDrive/Calorify/dataset/fries/fries_167.jpg,fries_167.jpg,fries,.jpg,9.15,183.0,275.0,RGB,JPEG,True,
/content/drive/MyDrive/Calorify/dataset/fries/fries_194.jpg,fries_194.jpg,fries,.jpg,12.39,188.0,268.0,RGB,JPEG,True,
/content/drive/MyDrive/Calorify/dataset/fries/fries_196.jpg,fries_196.jpg,fries,.jpg,5.33,276.0,183.0,RGB,JPEG,True,
/content/drive/MyDrive/Calorify/dataset/fries/fries_186.jpg,fries_186.jpg,fries,.jpg,15.98,183.0,275.0,RGB,JPEG,True,
/content/drive/MyDrive/Calorify/dataset/fries/fries_157.jpg,fries_157.jpg,fries,.jpg,14.79,300.0,168.0,RGB,JPEG,True,
/content/drive/MyDrive/Calorify/dataset/fries/fries_185.jpg,fries_185.jpg,fries,.jpg,8.03,182.0,276.0,RGB,JPEG,True,
/content/drive/MyDrive/Calorify/dataset/fries/fries_177.jpg,fries_177.jpg,fries,.jpg,12.28,225.0,225.0,RGB,JPEG,True,
/content/drive/MyDrive/Calorify/dataset/fries/fries_202.jpg,fries_202.jpg,fries,.jpg,14.57,183.0,275.0,RGB,JPEG,True,
/content/drive/MyDrive/Calorify/dataset/fries/fries_178.jpg,fries_178.jpg,fries,.jpg,9.52,183.0,275.0,RGB,JPEG,True,
/content/drive/MyDrive/Calorify/dataset/fries/fries_180.jpg,fries_180.jpg,fries,.jpg,14.05,300.0,168.0,RGB,JPEG,True,
/content/drive/MyDrive/Calorify/dataset/fries/fries_183.jpg,fries_183.jpg,fries,.jpg,8.97,300.0,168.0,RGB,JPEG,True,
/content/drive/MyDrive/Calorify/dataset/fries/fries_199.jpg,fries_199.jpg,fries,.jpg,11.8,225.0,225.0,RGB,JPEG,True,
/content/drive/MyDrive/Calorify/dataset/fries/fries_160.jpg,fries_160.jpg,fries,.jpg,11.94,225.0,225.0,RGB,JPEG,True,
/content/drive/MyDrive/Calorify/dataset/fries/fries_161.jpg,fries_161.jpg,fries,.jpg,12.17,225.0,225.0,RGB,JPEG,True,
/content/drive/MyDrive/Calorify/dataset/fries/fries_193.jpg,fries_193.jpg,fries,.jpg,8.99,225.0,225.0,RGB,JPEG,True,
/content/drive/MyDrive/Calorify/dataset/fries/fries_164.jpg,fries_164.jpg,fries,.jpg,8.92,300.0,168.0,RGB,JPEG,True,
/content/drive/MyDrive/Calorify/dataset/fries/fries_195.jpg,fries_195.jpg,fries,.jpg,7.79,225.0,225.0,RGB,JPEG,True,
/content/drive/MyDrive/Calorify/dataset/fries/fries_174.jpg,fries_174.jpg,fries,.jpg,8.79,318.0,159.0,RGB,JPEG,True,
/content/drive/MyDrive/Calorify/dataset/fries/fries_201.jpg,fries_201.jpg,fries,.jpg,10.75,225.0,225.0,RGB,JPEG,True,
/content/drive/MyDrive/Calorify/dataset/fries/fries_197.jpg,fries_197.jpg,fries,.jpg,11.24,182.0,277.0,RGB,JPEG,True,
/content/drive/MyDrive/Calorify/dataset/fries/fries_165.jpg,fries_165.jpg,fries,.jpg,11.5,183.0,275.0,RGB,JPEG,True,
/content/drive/MyDrive/Calorify/dataset/fries/fries_173.jpg,fries_173.jpg,fries,.jpg,7.22,225.0,225.0,RGB,JPEG,True,
/content/drive/MyDrive/Calorify/dataset/fries/fries_200.jpg,fries_200.jpg,fries,.jpg,13.4,275.0,183.0,RGB,JPEG,True,
/content/drive/MyDrive/Calorify/dataset/fries/fries_191.jpg,fries_191.jpg,fries,.jpg,4.54,225.0,225.0,RGB,JPEG,True,
/content/drive/MyDrive/Calorify/dataset/fries/fries_190.jpg,fries_190.jpg,fries,.jpg,10.93,225.0,225.0,RGB,JPEG,True,
/content/drive/MyDrive/Calorify/dataset/fries/fries_169.jpg,fries_169.jpg,fries,.jpg,13.72,189.0,267.0,RGB,JPEG,True,
/content/drive/MyDrive/Calorify/dataset/fries/fries_181.jpg,fries_181.jpg,fries,.jpg,10.0,259.0,194.0,RGB,JPEG,True,
/content/drive/MyDrive/Calorify/dataset/fries/fries_192.jpg,fries_192.jpg,fries,.jpg,15.18,275.0,183.0,RGB,JPEG,True,
/content/drive/MyDrive/Calorify/dataset/fries/fries_175.jpg,fries_175.jpg,fries,.jpg,12.04,224.0,225.0,RGB,JPEG,True,
/content/drive/MyDrive/Calorify/dataset/fries/fries_171.jpg,fries_171.jpg,fries,.jpg,9.98,310.0,163.0,RGB,JPEG,True,
/content/drive/MyDrive/Calorify/dataset/fries/fries_188.jpg,fries_188.jpg,fries,.jpg,11.86,275.0,183.0,RGB,JPEG,True,
/content/drive/MyDrive/Calorify/dataset/fries/fries_189.jpg,fries_189.jpg,fries,.jpg,8.27,269.0,187.0,RGB,JPEG,True,
/content/drive/MyDrive/Calorify/dataset/fries/fries_163.jpg,fries_163.jpg,fries,.jpg,5.34,274.0,184.0,RGB,JPEG,True,
/content/drive/MyDrive/Calorify/dataset/fries/fries_168.jpg,fries_168.jpg,fries,.jpg,6.3,225.0,225.0,RGB,JPEG,True,
/content/drive/MyDrive/Calorify/dataset/fries/fries_184.jpg,fries_184.jpg,fries,.jpg,12.03,300.0,168.0,RGB,JPEG,True,
/content/drive/MyDrive/Calorify/dataset/fries/fries_187.jpg,fries_187.jpg,fries,.jpg,18.26,183.0,275.0,RGB,JPEG,True,
/content/drive/MyDrive/Calorify/dataset/fries/fries_158.jpg,fries_158.jpg,fries,.jpg,5.76,263.0,192.0,RGB,JPEG,True,
/content/drive/MyDrive/Calorify/dataset/fries/fries_166.jpg,fries_166.jpg,fries,.jpg,9.79,225.0,225.0,RGB,JPEG,True,
/content/drive/MyDrive/Calorify/dataset/fries/fries_162.jpg,fries_162.jpg,fries,.jpg,8.56,259.0,194.0,RGB,JPEG,True,
/content/drive/MyDrive/Calorify/dataset/fries/fries_182.jpg,fries_182.jpg,fries,.jpg,12.04,225.0,225.0,RGB,JPEG,True,
/content/drive/MyDrive/Calorify/dataset/fries/fries_234.jpg,fries_234.jpg,fries,.jpg,11.43,280.0,180.0,RGB,JPEG,True,
/content/drive/MyDrive/Calorify/dataset/fries/fries_239.jpg,fries_239.jpg,fries,.jpg,10.51,300.0,168.0,RGB,JPEG,True,
/content/drive/MyDrive/Calorify/dataset/fries/fries_221.jpg,fries_221.jpg,fries,.jpg,12.56,225.0,225.0,RGB,JPEG,True,
/content/drive/MyDrive/Calorify/dataset/fries/fries_214.jpg,fries_214.jpg,fries,.jpg,6.89,300.0,168.0,RGB,JPEG,True,
/content/drive/MyDrive/Calorify/dataset/fries/fries_244.jpg,fries_244.jpg,fries,.jpg,11.37,318.0,159.0,RGB,JPEG,True,
/content/drive/MyDrive/Calorify/dataset/fries/fries_230.jpg,fries_230.jpg,fries,.jpg,8.15,183.0,275.0,RGB,JPEG,True,
/content/drive/MyDrive/Calorify/dataset/fries/fries_240.jpg,fries_240.jpg,fries,.jpg,7.91,272.0,185.0,RGB,JPEG,True,
/content/drive/MyDrive/Calorify/dataset/fries/fries_211.jpg,fries_211.jpg,fries,.jpg,6.13,259.0,194.0,RGB,JPEG,True,
/content/drive/MyDrive/Calorify/dataset/fries/fries_223.jpg,fries_223.jpg,fries,.jpg,13.02,183.0,275.0,RGB,JPEG,True,
/content/drive/MyDrive/Calorify/dataset/fries/fries_227.jpg,fries_227.jpg,fries,.jpg,13.75,225.0,225.0,RGB,JPEG,True,
/content/drive/MyDrive/Calorify/dataset/fries/fries_220.jpg,fries_220.jpg,fries,.jpg,10.38,218.0,231.0,RGB,JPEG,True,
/content/drive/MyDrive/Calorify/dataset/fries/fries_226.jpg,fries_226.jpg,fries,.jpg,6.02,402.0,125.0,RGB,JPEG,True,
/content/drive/MyDrive/Calorify/dataset/fries/fries_219.jpg,fries_219.jpg,fries,.jpg,14.95,275.0,183.0,RGB,JPEG,True,
/content/drive/MyDrive/Calorify/dataset/fries/fries_242.jpg,fries_242.jpg,fries,.jpg,14.16,183.0,276.0,RGB,JPEG,True,
/content/drive/MyDrive/Calorify/dataset/fries/fries_237.jpg,fries_237.jpg,fries,.jpg,13.14,183.0,275.0,RGB,JPEG,True,
/content/drive/MyDrive/Calorify/dataset/fries/fries_246.jpg,fries_246.jpg,fries,.jpg,8.68,183.0,275.0,RGB,JPEG,True,
/content/drive/MyDrive/Calorify/dataset/fries/fries_216.jpg,fries_216.jpg,fries,.jpg,11.0,225.0,225.0,RGB,JPEG,True,
/content/drive/MyDrive/Calorify/dataset/fries/fries_235.jpg,fries_235.jpg,fries,.jpg,20.56,183.0,275.0,RGB,JPEG,True,
/content/drive/MyDrive/Calorify/dataset/fries/fries_209.jpg,fries_209.jpg,fries,.jpg,7.6,225.0,225.0,RGB,JPEG,True,
/content/drive/MyDrive/Calorify/dataset/fries/fries_207.jpg,fries_207.jpg,fries,.jpg,6.4,194.0,259.0,RGB,JPEG,True,
/content/drive/MyDrive/Calorify/dataset/fries/fries_215.jpg,fries_215.jpg,fries,.jpg,15.65,183.0,275.0,RGB,JPEG,True,
/content/drive/MyDrive/Calorify/dataset/fries/fries_212.jpg,fries_212.jpg,fries,.jpg,13.79,243.0,207.0,RGB,JPEG,True,
/content/drive/MyDrive/Calorify/dataset/fries/fries_225.jpg,fries_225.jpg,fries,.jpg,8.94,275.0,183.0,RGB,JPEG,True,
/content/drive/MyDrive/Calorify/dataset/fries/fries_203.jpg,fries_203.jpg,fries,.jpg,11.48,183.0,275.0,RGB,JPEG,True,
/content/drive/MyDrive/Calorify/dataset/fries/fries_243.jpg,fries_243.jpg,fries,.jpg,8.35,275.0,183.0,RGB,JPEG,True,
/content/drive/MyDrive/Calorify/dataset/fries/fries_231.jpg,fries_231.jpg,fries,.jpg,10.96,249.0,202.0,RGB,JPEG,True,
/content/drive/MyDrive/Calorify/dataset/fries/fries_208.jpg,fries_208.jpg,fries,.jpg,11.36,225.0,225.0,RGB,JPEG,True,
/content/drive/MyDrive/Calorify/dataset/fries/fries_248.jpg,fries_248.jpg,fries,.jpg,11.75,225.0,225.0,RGB,JPEG,True,
/content/drive/MyDrive/Calorify/dataset/fries/fries_217.jpg,fries_217.jpg,fries,.jpg,8.3,225.0,225.0,RGB,JPEG,True,
/content/drive/MyDrive/Calorify/dataset/fries/fries_213.jpg,fries_213.jpg,fries,.jpg,6.93,225.0,225.0,RGB,JPEG,True,
/content/drive/MyDrive/Calorify/dataset/fries/fries_210.jpg,fries_210.jpg,fries,.jpg,10.37,318.0,159.0,RGB,JPEG,True,
/content/drive/MyDrive/Calorify/dataset/fries/fries_228.jpg,fries_228.jpg,fries,.jpg,10.82,225.0,225.0,RGB,JPEG,True,
/content/drive/MyDrive/Calorify/dataset/fries/fries_238.jpg,fries_238.jpg,fries,.jpg,12.34,201.0,251.0,RGB,JPEG,True,
/content/drive/MyDrive/Calorify/dataset/fries/fries_232.jpg,fries_232.jpg,fries,.jpg,13.04,225.0,225.0,RGB,JPEG,True,
/content/drive/MyDrive/Calorify/dataset/fries/fries_224.jpg,fries_224.jpg,fries,.jpg,12.87,194.0,259.0,RGB,JPEG,True,
/content/drive/MyDrive/Calorify/dataset/fries/fries_222.jpg,fries_222.jpg,fries,.jpg,6.1,275.0,183.0,RGB,JPEG,True,
/content/drive/MyDrive/Calorify/dataset/fries/fries_233.jpg,fries_233.jpg,fries,.jpg,10.68,183.0,275.0,RGB,JPEG,True,
/content/drive/MyDrive/Calorify/dataset/fries/fries_247.jpg,fries_247.jpg,fries,.jpg,10.57,183.0,275.0,RGB,JPEG,True,
/content/drive/MyDrive/Calorify/dataset/fries/fries_205.jpg,fries_205.jpg,fries,.jpg,9.1,254.0,199.0,RGB,JPEG,True,
/content/drive/MyDrive/Calorify/dataset/fries/fries_218.jpg,fries_218.jpg,fries,.jpg,12.35,318.0,159.0,RGB,JPEG,True,
/content/drive/MyDrive/Calorify/dataset/fries/fries_204.jpg,fries_204.jpg,fries,.jpg,10.17,183.0,275.0,RGB,JPEG,True,
/content/drive/MyDrive/Calorify/dataset/fries/fries_241.jpg,fries_241.jpg,fries,.jpg,12.95,300.0,168.0,RGB,JPEG,True,
/content/drive/MyDrive/Calorify/dataset/fries/fries_245.jpg,fries_245.jpg,fries,.jpg,8.24,299.0,168.0,RGB,JPEG,True,
/content/drive/MyDrive/Calorify/dataset/fries/fries_229.jpg,fries_229.jpg,fries,.jpg,6.8,183.0,275.0,RGB,JPEG,True,
/content/drive/MyDrive/Calorify/dataset/fries/fries_206.jpg,fries_206.jpg,fries,.jpg,7.36,276.0,183.0,RGB,JPEG,True,
/content/drive/MyDrive/Calorify/dataset/fries/fries_236.jpg,fries_236.jpg,fries,.jpg,6.74,183.0,275.0,RGB,JPEG,True,
/content/drive/MyDrive/Calorify/dataset/fries/fries_281.jpg,fries_281.jpg,fries,.jpg,4.96,183.0,275.0,RGB,JPEG,True,
/content/drive/MyDrive/Calorify/dataset/fries/fries_258.jpg,fries_258.jpg,fries,.jpg,9.31,225.0,225.0,RGB,JPEG,True,
/content/drive/MyDrive/Calorify/dataset/fries/fries_284.jpg,fries_284.jpg,fries,.jpg,9.02,275.0,183.0,RGB,JPEG,True,
/content/drive/MyDrive/Calorify/dataset/fries/fries_292.jpg,fries_292.jpg,fries,.jpg,10.02,284.0,177.0,RGB,JPEG,True,
/content/drive/MyDrive/Calorify/dataset/fries/fries_287.jpg,fries_287.jpg,fries,.jpg,9.88,207.0,243.0,RGB,JPEG,True,
/content/drive/MyDrive/Calorify/dataset/fries/fries_264.jpg,fries_264.jpg,fries,.jpg,7.83,168.0,300.0,RGB,JPEG,True,
/content/drive/MyDrive/Calorify/dataset/fries/fries_260.jpg,fries_260.jpg,fries,.jpg,10.57,183.0,275.0,RGB,JPEG,True,
/content/drive/MyDrive/Calorify/dataset/fries/fries_279.jpg,fries_279.jpg,fries,.jpg,12.35,300.0,168.0,RGB,JPEG,True,
/content/drive/MyDrive/Calorify/dataset/fries/fries_256.jpg,fries_256.jpg,fries,.jpg,21.01,183.0,275.0,RGB,JPEG,True,
/content/drive/MyDrive/Calorify/dataset/fries/fries_265.jpg,fries_265.jpg,fries,.jpg,9.67,259.0,194.0,RGB,JPEG,True,
/content/drive/MyDrive/Calorify/dataset/fries/fries_283.jpg,fries_283.jpg,fries,.jpg,12.56,177.0,284.0,RGB,JPEG,True,
/content/drive/MyDrive/Calorify/dataset/fries/fries_275.jpg,fries_275.jpg,fries,.jpg,11.89,275.0,183.0,RGB,JPEG,True,
/content/drive/MyDrive/Calorify/dataset/fries/fries_254.jpg,fries_254.jpg,fries,.jpg,8.26,259.0,194.0,RGB,JPEG,True,
/content/drive/MyDrive/Calorify/dataset/fries/fries_289.jpg,fries_289.jpg,fries,.jpg,7.17,210.0,240.0,RGB,JPEG,True,
/content/drive/MyDrive/Calorify/dataset/fries/fries_280.jpg,fries_280.jpg,fries,.jpg,10.59,225.0,225.0,RGB,JPEG,True,
/content/drive/MyDrive/Calorify/dataset/fries/fries_266.jpg,fries_266.jpg,fries,.jpg,13.17,225.0,225.0,RGB,JPEG,True,
/content/drive/MyDrive/Calorify/dataset/fries/fries_255.jpg,fries_255.jpg,fries,.jpg,11.31,183.0,275.0,RGB,JPEG,True,
/content/drive/MyDrive/Calorify/dataset/fries/fries_288.jpg,fries_288.jpg,fries,.jpg,8.87,275.0,183.0,RGB,JPEG,True,
/content/drive/MyDrive/Calorify/dataset/fries/fries_270.jpg,fries_270.jpg,fries,.jpg,8.29,276.0,183.0,RGB,JPEG,True,
/content/drive/MyDrive/Calorify/dataset/fries/fries_249.jpg,fries_249.jpg,fries,.jpg,9.28,275.0,183.0,RGB,JPEG,True,
/content/drive/MyDrive/Calorify/dataset/fries/fries_286.jpg,fries_286.jpg,fries,.jpg,10.39,275.0,183.0,RGB,JPEG,True,
/content/drive/MyDrive/Calorify/dataset/fries/fries_278.jpg,fries_278.jpg,fries,.jpg,9.95,201.0,251.0,RGB,JPEG,True,
/content/drive/MyDrive/Calorify/dataset/fries/fries_290.jpg,fries_290.jpg,fries,.jpg,12.99,275.0,183.0,RGB,JPEG,True,
/content/drive/MyDrive/Calorify/dataset/fries/fries_282.jpg,fries_282.jpg,fries,.jpg,12.08,259.0,194.0,RGB,JPEG,True,
/content/drive/MyDrive/Calorify/dataset/fries/fries_259.jpg,fries_259.jpg,fries,.jpg,6.64,259.0,194.0,RGB,JPEG,True,
/content/drive/MyDrive/Calorify/dataset/fries/fries_277.jpg,fries_277.jpg,fries,.jpg,10.06,275.0,183.0,RGB,JPEG,True,
/content/drive/MyDrive/Calorify/dataset/fries/fries_285.jpg,fries_285.jpg,fries,.jpg,14.97,183.0,275.0,RGB,JPEG,True,
/content/drive/MyDrive/Calorify/dataset/fries/fries_272.jpg,fries_272.jpg,fries,.jpg,9.73,259.0,194.0,RGB,JPEG,True,
/content/drive/MyDrive/Calorify/dataset/fries/fries_262.jpg,fries_262.jpg,fries,.jpg,3.7,300.0,168.0,RGB,JPEG,True,
/content/drive/MyDrive/Calorify/dataset/fries/fries_250.jpg,fries_250.jpg,fries,.jpg,12.12,318.0,159.0,RGB,JPEG,True,
/content/drive/MyDrive/Calorify/dataset/fries/fries_269.jpg,fries_269.jpg,fries,.jpg,10.01,201.0,251.0,RGB,JPEG,True,
/content/drive/MyDrive/Calorify/dataset/fries/fries_253.jpg,fries_253.jpg,fries,.jpg,11.76,259.0,194.0,RGB,JPEG,True,
/content/drive/MyDrive/Calorify/dataset/fries/fries_252.jpg,fries_252.jpg,fries,.jpg,9.26,225.0,225.0,RGB,JPEG,True,
/content/drive/MyDrive/Calorify/dataset/fries/fries_257.jpg,fries_257.jpg,fries,.jpg,14.31,225.0,225.0,RGB,JPEG,True,
/content/drive/MyDrive/Calorify/dataset/fries/fries_274.jpg,fries_274.jpg,fries,.jpg,10.68,183.0,275.0,RGB,JPEG,True,
/content/drive/MyDrive/Calorify/dataset/fries/fries_273.jpg,fries_273.jpg,fries,.jpg,12.73,311.0,162.0,RGB,JPEG,True,
/content/drive/MyDrive/Calorify/dataset/fries/fries_261.jpg,fries_261.jpg,fries,.jpg,15.98,213.0,236.0,RGB,JPEG,True,
/content/drive/MyDrive/Calorify/dataset/fries/fries_291.jpg,fries_291.jpg,fries,.jpg,11.17,275.0,183.0,RGB,JPEG,True,
/content/drive/MyDrive/Calorify/dataset/fries/fries_267.jpg,fries_267.jpg,fries,.jpg,9.12,300.0,168.0,RGB,JPEG,True,
/content/drive/MyDrive/Calorify/dataset/fries/fries_251.jpg,fries_251.jpg,fries,.jpg,4.42,300.0,168.0,RGB,JPEG,True,
/content/drive/MyDrive/Calorify/dataset/fries/fries_276.jpg,fries_276.jpg,fries,.jpg,10.75,275.0,183.0,RGB,JPEG,True,
/content/drive/MyDrive/Calorify/dataset/fries/fries_271.jpg,fries_271.jpg,fries,.jpg,11.81,259.0,194.0,RGB,JPEG,True,
/content/drive/MyDrive/Calorify/dataset/fries/fries_263.jpg,fries_263.jpg,fries,.jpg,14.56,235.0,214.0,RGB,JPEG,True,
/content/drive/MyDrive/Calorify/dataset/fries/fries_268.jpg,fries_268.jpg,fries,.jpg,8.61,300.0,168.0,RGB,JPEG,True,
/content/drive/MyDrive/Calorify/dataset/fries/fries_311.jpg,fries_311.jpg,fries,.jpg,9.8,225.0,225.0,RGB,JPEG,True,
/content/drive/MyDrive/Calorify/dataset/fries/fries_298.jpg,fries_298.jpg,fries,.jpg,7.35,299.0,168.0,RGB,JPEG,True,
/content/drive/MyDrive/Calorify/dataset/fries/fries_297.jpg,fries_297.jpg,fries,.jpg,12.07,183.0,275.0,RGB,JPEG,True,
/content/drive/MyDrive/Calorify/dataset/fries/fries_328.jpg,fries_328.jpg,fries,.jpg,6.29,204.0,247.0,RGB,JPEG,True,
/content/drive/MyDrive/Calorify/dataset/fries/fries_308.jpg,fries_308.jpg,fries,.jpg,6.2,183.0,275.0,RGB,JPEG,True,
/content/drive/MyDrive/Calorify/dataset/fries/fries_319.jpg,fries_319.jpg,fries,.jpg,7.87,225.0,225.0,RGB,JPEG,True,
/content/drive/MyDrive/Calorify/dataset/fries/fries_317.jpg,fries_317.jpg,fries,.jpg,10.61,292.0,173.0,RGB,JPEG,True,
/content/drive/MyDrive/Calorify/dataset/fries/fries_300.jpg,fries_300.jpg,fries,.jpg,11.15,183.0,275.0,RGB,JPEG,True,
/content/drive/MyDrive/Calorify/dataset/fries/fries_310.jpg,fries_310.jpg,fries,.jpg,12.44,225.0,225.0,RGB,JPEG,True,
/content/drive/MyDrive/Calorify/dataset/fries/fries_326.jpg,fries_326.jpg,fries,.jpg,10.64,259.0,194.0,RGB,JPEG,True,
/content/drive/MyDrive/Calorify/dataset/fries/fries_302.jpg,fries_302.jpg,fries,.jpg,9.27,225.0,225.0,RGB,JPEG,True,
/content/drive/MyDrive/Calorify/dataset/fries/fries_301.jpg,fries_301.jpg,fries,.jpg,11.39,183.0,275.0,RGB,JPEG,True,
/content/drive/MyDrive/Calorify/dataset/fries/fries_309.jpg,fries_309.jpg,fries,.jpg,11.28,276.0,183.0,RGB,JPEG,True,
/content/drive/MyDrive/Calorify/dataset/fries/fries_321.jpg,fries_321.jpg,fries,.jpg,8.35,309.0,163.0,RGB,JPEG,True,
/content/drive/MyDrive/Calorify/dataset/fries/fries_306.jpg,fries_306.jpg,fries,.jpg,10.15,259.0,194.0,RGB,JPEG,True,
/content/drive/MyDrive/Calorify/dataset/fries/fries_318.jpg,fries_318.jpg,fries,.jpg,9.54,189.0,267.0,RGB,JPEG,True,
/content/drive/MyDrive/Calorify/dataset/fries/fries_313.jpg,fries_313.jpg,fries,.jpg,8.41,275.0,183.0,RGB,JPEG,True,
/content/drive/MyDrive/Calorify/dataset/fries/fries_323.jpg,fries_323.jpg,fries,.jpg,16.27,259.0,194.0,RGB,JPEG,True,
/content/drive/MyDrive/Calorify/dataset/fries/fries_329.jpg,fries_329.jpg,fries,.jpg,4.94,300.0,168.0,RGB,JPEG,True,
/content/drive/MyDrive/Calorify/dataset/fries/fries_331.jpg,fries_331.jpg,fries,.jpg,8.98,275.0,183.0,RGB,JPEG,True,
/content/drive/MyDrive/Calorify/dataset/fries/fries_304.jpg,fries_304.jpg,fries,.jpg,6.66,276.0,183.0,RGB,JPEG,True,
/content/drive/MyDrive/Calorify/dataset/fries/fries_327.jpg,fries_327.jpg,fries,.jpg,15.71,183.0,275.0,RGB,JPEG,True,
/content/drive/MyDrive/Calorify/dataset/fries/fries_315.jpg,fries_315.jpg,fries,.jpg,10.06,225.0,225.0,RGB,JPEG,True,
/content/drive/MyDrive/Calorify/dataset/fries/fries_303.jpg,fries_303.jpg,fries,.jpg,18.9,225.0,225.0,RGB,JPEG,True,
/content/drive/MyDrive/Calorify/dataset/fries/fries_322.jpg,fries_322.jpg,fries,.jpg,17.76,225.0,225.0,RGB,JPEG,True,
/content/drive/MyDrive/Calorify/dataset/fries/fries_312.jpg,fries_312.jpg,fries,.jpg,7.99,282.0,178.0,RGB,JPEG,True,
/content/drive/MyDrive/Calorify/dataset/fries/fries_320.jpg,fries_320.jpg,fries,.jpg,10.07,311.0,162.0,RGB,JPEG,True,
/content/drive/MyDrive/Calorify/dataset/fries/fries_307.jpg,fries_307.jpg,fries,.jpg,12.82,183.0,275.0,RGB,JPEG,True,
/content/drive/MyDrive/Calorify/dataset/fries/fries_305.jpg,fries_305.jpg,fries,.jpg,9.51,275.0,183.0,RGB,JPEG,True,
/content/drive/MyDrive/Calorify/dataset/fries/fries_332.jpg,fries_332.jpg,fries,.jpg,5.75,302.0,167.0,RGB,JPEG,True,
/content/drive/MyDrive/Calorify/dataset/fries/fries_316.jpg,fries_316.jpg,fries,.jpg,12.42,183.0,275.0,RGB,JPEG,True,
/content/drive/MyDrive/Calorify/dataset/fries/fries_294.jpg,fries_294.jpg,fries,.jpg,19.18,316.0,160.0,RGB,JPEG,True,
/content/drive/MyDrive/Calorify/dataset/fries/fries_325.jpg,fries_325.jpg,fries,.jpg,10.27,259.0,194.0,RGB,JPEG,True,
/content/drive/MyDrive/Calorify/dataset/fries/fries_299.jpg,fries_299.jpg,fries,.jpg,12.25,300.0,168.0,RGB,JPEG,True,
/content/drive/MyDrive/Calorify/dataset/fries/fries_295.jpg,fries_295.jpg,fries,.jpg,7.13,274.0,184.0,RGB,JPEG,True,
/content/drive/MyDrive/Calorify/dataset/fries/fries_324.jpg,fries_324.jpg,fries,.jpg,12.65,194.0,259.0,RGB,JPEG,True,
/content/drive/MyDrive/Calorify/dataset/fries/fries_314.jpg,fries_314.jpg,fries,.jpg,7.61,236.0,214.0,RGB,JPEG,True,
/content/drive/MyDrive/Calorify/dataset/fries/fries_293.jpg,fries_293.jpg,fries,.jpg,14.87,183.0,275.0,RGB,JPEG,True,
/content/drive/MyDrive/Calorify/dataset/fries/fries_296.jpg,fries_296.jpg,fries,.jpg,8.9,197.0,256.0,RGB,JPEG,True,
/content/drive/MyDrive/Calorify/dataset/fries/fries_330.jpg,fries_330.jpg,fries,.jpg,6.81,225.0,225.0,RGB,JPEG,True,
/content/drive/MyDrive/Calorify/dataset/fries/fries_335.jpg,fries_335.jpg,fries,.jpg,12.3,190.0,265.0,RGB,JPEG,True,
/content/drive/MyDrive/Calorify/dataset/fries/fries_363.jpg,fries_363.jpg,fries,.jpg,8.97,287.0,176.0,RGB,JPEG,True,
/content/drive/MyDrive/Calorify/dataset/fries/fries_366.jpg,fries_366.jpg,fries,.jpg,17.33,183.0,275.0,RGB,JPEG,True,
/content/drive/MyDrive/Calorify/dataset/fries/fries_357.jpg,fries_357.jpg,fries,.jpg,8.22,259.0,194.0,RGB,JPEG,True,
/content/drive/MyDrive/Calorify/dataset/fries/fries_358.jpg,fries_358.jpg,fries,.jpg,7.02,183.0,275.0,RGB,JPEG,True,
/content/drive/MyDrive/Calorify/dataset/fries/fries_367.jpg,fries_367.jpg,fries,.jpg,10.92,275.0,183.0,RGB,JPEG,True,
/content/drive/MyDrive/Calorify/dataset/fries/fries_341.jpg,fries_341.jpg,fries,.jpg,11.08,310.0,163.0,RGB,JPEG,True,
/content/drive/MyDrive/Calorify/dataset/fries/fries_354.jpg,fries_354.jpg,fries,.jpg,12.5,183.0,275.0,RGB,JPEG,True,
/content/drive/MyDrive/Calorify/dataset/fries/fries_352.jpg,fries_352.jpg,fries,.jpg,16.55,145.0,348.0,RGB,JPEG,True,
/content/drive/MyDrive/Calorify/dataset/fries/fries_339.jpg,fries_339.jpg,fries,.jpg,14.51,319.0,158.0,RGB,JPEG,True,
/content/drive/MyDrive/Calorify/dataset/fries/fries_346.jpg,fries_346.jpg,fries,.jpg,7.94,285.0,177.0,RGB,JPEG,True,
/content/drive/MyDrive/Calorify/dataset/fries/fries_337.jpg,fries_337.jpg,fries,.jpg,6.84,259.0,194.0,RGB,JPEG,True,
/content/drive/MyDrive/Calorify/dataset/fries/fries_362.jpg,fries_362.jpg,fries,.jpg,13.52,183.0,275.0,RGB,JPEG,True,
/content/drive/MyDrive/Calorify/dataset/fries/fries_371.jpg,fries_371.jpg,fries,.jpg,10.1,183.0,275.0,RGB,JPEG,True,
/content/drive/MyDrive/Calorify/dataset/fries/fries_345.jpg,fries_345.jpg,fries,.jpg,10.14,183.0,275.0,RGB,JPEG,True,
/content/drive/MyDrive/Calorify/dataset/fries/fries_369.jpg,fries_369.jpg,fries,.jpg,8.33,183.0,275.0,RGB,JPEG,True,
/content/drive/MyDrive/Calorify/dataset/fries/fries_368.jpg,fries_368.jpg,fries,.jpg,11.25,245.0,206.0,RGB,JPEG,True,
/content/drive/MyDrive/Calorify/dataset/fries/fries_340.jpg,fries_340.jpg,fries,.jpg,12.06,183.0,275.0,RGB,JPEG,True,
/content/drive/MyDrive/Calorify/dataset/fries/fries_334.jpg,fries_334.jpg,fries,.jpg,5.7,275.0,183.0,RGB,JPEG,True,
/content/drive/MyDrive/Calorify/dataset/fries/fries_365.jpg,fries_365.jpg,fries,.jpg,12.06,183.0,275.0,RGB,JPEG,True,
/content/drive/MyDrive/Calorify/dataset/fries/fries_349.jpg,fries_349.jpg,fries,.jpg,13.42,183.0,275.0,RGB,JPEG,True,
/content/drive/MyDrive/Calorify/dataset/fries/fries_333.jpg,fries_333.jpg,fries,.jpg,6.7,300.0,168.0,RGB,JPEG,True,
/content/drive/MyDrive/Calorify/dataset/fries/fries_370.jpg,fries_370.jpg,fries,.jpg,9.26,259.0,194.0,RGB,JPEG,True,
/content/drive/MyDrive/Calorify/dataset/fries/fries_374.jpg,fries_374.jpg,fries,.jpg,8.66,225.0,225.0,RGB,JPEG,True,
/content/drive/MyDrive/Calorify/dataset/fries/fries_378.jpg,fries_378.jpg,fries,.jpg,8.52,225.0,225.0,RGB,JPEG,True,
/content/drive/MyDrive/Calorify/dataset/fries/fries_377.jpg,fries_377.jpg,fries,.jpg,10.17,183.0,275.0,RGB,JPEG,True,
/content/drive/MyDrive/Calorify/dataset/fries/fries_344.jpg,fries_344.jpg,fries,.jpg,7.96,300.0,168.0,RGB,JPEG,True,
/content/drive/MyDrive/Calorify/dataset/fries/fries_347.jpg,fries_347.jpg,fries,.jpg,12.95,201.0,251.0,RGB,JPEG,True,
/content/drive/MyDrive/Calorify/dataset/fries/fries_338.jpg,fries_338.jpg,fries,.jpg,12.72,183.0,275.0,RGB,JPEG,True,
/content/drive/MyDrive/Calorify/dataset/fries/fries_355.jpg,fries_355.jpg,fries,.jpg,9.72,193.0,261.0,RGB,JPEG,True,
/content/drive/MyDrive/Calorify/dataset/fries/fries_342.jpg,fries_342.jpg,fries,.jpg,9.58,259.0,194.0,RGB,JPEG,True,
/content/drive/MyDrive/Calorify/dataset/fries/fries_343.jpg,fries_343.jpg,fries,.jpg,15.62,225.0,225.0,RGB,JPEG,True,
/content/drive/MyDrive/Calorify/dataset/fries/fries_359.jpg,fries_359.jpg,fries,.jpg,12.18,183.0,275.0,RGB,JPEG,True,
/content/drive/MyDrive/Calorify/dataset/fries/fries_356.jpg,fries_356.jpg,fries,.jpg,10.52,300.0,168.0,RGB,JPEG,True,
/content/drive/MyDrive/Calorify/dataset/fries/fries_360.jpg,fries_360.jpg,fries,.jpg,14.4,300.0,168.0,RGB,JPEG,True,
/content/drive/MyDrive/Calorify/dataset/fries/fries_372.jpg,fries_372.jpg,fries,.jpg,12.64,275.0,183.0,RGB,JPEG,True,
/content/drive/MyDrive/Calorify/dataset/fries/fries_351.jpg,fries_351.jpg,fries,.jpg,19.3,224.0,225.0,RGB,JPEG,True,
/content/drive/MyDrive/Calorify/dataset/fries/fries_376.jpg,fries_376.jpg,fries,.jpg,10.77,300.0,168.0,RGB,JPEG,True,
/content/drive/MyDrive/Calorify/dataset/fries/fries_375.jpg,fries_375.jpg,fries,.jpg,13.4,300.0,168.0,RGB,JPEG,True,
/content/drive/MyDrive/Calorify/dataset/fries/fries_336.jpg,fries_336.jpg,fries,.jpg,9.94,183.0,275.0,RGB,JPEG,True,
/content/drive/MyDrive/Calorify/dataset/fries/fries_361.jpg,fries_361.jpg,fries,.jpg,12.48,274.0,184.0,RGB,JPEG,True,
/content/drive/MyDrive/Calorify/dataset/fries/fries_348.jpg,fries_348.jpg,fries,.jpg,10.97,246.0,205.0,RGB,JPEG,True,
/content/drive/MyDrive/Calorify/dataset/fries/fries_350.jpg,fries_350.jpg,fries,.jpg,7.68,183.0,275.0,RGB,JPEG,True,
/content/drive/MyDrive/Calorify/dataset/fries/fries_373.jpg,fries_373.jpg,fries,.jpg,8.19,275.0,183.0,RGB,JPEG,True,
/content/drive/MyDrive/Calorify/dataset/fries/fries_353.jpg,fries_353.jpg,fries,.jpg,10.67,275.0,183.0,RGB,JPEG,True,
/content/drive/MyDrive/Calorify/dataset/fries/fries_391.jpg,fries_391.jpg,fries,.jpg,5.07,259.0,194.0,RGB,JPEG,True,
/content/drive/MyDrive/Calorify/dataset/fries/fries_414.jpg,fries_414.jpg,fries,.jpg,12.59,300.0,168.0,RGB,JPEG,True,
/content/drive/MyDrive/Calorify/dataset/fries/fries_380.jpg,fries_380.jpg,fries,.jpg,9.42,200.0,251.0,RGB,JPEG,True,
/content/drive/MyDrive/Calorify/dataset/fries/fries_418.jpg,fries_418.jpg,fries,.jpg,9.18,183.0,275.0,RGB,JPEG,True,
/content/drive/MyDrive/Calorify/dataset/fries/fries_399.jpg,fries_399.jpg,fries,.jpg,13.15,300.0,168.0,RGB,JPEG,True,
/content/drive/MyDrive/Calorify/dataset/fries/fries_409.jpg,fries_409.jpg,fries,.jpg,15.57,310.0,163.0,RGB,JPEG,True,
/content/drive/MyDrive/Calorify/dataset/fries/fries_407.jpg,fries_407.jpg,fries,.jpg,12.86,225.0,225.0,RGB,JPEG,True,
/content/drive/MyDrive/Calorify/dataset/fries/fries_404.jpg,fries_404.jpg,fries,.jpg,11.02,311.0,162.0,RGB,JPEG,True,
/content/drive/MyDrive/Calorify/dataset/fries/fries_384.jpg,fries_384.jpg,fries,.jpg,12.08,183.0,275.0,RGB,JPEG,True,
/content/drive/MyDrive/Calorify/dataset/fries/fries_403.jpg,fries_403.jpg,fries,.jpg,12.98,262.0,192.0,RGB,JPEG,True,
/content/drive/MyDrive/Calorify/dataset/fries/fries_426.jpg,fries_426.jpg,fries,.jpg,10.57,299.0,168.0,RGB,JPEG,True,
/content/drive/MyDrive/Calorify/dataset/fries/fries_394.jpg,fries_394.jpg,fries,.jpg,9.6,225.0,225.0,RGB,JPEG,True,
/content/drive/MyDrive/Calorify/dataset/fries/fries_406.jpg,fries_406.jpg,fries,.jpg,9.52,203.0,249.0,RGB,JPEG,True,
/content/drive/MyDrive/Calorify/dataset/fries/fries_421.jpg,fries_421.jpg,fries,.jpg,7.46,225.0,225.0,RGB,JPEG,True,
/content/drive/MyDrive/Calorify/dataset/fries/fries_417.jpg,fries_417.jpg,fries,.jpg,8.43,183.0,275.0,RGB,JPEG,True,
/content/drive/MyDrive/Calorify/dataset/fries/fries_382.jpg,fries_382.jpg,fries,.jpg,7.01,259.0,195.0,RGB,JPEG,True,
/content/drive/MyDrive/Calorify/dataset/fries/fries_413.jpg,fries_413.jpg,fries,.jpg,12.94,275.0,183.0,RGB,JPEG,True,
/content/drive/MyDrive/Calorify/dataset/fries/fries_420.jpg,fries_420.jpg,fries,.jpg,6.7,275.0,183.0,RGB,JPEG,True,
/content/drive/MyDrive/Calorify/dataset/fries/fries_412.jpg,fries_412.jpg,fries,.jpg,20.97,271.0,186.0,RGB,JPEG,True,
/content/drive/MyDrive/Calorify/dataset/fries/fries_381.jpg,fries_381.jpg,fries,.jpg,8.34,262.0,192.0,RGB,JPEG,True,
/content/drive/MyDrive/Calorify/dataset/fries/fries_379.jpg,fries_379.jpg,fries,.jpg,5.6,290.0,174.0,RGB,JPEG,True,
/content/drive/MyDrive/Calorify/dataset/fries/fries_390.jpg,fries_390.jpg,fries,.jpg,10.0,250.0,201.0,RGB,JPEG,True,
/content/drive/MyDrive/Calorify/dataset/fries/fries_395.jpg,fries_395.jpg,fries,.jpg,12.06,275.0,183.0,RGB,JPEG,True,
/content/drive/MyDrive/Calorify/dataset/fries/fries_388.jpg,fries_388.jpg,fries,.jpg,16.78,300.0,168.0,RGB,JPEG,True,
/content/drive/MyDrive/Calorify/dataset/fries/fries_415.jpg,fries_415.jpg,fries,.jpg,11.3,165.0,305.0,RGB,JPEG,True,
/content/drive/MyDrive/Calorify/dataset/fries/fries_401.jpg,fries_401.jpg,fries,.jpg,7.85,205.0,205.0,RGB,JPEG,True,
/content/drive/MyDrive/Calorify/dataset/fries/fries_410.jpg,fries_410.jpg,fries,.jpg,12.78,238.0,212.0,RGB,JPEG,True,
/content/drive/MyDrive/Calorify/dataset/fries/fries_392.jpg,fries_392.jpg,fries,.jpg,11.64,183.0,275.0,RGB,JPEG,True,
/content/drive/MyDrive/Calorify/dataset/fries/fries_416.jpg,fries_416.jpg,fries,.jpg,9.91,299.0,168.0,RGB,JPEG,True,
/content/drive/MyDrive/Calorify/dataset/fries/fries_419.jpg,fries_419.jpg,fries,.jpg,6.34,259.0,194.0,RGB,JPEG,True,
/content/drive/MyDrive/Calorify/dataset/fries/fries_397.jpg,fries_397.jpg,fries,.jpg,12.44,278.0,181.0,RGB,JPEG,True,
/content/drive/MyDrive/Calorify/dataset/fries/fries_423.jpg,fries_423.jpg,fries,.jpg,12.83,183.0,275.0,RGB,JPEG,True,
/content/drive/MyDrive/Calorify/dataset/fries/fries_387.jpg,fries_387.jpg,fries,.jpg,7.8,284.0,177.0,RGB,JPEG,True,
/content/drive/MyDrive/Calorify/dataset/fries/fries_411.jpg,fries_411.jpg,fries,.jpg,4.57,225.0,225.0,RGB,JPEG,True,
/content/drive/MyDrive/Calorify/dataset/fries/fries_393.jpg,fries_393.jpg,fries,.jpg,6.27,310.0,163.0,RGB,JPEG,True,
/content/drive/MyDrive/Calorify/dataset/fries/fries_400.jpg,fries_400.jpg,fries,.jpg,8.2,259.0,194.0,RGB,JPEG,True,
/content/drive/MyDrive/Calorify/dataset/fries/fries_405.jpg,fries_405.jpg,fries,.jpg,8.88,299.0,168.0,RGB,JPEG,True,
/content/drive/MyDrive/Calorify/dataset/fries/fries_396.jpg,fries_396.jpg,fries,.jpg,5.01,286.0,176.0,RGB,JPEG,True,
/content/drive/MyDrive/Calorify/dataset/fries/fries_386.jpg,fries_386.jpg,fries,.jpg,12.8,199.0,253.0,RGB,JPEG,True,
/content/drive/MyDrive/Calorify/dataset/fries/fries_402.jpg,fries_402.jpg,fries,.jpg,9.37,275.0,183.0,RGB,JPEG,True,
/content/drive/MyDrive/Calorify/dataset/fries/fries_398.jpg,fries_398.jpg,fries,.jpg,10.6,183.0,275.0,RGB,JPEG,True,
/content/drive/MyDrive/Calorify/dataset/fries/fries_408.jpg,fries_408.jpg,fries,.jpg,6.94,259.0,195.0,RGB,JPEG,True,
/content/drive/MyDrive/Calorify/dataset/fries/fries_425.jpg,fries_425.jpg,fries,.jpg,5.33,259.0,194.0,RGB,JPEG,True,
/content/drive/MyDrive/Calorify/dataset/fries/fries_389.jpg,fries_389.jpg,fries,.jpg,8.99,232.0,217.0,RGB,JPEG,True,
/content/drive/MyDrive/Calorify/dataset/fries/fries_385.jpg,fries_385.jpg,fries,.jpg,14.15,189.0,267.0,RGB,JPEG,True,
/content/drive/MyDrive/Calorify/dataset/fries/fries_422.jpg,fries_422.jpg,fries,.jpg,7.3,300.0,168.0,RGB,JPEG,True,
/content/drive/MyDrive/Calorify/dataset/fries/fries_383.jpg,fries_383.jpg,fries,.jpg,6.24,269.0,187.0,RGB,JPEG,True,
/content/drive/MyDrive/Calorify/dataset/fries/fries_424.jpg,fries_424.jpg,fries,.jpg,9.22,300.0,168.0,RGB,JPEG,True,
/content/drive/MyDrive/Calorify/dataset/fries/fries_452.jpg,fries_452.jpg,fries,.jpg,7.0,259.0,194.0,RGB,JPEG,True,
/content/drive/MyDrive/Calorify/dataset/fries/fries_471.jpg,fries_471.jpg,fries,.jpg,9.64,205.0,246.0,RGB,JPEG,True,
/content/drive/MyDrive/Calorify/dataset/fries/fries_451.jpg,fries_451.jpg,fries,.jpg,7.26,259.0,194.0,RGB,JPEG,True,
/content/drive/MyDrive/Calorify/dataset/fries/fries_429.jpg,fries_429.jpg,fries,.jpg,9.7,225.0,225.0,RGB,JPEG,True,
/content/drive/MyDrive/Calorify/dataset/fries/fries_439.jpg,fries_439.jpg,fries,.jpg,10.17,259.0,195.0,RGB,JPEG,True,
/content/drive/MyDrive/Calorify/dataset/fries/fries_441.jpg,fries_441.jpg,fries,.jpg,5.87,259.0,194.0,RGB,JPEG,True,
/content/drive/MyDrive/Calorify/dataset/fries/fries_476.jpg,fries_476.jpg,fries,.jpg,11.97,259.0,194.0,RGB,JPEG,True,
/content/drive/MyDrive/Calorify/dataset/fries/fries_459.jpg,fries_459.jpg,fries,.jpg,11.53,300.0,168.0,RGB,JPEG,True,
/content/drive/MyDrive/Calorify/dataset/fries/fries_448.jpg,fries_448.jpg,fries,.jpg,4.58,300.0,168.0,RGB,JPEG,True,
/content/drive/MyDrive/Calorify/dataset/fries/fries_467.jpg,fries_467.jpg,fries,.jpg,9.31,306.0,165.0,RGB,JPEG,True,
/content/drive/MyDrive/Calorify/dataset/fries/fries_433.jpg,fries_433.jpg,fries,.jpg,7.75,275.0,183.0,RGB,JPEG,True,
/content/drive/MyDrive/Calorify/dataset/fries/fries_457.jpg,fries_457.jpg,fries,.jpg,17.01,300.0,168.0,RGB,JPEG,True,
/content/drive/MyDrive/Calorify/dataset/fries/fries_432.jpg,fries_432.jpg,fries,.jpg,11.96,225.0,225.0,RGB,JPEG,True,
/content/drive/MyDrive/Calorify/dataset/fries/fries_469.jpg,fries_469.jpg,fries,.jpg,5.1,277.0,182.0,RGB,JPEG,True,
/content/drive/MyDrive/Calorify/dataset/fries/fries_449.jpg,fries_449.jpg,fries,.jpg,7.73,225.0,225.0,RGB,JPEG,True,
/content/drive/MyDrive/Calorify/dataset/fries/fries_455.jpg,fries_455.jpg,fries,.jpg,6.84,225.0,225.0,RGB,JPEG,True,
/content/drive/MyDrive/Calorify/dataset/fries/fries_438.jpg,fries_438.jpg,fries,.jpg,4.92,259.0,194.0,RGB,JPEG,True,
/content/drive/MyDrive/Calorify/dataset/fries/fries_442.jpg,fries_442.jpg,fries,.jpg,11.38,263.0,191.0,RGB,JPEG,True,
/content/drive/MyDrive/Calorify/dataset/fries/fries_470.jpg,fries_470.jpg,fries,.jpg,4.81,300.0,168.0,RGB,JPEG,True,
/content/drive/MyDrive/Calorify/dataset/fries/fries_465.jpg,fries_465.jpg,fries,.jpg,7.83,210.0,240.0,RGB,JPEG,True,
/content/drive/MyDrive/Calorify/dataset/fries/fries_428.jpg,fries_428.jpg,fries,.jpg,12.9,262.0,192.0,RGB,JPEG,True,
/content/drive/MyDrive/Calorify/dataset/fries/fries_437.jpg,fries_437.jpg,fries,.jpg,11.21,225.0,225.0,RGB,JPEG,True,
/content/drive/MyDrive/Calorify/dataset/fries/fries_479.jpg,fries_479.jpg,fries,.jpg,5.38,298.0,169.0,RGB,JPEG,True,
/content/drive/MyDrive/Calorify/dataset/fries/fries_456.jpg,fries_456.jpg,fries,.jpg,6.22,259.0,194.0,RGB,JPEG,True,
/content/drive/MyDrive/Calorify/dataset/fries/fries_431.jpg,fries_431.jpg,fries,.jpg,10.55,259.0,194.0,RGB,JPEG,True,
/content/drive/MyDrive/Calorify/dataset/fries/fries_447.jpg,fries_447.jpg,fries,.jpg,11.89,271.0,186.0,RGB,JPEG,True,
/content/drive/MyDrive/Calorify/dataset/fries/fries_427.jpg,fries_427.jpg,fries,.jpg,9.23,183.0,275.0,RGB,JPEG,True,
/content/drive/MyDrive/Calorify/dataset/fries/fries_475.jpg,fries_475.jpg,fries,.jpg,13.16,183.0,275.0,RGB,JPEG,True,
/content/drive/MyDrive/Calorify/dataset/fries/fries_446.jpg,fries_446.jpg,fries,.jpg,6.87,259.0,194.0,RGB,JPEG,True,
/content/drive/MyDrive/Calorify/dataset/fries/fries_477.jpg,fries_477.jpg,fries,.jpg,8.78,270.0,187.0,RGB,JPEG,True,
/content/drive/MyDrive/Calorify/dataset/fries/fries_468.jpg,fries_468.jpg,fries,.jpg,3.93,194.0,259.0,RGB,JPEG,True,
/content/drive/MyDrive/Calorify/dataset/fries/fries_464.jpg,fries_464.jpg,fries,.jpg,5.16,285.0,177.0,RGB,JPEG,True,
/content/drive/MyDrive/Calorify/dataset/fries/fries_458.jpg,fries_458.jpg,fries,.jpg,17.69,300.0,168.0,RGB,JPEG,True,
/content/drive/MyDrive/Calorify/dataset/fries/fries_450.jpg,fries_450.jpg,fries,.jpg,5.67,259.0,194.0,RGB,JPEG,True,
/content/drive/MyDrive/Calorify/dataset/fries/fries_445.jpg,fries_445.jpg,fries,.jpg,5.89,194.0,259.0,RGB,JPEG,True,
/content/drive/MyDrive/Calorify/dataset/fries/fries_460.jpg,fries_460.jpg,fries,.jpg,6.32,259.0,194.0,RGB,JPEG,True,
/content/drive/MyDrive/Calorify/dataset/fries/fries_444.jpg,fries_444.jpg,fries,.jpg,17.96,259.0,194.0,RGB,JPEG,True,
/content/drive/MyDrive/Calorify/dataset/fries/fries_440.jpg,fries_440.jpg,fries,.jpg,8.47,300.0,168.0,RGB,JPEG,True,
/content/drive/MyDrive/Calorify/dataset/fries/fries_472.jpg,fries_472.jpg,fries,.jpg,15.27,201.0,251.0,RGB,JPEG,True,
/content/drive/MyDrive/Calorify/dataset/fries/fries_461.jpg,fries_461.jpg,fries,.jpg,14.56,300.0,168.0,RGB,JPEG,True,
/content/drive/MyDrive/Calorify/dataset/fries/fries_480.jpg,fries_480.jpg,fries,.jpg,13.63,211.0,239.0,RGB,JPEG,True,
/content/drive/MyDrive/Calorify/dataset/fries/fries_453.jpg,fries_453.jpg,fries,.jpg,8.68,225.0,225.0,RGB,JPEG,True,
/content/drive/MyDrive/Calorify/dataset/fries/fries_466.jpg,fries_466.jpg,fries,.jpg,9.54,225.0,225.0,RGB,JPEG,True,
/content/drive/MyDrive/Calorify/dataset/fries/fries_474.jpg,fries_474.jpg,fries,.jpg,9.84,225.0,225.0,RGB,JPEG,True,
/content/drive/MyDrive/Calorify/dataset/fries/fries_436.jpg,fries_436.jpg,fries,.jpg,14.34,183.0,275.0,RGB,JPEG,True,
/content/drive/MyDrive/Calorify/dataset/fries/fries_443.jpg,fries_443.jpg,fries,.jpg,6.75,300.0,168.0,RGB,JPEG,True,
/content/drive/MyDrive/Calorify/dataset/fries/fries_434.jpg,fries_434.jpg,fries,.jpg,6.85,271.0,186.0,RGB,JPEG,True,
/content/drive/MyDrive/Calorify/dataset/fries/fries_481.jpg,fries_481.jpg,fries,.jpg,8.94,194.0,259.0,RGB,JPEG,True,
/content/drive/MyDrive/Calorify/dataset/fries/fries_454.jpg,fries_454.jpg,fries,.jpg,3.85,168.0,94.0,RGB,JPEG,True,
/content/drive/MyDrive/Calorify/dataset/fries/fries_462.jpg,fries_462.jpg,fries,.jpg,6.54,259.0,194.0,RGB,JPEG,True,
/content/drive/MyDrive/Calorify/dataset/fries/fries_430.jpg,fries_430.jpg,fries,.jpg,9.99,225.0,225.0,RGB,JPEG,True,
/content/drive/MyDrive/Calorify/dataset/fries/fries_487.jpg,fries_487.jpg,fries,.jpg,11.35,225.0,225.0,RGB,JPEG,True,
/content/drive/MyDrive/Calorify/dataset/fries/fries_523.jpg,fries_523.jpg,fries,.jpg,7.14,274.0,184.0,RGB,JPEG,True,
/content/drive/MyDrive/Calorify/dataset/fries/fries_501.jpg,fries_501.jpg,fries,.jpg,11.32,259.0,194.0,RGB,JPEG,True,
/content/drive/MyDrive/Calorify/dataset/fries/fries_538.jpg,fries_538.jpg,fries,.jpg,12.38,225.0,225.0,RGB,JPEG,True,
/content/drive/MyDrive/Calorify/dataset/fries/fries_519.jpg,fries_519.jpg,fries,.jpg,8.87,259.0,195.0,RGB,JPEG,True,
/content/drive/MyDrive/Calorify/dataset/fries/fries_499.jpg,fries_499.jpg,fries,.jpg,12.07,312.0,162.0,RGB,JPEG,True,
/content/drive/MyDrive/Calorify/dataset/fries/fries_541.jpg,fries_541.jpg,fries,.jpg,10.46,284.0,178.0,RGB,JPEG,True,
/content/drive/MyDrive/Calorify/dataset/fries/fries_514.jpg,fries_514.jpg,fries,.jpg,9.9,300.0,168.0,RGB,JPEG,True,
/content/drive/MyDrive/Calorify/dataset/fries/fries_511.jpg,fries_511.jpg,fries,.jpg,11.05,194.0,259.0,RGB,JPEG,True,
/content/drive/MyDrive/Calorify/dataset/fries/fries_496.jpg,fries_496.jpg,fries,.jpg,12.51,225.0,225.0,RGB,JPEG,True,
/content/drive/MyDrive/Calorify/dataset/fries/fries_500.jpg,fries_500.jpg,fries,.jpg,14.35,183.0,275.0,RGB,JPEG,True,
/content/drive/MyDrive/Calorify/dataset/fries/fries_518.jpg,fries_518.jpg,fries,.jpg,9.42,275.0,183.0,RGB,JPEG,True,
/content/drive/MyDrive/Calorify/dataset/fries/fries_520.jpg,fries_520.jpg,fries,.jpg,8.99,300.0,168.0,RGB,JPEG,True,
/content/drive/MyDrive/Calorify/dataset/fries/fries_533.jpg,fries_533.jpg,fries,.jpg,9.64,183.0,275.0,RGB,JPEG,True,
/content/drive/MyDrive/Calorify/dataset/fries/fries_493.jpg,fries_493.jpg,fries,.jpg,13.85,225.0,225.0,RGB,JPEG,True,
/content/drive/MyDrive/Calorify/dataset/fries/fries_491.jpg,fries_491.jpg,fries,.jpg,9.93,183.0,275.0,RGB,JPEG,True,
/content/drive/MyDrive/Calorify/dataset/fries/fries_489.jpg,fries_489.jpg,fries,.jpg,8.47,268.0,188.0,RGB,JPEG,True,
/content/drive/MyDrive/Calorify/dataset/fries/fries_512.jpg,fries_512.jpg,fries,.jpg,9.8,300.0,168.0,RGB,JPEG,True,
/content/drive/MyDrive/Calorify/dataset/fries/fries_539.jpg,fries_539.jpg,fries,.jpg,9.64,183.0,275.0,RGB,JPEG,True,
/content/drive/MyDrive/Calorify/dataset/fries/fries_542.jpg,fries_542.jpg,fries,.jpg,10.6,318.0,158.0,RGB,JPEG,True,
/content/drive/MyDrive/Calorify/dataset/fries/fries_536.jpg,fries_536.jpg,fries,.jpg,15.07,183.0,275.0,RGB,JPEG,True,
/content/drive/MyDrive/Calorify/dataset/fries/fries_515.jpg,fries_515.jpg,fries,.jpg,11.59,183.0,275.0,RGB,JPEG,True,
/content/drive/MyDrive/Calorify/dataset/fries/fries_497.jpg,fries_497.jpg,fries,.jpg,11.18,225.0,225.0,RGB,JPEG,True,
/content/drive/MyDrive/Calorify/dataset/fries/fries_488.jpg,fries_488.jpg,fries,.jpg,15.33,188.0,268.0,RGB,JPEG,True,
/content/drive/MyDrive/Calorify/dataset/fries/fries_510.jpg,fries_510.jpg,fries,.jpg,8.12,183.0,275.0,RGB,JPEG,True,
/content/drive/MyDrive/Calorify/dataset/fries/fries_503.jpg,fries_503.jpg,fries,.jpg,7.11,259.0,194.0,RGB,JPEG,True,
/content/drive/MyDrive/Calorify/dataset/fries/fries_529.jpg,fries_529.jpg,fries,.jpg,10.27,225.0,225.0,RGB,JPEG,True,
/content/drive/MyDrive/Calorify/dataset/fries/fries_492.jpg,fries_492.jpg,fries,.jpg,13.96,225.0,225.0,RGB,JPEG,True,
/content/drive/MyDrive/Calorify/dataset/fries/fries_504.jpg,fries_504.jpg,fries,.jpg,10.84,259.0,194.0,RGB,JPEG,True,
/content/drive/MyDrive/Calorify/dataset/fries/fries_485.jpg,fries_485.jpg,fries,.jpg,12.96,225.0,225.0,RGB,JPEG,True,
/content/drive/MyDrive/Calorify/dataset/fries/fries_506.jpg,fries_506.jpg,fries,.jpg,9.25,300.0,168.0,RGB,JPEG,True,
/content/drive/MyDrive/Calorify/dataset/fries/fries_534.jpg,fries_534.jpg,fries,.jpg,11.17,183.0,275.0,RGB,JPEG,True,
/content/drive/MyDrive/Calorify/dataset/fries/fries_509.jpg,fries_509.jpg,fries,.jpg,10.1,183.0,275.0,RGB,JPEG,True,
/content/drive/MyDrive/Calorify/dataset/fries/fries_516.jpg,fries_516.jpg,fries,.jpg,8.82,225.0,225.0,RGB,JPEG,True,
/content/drive/MyDrive/Calorify/dataset/fries/fries_483.jpg,fries_483.jpg,fries,.jpg,8.85,300.0,168.0,RGB,JPEG,True,
/content/drive/MyDrive/Calorify/dataset/fries/fries_507.jpg,fries_507.jpg,fries,.jpg,7.18,299.0,168.0,RGB,JPEG,True,
/content/drive/MyDrive/Calorify/dataset/fries/fries_530.jpg,fries_530.jpg,fries,.jpg,8.54,300.0,168.0,RGB,JPEG,True,
/content/drive/MyDrive/Calorify/dataset/fries/fries_531.jpg,fries_531.jpg,fries,.jpg,7.87,199.0,253.0,RGB,JPEG,True,
/content/drive/MyDrive/Calorify/dataset/fries/fries_505.jpg,fries_505.jpg,fries,.jpg,15.82,225.0,225.0,RGB,JPEG,True,
/content/drive/MyDrive/Calorify/dataset/fries/fries_535.jpg,fries_535.jpg,fries,.jpg,9.12,275.0,183.0,RGB,JPEG,True,
/content/drive/MyDrive/Calorify/dataset/fries/fries_522.jpg,fries_522.jpg,fries,.jpg,11.17,276.0,183.0,RGB,JPEG,True,
/content/drive/MyDrive/Calorify/dataset/fries/fries_524.jpg,fries_524.jpg,fries,.jpg,6.16,300.0,168.0,RGB,JPEG,True,
/content/drive/MyDrive/Calorify/dataset/fries/fries_528.jpg,fries_528.jpg,fries,.jpg,7.06,225.0,225.0,RGB,JPEG,True,
/content/drive/MyDrive/Calorify/dataset/fries/fries_521.jpg,fries_521.jpg,fries,.jpg,10.3,259.0,194.0,RGB,JPEG,True,
/content/drive/MyDrive/Calorify/dataset/fries/fries_508.jpg,fries_508.jpg,fries,.jpg,13.32,275.0,183.0,RGB,JPEG,True,
/content/drive/MyDrive/Calorify/dataset/fries/fries_486.jpg,fries_486.jpg,fries,.jpg,6.79,300.0,168.0,RGB,JPEG,True,
/content/drive/MyDrive/Calorify/dataset/fries/fries_482.jpg,fries_482.jpg,fries,.jpg,19.71,183.0,275.0,RGB,JPEG,True,
/content/drive/MyDrive/Calorify/dataset/fries/fries_566.jpg,fries_566.jpg,fries,.jpg,5.83,300.0,168.0,RGB,JPEG,True,
/content/drive/MyDrive/Calorify/dataset/fries/fries_594.jpg,fries_594.jpg,fries,.jpg,10.48,300.0,168.0,RGB,JPEG,True,
/content/drive/MyDrive/Calorify/dataset/fries/fries_590.jpg,fries_590.jpg,fries,.jpg,6.74,205.0,246.0,RGB,JPEG,True,
/content/drive/MyDrive/Calorify/dataset/fries/fries_583.jpg,fries_583.jpg,fries,.jpg,9.0,275.0,183.0,RGB,JPEG,True,
/content/drive/MyDrive/Calorify/dataset/fries/fries_576.jpg,fries_576.jpg,fries,.jpg,5.9,300.0,168.0,RGB,JPEG,True,
/content/drive/MyDrive/Calorify/dataset/fries/fries_563.jpg,fries_563.jpg,fries,.jpg,12.85,201.0,251.0,RGB,JPEG,True,
/content/drive/MyDrive/Calorify/dataset/fries/fries_598.jpg,fries_598.jpg,fries,.jpg,7.17,194.0,259.0,RGB,JPEG,True,
/content/drive/MyDrive/Calorify/dataset/fries/fries_574.jpg,fries_574.jpg,fries,.jpg,5.56,259.0,194.0,RGB,JPEG,True,
/content/drive/MyDrive/Calorify/dataset/fries/fries_561.jpg,fries_561.jpg,fries,.jpg,8.38,290.0,174.0,RGB,JPEG,True,
/content/drive/MyDrive/Calorify/dataset/fries/fries_567.jpg,fries_567.jpg,fries,.jpg,8.6,275.0,183.0,RGB,JPEG,True,
/content/drive/MyDrive/Calorify/dataset/fries/fries_549.jpg,fries_549.jpg,fries,.jpg,9.89,225.0,225.0,RGB,JPEG,True,
/content/drive/MyDrive/Calorify/dataset/fries/fries_601.jpg,fries_601.jpg,fries,.jpg,13.41,183.0,275.0,RGB,JPEG,True,
/content/drive/MyDrive/Calorify/dataset/fries/fries_572.jpg,fries_572.jpg,fries,.jpg,10.47,194.0,259.0,RGB,JPEG,True,
/content/drive/MyDrive/Calorify/dataset/fries/fries_562.jpg,fries_562.jpg,fries,.jpg,8.3,259.0,194.0,RGB,JPEG,True,
/content/drive/MyDrive/Calorify/dataset/fries/fries_597.jpg,fries_597.jpg,fries,.jpg,5.17,300.0,168.0,RGB,JPEG,True,
/content/drive/MyDrive/Calorify/dataset/fries/fries_545.jpg,fries_545.jpg,fries,.jpg,9.9,299.0,169.0,RGB,JPEG,True,
/content/drive/MyDrive/Calorify/dataset/fries/fries_554.jpg,fries_554.jpg,fries,.jpg,10.45,311.0,162.0,RGB,JPEG,True,
/content/drive/MyDrive/Calorify/dataset/fries/fries_600.jpg,fries_600.jpg,fries,.jpg,7.34,208.0,242.0,RGB,JPEG,True,
/content/drive/MyDrive/Calorify/dataset/fries/fries_551.jpg,fries_551.jpg,fries,.jpg,17.03,183.0,275.0,RGB,JPEG,True,
/content/drive/MyDrive/Calorify/dataset/fries/fries_588.jpg,fries_588.jpg,fries,.jpg,5.02,225.0,225.0,RGB,JPEG,True,
/content/drive/MyDrive/Calorify/dataset/fries/fries_552.jpg,fries_552.jpg,fries,.jpg,11.95,183.0,275.0,RGB,JPEG,True,
/content/drive/MyDrive/Calorify/dataset/fries/fries_550.jpg,fries_550.jpg,fries,.jpg,9.07,299.0,168.0,RGB,JPEG,True,
/content/drive/MyDrive/Calorify/dataset/fries/fries_596.jpg,fries_596.jpg,fries,.jpg,8.68,275.0,183.0,RGB,JPEG,True,
/content/drive/MyDrive/Calorify/dataset/fries/fries_591.jpg,fries_591.jpg,fries,.jpg,9.16,259.0,194.0,RGB,JPEG,True,
/content/drive/MyDrive/Calorify/dataset/fries/fries_559.jpg,fries_559.jpg,fries,.jpg,6.58,242.0,209.0,RGB,JPEG,True,
/content/drive/MyDrive/Calorify/dataset/fries/fries_595.jpg,fries_595.jpg,fries,.jpg,10.41,256.0,197.0,RGB,JPEG,True,
/content/drive/MyDrive/Calorify/dataset/fries/fries_573.jpg,fries_573.jpg,fries,.jpg,6.66,300.0,168.0,RGB,JPEG,True,
/content/drive/MyDrive/Calorify/dataset/fries/fries_578.jpg,fries_578.jpg,fries,.jpg,13.17,183.0,275.0,RGB,JPEG,True,
/content/drive/MyDrive/Calorify/dataset/fries/fries_565.jpg,fries_565.jpg,fries,.jpg,9.59,311.0,162.0,RGB,JPEG,True,
/content/drive/MyDrive/Calorify/dataset/fries/fries_593.jpg,fries_593.jpg,fries,.jpg,9.04,299.0,168.0,RGB,JPEG,True,
/content/drive/MyDrive/Calorify/dataset/fries/fries_570.jpg,fries_570.jpg,fries,.jpg,10.2,272.0,186.0,RGB,JPEG,True,
/content/drive/MyDrive/Calorify/dataset/fries/fries_580.jpg,fries_580.jpg,fries,.jpg,13.02,225.0,225.0,RGB,JPEG,True,
/content/drive/MyDrive/Calorify/dataset/fries/fries_571.jpg,fries_571.jpg,fries,.jpg,6.05,275.0,183.0,RGB,JPEG,True,
/content/drive/MyDrive/Calorify/dataset/fries/fries_586.jpg,fries_586.jpg,fries,.jpg,6.1,312.0,162.0,RGB,JPEG,True,
/content/drive/MyDrive/Calorify/dataset/fries/fries_544.jpg,fries_544.jpg,fries,.jpg,10.65,262.0,192.0,RGB,JPEG,True,
/content/drive/MyDrive/Calorify/dataset/fries/fries_553.jpg,fries_553.jpg,fries,.jpg,15.26,194.0,259.0,RGB,JPEG,True,
/content/drive/MyDrive/Calorify/dataset/fries/fries_582.jpg,fries_582.jpg,fries,.jpg,8.94,275.0,183.0,RGB,JPEG,True,
/content/drive/MyDrive/Calorify/dataset/fries/fries_557.jpg,fries_557.jpg,fries,.jpg,12.47,194.0,259.0,RGB,JPEG,True,
/content/drive/MyDrive/Calorify/dataset/fries/fries_577.jpg,fries_577.jpg,fries,.jpg,6.74,275.0,183.0,RGB,JPEG,True,
/content/drive/MyDrive/Calorify/dataset/fries/fries_581.jpg,fries_581.jpg,fries,.jpg,9.33,224.0,225.0,RGB,JPEG,True,
/content/drive/MyDrive/Calorify/dataset/fries/fries_560.jpg,fries_560.jpg,fries,.jpg,9.55,224.0,225.0,RGB,JPEG,True,
/content/drive/MyDrive/Calorify/dataset/fries/fries_555.jpg,fries_555.jpg,fries,.jpg,14.92,201.0,250.0,RGB,JPEG,True,
/content/drive/MyDrive/Calorify/dataset/fries/fries_589.jpg,fries_589.jpg,fries,.jpg,12.15,300.0,168.0,RGB,JPEG,True,
/content/drive/MyDrive/Calorify/dataset/fries/fries_556.jpg,fries_556.jpg,fries,.jpg,13.6,275.0,183.0,RGB,JPEG,True,
/content/drive/MyDrive/Calorify/dataset/fries/fries_564.jpg,fries_564.jpg,fries,.jpg,8.04,300.0,168.0,RGB,JPEG,True,
/content/drive/MyDrive/Calorify/dataset/fries/fries_584.jpg,fries_584.jpg,fries,.jpg,15.97,261.0,193.0,RGB,JPEG,True,
/content/drive/MyDrive/Calorify/dataset/fries/fries_547.jpg,fries_547.jpg,fries,.jpg,13.26,259.0,194.0,RGB,JPEG,True,
/content/drive/MyDrive/Calorify/dataset/fries/fries_599.jpg,fries_599.jpg,fries,.jpg,13.35,225.0,225.0,RGB,JPEG,True,
/content/drive/MyDrive/Calorify/dataset/fries/fries_585.jpg,fries_585.jpg,fries,.jpg,10.17,202.0,250.0,RGB,JPEG,True,
/content/drive/MyDrive/Calorify/dataset/fries/fries_610.jpg,fries_610.jpg,fries,.jpg,13.23,183.0,275.0,RGB,JPEG,True,
/content/drive/MyDrive/Calorify/dataset/fries/fries_606.jpg,fries_606.jpg,fries,.jpg,7.55,300.0,168.0,RGB,JPEG,True,
/content/drive/MyDrive/Calorify/dataset/fries/fries_615.jpg,fries_615.jpg,fries,.jpg,8.4,225.0,225.0,RGB,JPEG,True,
/content/drive/MyDrive/Calorify/dataset/fries/fries_605.jpg,fries_605.jpg,fries,.jpg,10.06,263.0,191.0,RGB,JPEG,True,
/content/drive/MyDrive/Calorify/dataset/fries/fries_614.jpg,fries_614.jpg,fries,.jpg,6.09,300.0,168.0,RGB,JPEG,True,
/content/drive/MyDrive/Calorify/dataset/fries/fries_607.jpg,fries_607.jpg,fries,.jpg,6.06,224.0,224.0,RGB,JPEG,True,
/content/drive/MyDrive/Calorify/dataset/fries/fries_616.jpg,fries_616.jpg,fries,.jpg,11.31,300.0,168.0,RGB,JPEG,True,
/content/drive/MyDrive/Calorify/dataset/fries/fries_612.jpg,fries_612.jpg,fries,.jpg,13.59,225.0,225.0,RGB,JPEG,True,
/content/drive/MyDrive/Calorify/dataset/pasta/130.jpg,130.jpg,pasta,.jpg,118.7,800.0,800.0,RGB,JPEG,True,
/content/drive/MyDrive/Calorify/dataset/pasta/119.jpg,119.jpg,pasta,.jpg,55.2,750.0,750.0,RGB,JPEG,True,
/content/drive/MyDrive/Calorify/dataset/pasta/141.jpg,141.jpg,pasta,.jpg,501.89,960.0,1200.0,P,PNG,True,
/content/drive/MyDrive/Calorify/dataset/pasta/136.jpg,136.jpg,pasta,.jpg,789.43,600.0,600.0,RGBA,PNG,True,
/content/drive/MyDrive/Calorify/dataset/pasta/116.jpg,116.jpg,pasta,.jpg,60.9,626.0,352.0,RGB,JPEG,True,
/content/drive/MyDrive/Calorify/dataset/pasta/101.jpg,101.jpg,pasta,.jpg,744.55,2048.0,1365.0,RGB,JPEG,True,
/content/drive/MyDrive/Calorify/dataset/pasta/135.jpg,135.jpg,pasta,.jpg,302.48,1440.0,2160.0,RGB,JPEG,True,
/content/drive/MyDrive/Calorify/dataset/pasta/103.jpg,103.jpg,pasta,.jpg,156.23,866.0,1390.0,RGB,JPEG,True,
/content/drive/MyDrive/Calorify/dataset/pasta/127.jpg,127.jpg,pasta,.jpg,31.97,940.0,627.0,RGB,JPEG,True,
/content/drive/MyDrive/Calorify/dataset/pasta/111.jpg,111.jpg,pasta,.jpg,107.91,626.0,626.0,RGB,JPEG,True,
/content/drive/MyDrive/Calorify/dataset/pasta/128.jpg,128.jpg,pasta,.jpg,84.18,626.0,417.0,RGB,JPEG,True,
/content/drive/MyDrive/Calorify/dataset/pasta/107.jpg,107.jpg,pasta,.jpg,151.66,731.0,1024.0,RGB,JPEG,True,
/content/drive/MyDrive/Calorify/dataset/pasta/121.jpg,121.jpg,pasta,.jpg,1520.49,3024.0,4032.0,RGB,JPEG,True,
/content/drive/MyDrive/Calorify/dataset/pasta/110.jpg,110.jpg,pasta,.jpg,67.55,417.0,626.0,RGB,JPEG,True,
/content/drive/MyDrive/Calorify/dataset/pasta/133.jpg,133.jpg,pasta,.jpg,78.38,1000.0,1500.0,RGB,JPEG,True,
/content/drive/MyDrive/Calorify/dataset/pasta/120.jpg,120.jpg,pasta,.jpg,40.35,434.0,650.0,RGB,JPEG,True,
/content/drive/MyDrive/Calorify/dataset/pasta/124.jpg,124.jpg,pasta,.jpg,79.75,940.0,627.0,RGB,JPEG,True,
/content/drive/MyDrive/Calorify/dataset/pasta/108.jpg,108.jpg,pasta,.jpg,18.49,300.0,450.0,RGB,JPEG,True,
/content/drive/MyDrive/Calorify/dataset/pasta/126.jpg,126.jpg,pasta,.jpg,641.99,3840.0,2560.0,RGB,JPEG,True,
/content/drive/MyDrive/Calorify/dataset/pasta/123.jpg,123.jpg,pasta,.jpg,32.9,636.0,750.0,RGB,JPEG,True,
/content/drive/MyDrive/Calorify/dataset/pasta/122.jpg,122.jpg,pasta,.jpg,77.54,1000.0,750.0,RGB,JPEG,True,
/content/drive/MyDrive/Calorify/dataset/pasta/104.jpg,104.jpg,pasta,.jpg,449.99,3149.0,1960.0,RGB,JPEG,True,
/content/drive/MyDrive/Calorify/dataset/pasta/102.jpg,102.jpg,pasta,.jpg,58.36,600.0,421.0,RGB,JPEG,True,
/content/drive/MyDrive/Calorify/dataset/pasta/125.jpg,125.jpg,pasta,.jpg,112.86,940.0,628.0,RGB,JPEG,True,
/content/drive/MyDrive/Calorify/dataset/pasta/105.jpg,105.jpg,pasta,.jpg,189.94,1200.0,1803.0,RGB,JPEG,True,
/content/drive/MyDrive/Calorify/dataset/pasta/115.jpg,115.jpg,pasta,.jpg,75.11,626.0,352.0,RGB,JPEG,True,
/content/drive/MyDrive/Calorify/dataset/pasta/112.jpg,112.jpg,pasta,.jpg,167.27,1369.0,810.0,RGB,JPEG,True,
/content/drive/MyDrive/Calorify/dataset/pasta/143.jpg,143.jpg,pasta,.jpg,61.85,1000.0,1500.0,RGB,JPEG,True,
/content/drive/MyDrive/Calorify/dataset/pasta/114.jpg,114.jpg,pasta,.jpg,313.48,2000.0,1334.0,RGB,JPEG,True,
/content/drive/MyDrive/Calorify/dataset/pasta/144.jpg,144.jpg,pasta,.jpg,90.0,1200.0,1600.0,RGB,JPEG,True,
/content/drive/MyDrive/Calorify/dataset/pasta/100.jpg,100.jpg,pasta,.jpg,52.99,992.0,556.0,RGB,JPEG,True,
/content/drive/MyDrive/Calorify/dataset/pasta/109.jpg,109.jpg,pasta,.jpg,59.66,1024.0,683.0,RGB,JPEG,True,
/content/drive/MyDrive/Calorify/dataset/pasta/113.jpg,113.jpg,pasta,.jpg,47.07,626.0,417.0,RGB,JPEG,True,
/content/drive/MyDrive/Calorify/dataset/pasta/129.jpg,129.jpg,pasta,.jpg,79.56,1000.0,1500.0,RGB,JPEG,True,
/content/drive/MyDrive/Calorify/dataset/pasta/16.jpg,16.jpg,pasta,.jpg,134.41,1200.0,1200.0,RGB,JPEG,True,
/content/drive/MyDrive/Calorify/dataset/pasta/150.jpg,150.jpg,pasta,.jpg,647.35,1500.0,1101.0,RGB,JPEG,True,
/content/drive/MyDrive/Calorify/dataset/pasta/169.jpg,169.jpg,pasta,.jpg,57.48,700.0,700.0,RGB,JPEG,True,
/content/drive/MyDrive/Calorify/dataset/pasta/199.jpg,199.jpg,pasta,.jpg,168.12,2000.0,1333.0,RGB,JPEG,True,
/content/drive/MyDrive/Calorify/dataset/pasta/153.jpg,153.jpg,pasta,.jpg,205.43,866.0,1390.0,RGB,JPEG,True,
/content/drive/MyDrive/Calorify/dataset/pasta/188.jpg,188.jpg,pasta,.jpg,384.37,1920.0,1280.0,RGB,JPEG,True,
/content/drive/MyDrive/Calorify/dataset/pasta/17.jpg,17.jpg,pasta,.jpg,180.65,1600.0,900.0,RGB,JPEG,True,
/content/drive/MyDrive/Calorify/dataset/pasta/193.jpg,193.jpg,pasta,.jpg,95.83,1024.0,1536.0,RGB,JPEG,True,
/content/drive/MyDrive/Calorify/dataset/pasta/152.jpg,152.jpg,pasta,.jpg,58.85,933.0,700.0,RGB,JPEG,True,
/content/drive/MyDrive/Calorify/dataset/pasta/176.jpg,176.jpg,pasta,.jpg,152.65,1160.0,1726.0,RGB,JPEG,True,
/content/drive/MyDrive/Calorify/dataset/pasta/161.jpg,161.jpg,pasta,.jpg,1391.9,3456.0,4114.0,RGB,JPEG,True,
/content/drive/MyDrive/Calorify/dataset/pasta/154.jpg,154.jpg,pasta,.jpg,72.01,600.0,420.0,RGB,JPEG,True,
/content/drive/MyDrive/Calorify/dataset/pasta/198.jpg,198.jpg,pasta,.jpg,60.32,1160.0,1412.0,RGB,JPEG,True,
/content/drive/MyDrive/Calorify/dataset/pasta/166.jpg,166.jpg,pasta,.jpg,3680.66,1920.0,1920.0,RGBA,PNG,True,
/content/drive/MyDrive/Calorify/dataset/pasta/171.jpg,171.jpg,pasta,.jpg,122.61,1300.0,956.0,RGB,JPEG,True,
/content/drive/MyDrive/Calorify/dataset/pasta/197.jpg,197.jpg,pasta,.jpg,116.36,1440.0,2016.0,RGB,JPEG,True,
/content/drive/MyDrive/Calorify/dataset/pasta/173.jpg,173.jpg,pasta,.jpg,437.82,1500.0,1101.0,RGB,JPEG,True,
/content/drive/MyDrive/Calorify/dataset/pasta/170.jpg,170.jpg,pasta,.jpg,77.35,600.0,614.0,RGB,JPEG,True,
/content/drive/MyDrive/Calorify/dataset/pasta/162.jpg,162.jpg,pasta,.jpg,1647.71,1500.0,1101.0,RGB,JPEG,True,
/content/drive/MyDrive/Calorify/dataset/pasta/191.jpg,191.jpg,pasta,.jpg,137.26,1200.0,1200.0,RGB,JPEG,True,
/content/drive/MyDrive/Calorify/dataset/pasta/164.jpg,164.jpg,pasta,.jpg,504.73,1500.0,1101.0,RGB,JPEG,True,
/content/drive/MyDrive/Calorify/dataset/pasta/194.jpg,194.jpg,pasta,.jpg,1665.94,4000.0,2666.0,RGB,JPEG,True,
/content/drive/MyDrive/Calorify/dataset/pasta/195.jpg,195.jpg,pasta,.jpg,269.26,1333.0,2000.0,RGB,JPEG,True,
/content/drive/MyDrive/Calorify/dataset/pasta/189.jpg,189.jpg,pasta,.jpg,1210.77,1200.0,1200.0,RGB,JPEG,True,
/content/drive/MyDrive/Calorify/dataset/pasta/157.jpg,157.jpg,pasta,.jpg,95.29,992.0,700.0,RGB,JPEG,True,
/content/drive/MyDrive/Calorify/dataset/pasta/158.jpg,158.jpg,pasta,.jpg,151.33,1050.0,700.0,RGB,JPEG,True,
/content/drive/MyDrive/Calorify/dataset/pasta/147.jpg,147.jpg,pasta,.jpg,467.11,800.0,1200.0,RGB,JPEG,True,
/content/drive/MyDrive/Calorify/dataset/pasta/167.jpg,167.jpg,pasta,.jpg,51.26,700.0,700.0,RGB,JPEG,True,
/content/drive/MyDrive/Calorify/dataset/pasta/156.jpg,156.jpg,pasta,.jpg,45.04,500.0,400.0,RGB,JPEG,True,
/content/drive/MyDrive/Calorify/dataset/pasta/15.jpg,15.jpg,pasta,.jpg,214.18,1300.0,1081.0,RGB,JPEG,True,
/content/drive/MyDrive/Calorify/dataset/pasta/184.jpg,184.jpg,pasta,.jpg,217.69,1300.0,954.0,RGB,JPEG,True,
/content/drive/MyDrive/Calorify/dataset/pasta/168.jpg,168.jpg,pasta,.jpg,1800.14,1500.0,1600.0,RGB,JPEG,True,
/content/drive/MyDrive/Calorify/dataset/pasta/165.jpg,165.jpg,pasta,.jpg,1700.34,1500.0,1101.0,RGB,JPEG,True,
/content/drive/MyDrive/Calorify/dataset/pasta/182.jpg,182.jpg,pasta,.jpg,46.85,800.0,534.0,RGB,JPEG,True,
/content/drive/MyDrive/Calorify/dataset/pasta/196.jpg,196.jpg,pasta,.jpg,118.17,1024.0,1024.0,RGB,WEBP,True,
/content/drive/MyDrive/Calorify/dataset/pasta/163.jpg,163.jpg,pasta,.jpg,448.64,980.0,980.0,RGBA,PNG,True,
/content/drive/MyDrive/Calorify/dataset/pasta/85.jpg,85.jpg,pasta,.jpg,1785.68,1024.0,1024.0,RGB,PNG,True,
/content/drive/MyDrive/Calorify/dataset/pasta/77.jpg,77.jpg,pasta,.jpg,80.31,942.0,628.0,RGB,JPEG,True,
/content/drive/MyDrive/Calorify/dataset/pasta/76.jpg,76.jpg,pasta,.jpg,54.05,375.0,702.0,RGB,JPEG,True,
/content/drive/MyDrive/Calorify/dataset/pasta/20.jpg,20.jpg,pasta,.jpg,475.89,2600.0,2000.0,RGB,JPEG,True,
/content/drive/MyDrive/Calorify/dataset/pasta/94.jpg,94.jpg,pasta,.jpg,45.11,736.0,614.0,RGB,JPEG,True,
/content/drive/MyDrive/Calorify/dataset/pasta/23.jpg,23.jpg,pasta,.jpg,242.42,2512.0,1413.0,RGB,JPEG,True,
/content/drive/MyDrive/Calorify/dataset/pasta/33.jpg,33.jpg,pasta,.jpg,281.13,912.0,1390.0,RGB,JPEG,True,
/content/drive/MyDrive/Calorify/dataset/pasta/81.jpg,81.jpg,pasta,.jpg,234.4,1500.0,1875.0,RGB,JPEG,True,
/content/drive/MyDrive/Calorify/dataset/pasta/98.jpg,98.jpg,pasta,.jpg,54.69,800.0,533.0,RGB,JPEG,True,
/content/drive/MyDrive/Calorify/dataset/pasta/96.jpg,96.jpg,pasta,.jpg,1435.08,3024.0,3935.0,RGB,JPEG,True,
/content/drive/MyDrive/Calorify/dataset/pasta/99.jpg,99.jpg,pasta,.jpg,82.34,626.0,417.0,RGB,JPEG,True,
/content/drive/MyDrive/Calorify/dataset/pasta/44.jpg,44.jpg,pasta,.jpg,83.42,626.0,418.0,RGB,JPEG,True,
/content/drive/MyDrive/Calorify/dataset/pasta/88.jpg,88.jpg,pasta,.jpg,235.13,1067.0,1690.0,RGB,JPEG,True,
/content/drive/MyDrive/Calorify/dataset/pasta/46.jpg,46.jpg,pasta,.jpg,139.55,1600.0,1286.0,RGB,JPEG,True,
/content/drive/MyDrive/Calorify/dataset/pasta/30.jpg,30.jpg,pasta,.jpg,147.62,1300.0,956.0,RGB,JPEG,True,
/content/drive/MyDrive/Calorify/dataset/pasta/pasta_113.jpg,pasta_113.jpg,pasta,.jpg,47.17,512.0,512.0,RGB,JPEG,True,
/content/drive/MyDrive/Calorify/dataset/pasta/7.jpg,7.jpg,pasta,.jpg,66.83,1200.0,1200.0,RGB,JPEG,True,
/content/drive/MyDrive/Calorify/dataset/pasta/35.jpg,35.jpg,pasta,.jpg,73.07,626.0,418.0,RGB,JPEG,True,
/content/drive/MyDrive/Calorify/dataset/pasta/3.jpg,3.jpg,pasta,.jpg,96.38,1600.0,800.0,RGB,WEBP,True,
/content/drive/MyDrive/Calorify/dataset/pasta/47.jpg,47.jpg,pasta,.jpg,90.89,1300.0,820.0,RGB,JPEG,True,
/content/drive/MyDrive/Calorify/dataset/pasta/75.jpg,75.jpg,pasta,.jpg,152.39,768.0,1152.0,RGB,JPEG,True,
/content/drive/MyDrive/Calorify/dataset/pasta/91.jpg,91.jpg,pasta,.jpg,159.22,866.0,1390.0,RGB,JPEG,True,
/content/drive/MyDrive/Calorify/dataset/pasta/25.jpg,25.jpg,pasta,.jpg,73.62,800.0,1200.0,RGB,WEBP,True,
/content/drive/MyDrive/Calorify/dataset/pasta/92.jpg,92.jpg,pasta,.jpg,64.04,800.0,530.0,RGB,JPEG,True,
/content/drive/MyDrive/Calorify/dataset/pasta/6.jpg,6.jpg,pasta,.jpg,323.53,1600.0,1067.0,RGB,JPEG,True,
/content/drive/MyDrive/Calorify/dataset/pasta/31.jpg,31.jpg,pasta,.jpg,134.61,866.0,1390.0,RGB,JPEG,True,
/content/drive/MyDrive/Calorify/dataset/pasta/48.jpg,48.jpg,pasta,.jpg,189.4,1300.0,956.0,RGB,JPEG,True,
/content/drive/MyDrive/Calorify/dataset/pasta/38.jpg,38.jpg,pasta,.jpg,45.89,800.0,631.0,RGB,JPEG,True,
/content/drive/MyDrive/Calorify/dataset/pasta/49.jpg,49.jpg,pasta,.jpg,239.01,1300.0,955.0,RGB,JPEG,True,
/content/drive/MyDrive/Calorify/dataset/pasta/34.jpg,34.jpg,pasta,.jpg,75.8,1600.0,1001.0,RGB,JPEG,True,
/content/drive/MyDrive/Calorify/dataset/pasta/90.jpg,90.jpg,pasta,.jpg,279.41,1000.0,667.0,RGB,JPEG,True,
/content/drive/MyDrive/Calorify/dataset/pasta/8.jpg,8.jpg,pasta,.jpg,772.65,4860.0,3240.0,RGB,JPEG,True,
/content/drive/MyDrive/Calorify/dataset/pasta/79.jpg,79.jpg,pasta,.jpg,1024.82,6000.0,4000.0,RGB,JPEG,True,
/content/drive/MyDrive/Calorify/dataset/pasta/41.jpg,41.jpg,pasta,.jpg,245.33,1600.0,1173.0,RGB,JPEG,True,
/content/drive/MyDrive/Calorify/dataset/pasta/82.jpg,82.jpg,pasta,.jpg,219.08,1600.0,900.0,RGB,JPEG,True,
/content/drive/MyDrive/Calorify/dataset/pasta/26.jpg,26.jpg,pasta,.jpg,80.09,626.0,417.0,RGB,JPEG,True,
/content/drive/MyDrive/Calorify/dataset/pasta/28.jpg,28.jpg,pasta,.jpg,200.9,1300.0,867.0,RGB,JPEG,True,
/content/drive/MyDrive/Calorify/dataset/pasta/36.jpg,36.jpg,pasta,.jpg,123.68,1300.0,956.0,RGB,JPEG,True,
/content/drive/MyDrive/Calorify/dataset/pasta/83.jpg,83.jpg,pasta,.jpg,350.94,1200.0,1200.0,RGB,JPEG,True,
/content/drive/MyDrive/Calorify/dataset/pasta/45.jpg,45.jpg,pasta,.jpg,203.23,1300.0,1081.0,RGB,JPEG,True,
/content/drive/MyDrive/Calorify/dataset/pasta/40.jpg,40.jpg,pasta,.jpg,25.77,375.0,250.0,RGB,JPEG,True,
/content/drive/MyDrive/Calorify/dataset/pasta/39.jpg,39.jpg,pasta,.jpg,63.82,626.0,417.0,RGB,JPEG,True,
/content/drive/MyDrive/Calorify/dataset/pasta/27.jpg,27.jpg,pasta,.jpg,83.22,626.0,417.0,RGB,JPEG,True,
/content/drive/MyDrive/Calorify/dataset/pasta/32.jpg,32.jpg,pasta,.jpg,223.52,1300.0,812.0,RGB,JPEG,True,
/content/drive/MyDrive/Calorify/dataset/pasta/pasta_138.jpg,pasta_138.jpg,pasta,.jpg,26.82,512.0,287.0,RGB,JPEG,True,
/content/drive/MyDrive/Calorify/dataset/pasta/pasta_136.jpg,pasta_136.jpg,pasta,.jpg,54.22,512.0,512.0,RGB,JPEG,True,
/content/drive/MyDrive/Calorify/dataset/pasta/pasta_145.jpg,pasta_145.jpg,pasta,.jpg,33.78,512.0,306.0,RGB,JPEG,True,
/content/drive/MyDrive/Calorify/dataset/pasta/pasta_115.jpg,pasta_115.jpg,pasta,.jpg,53.19,511.0,512.0,RGB,JPEG,True,
/content/drive/MyDrive/Calorify/dataset/pasta/pasta_149.jpg,pasta_149.jpg,pasta,.jpg,46.66,512.0,382.0,RGB,JPEG,True,
/content/drive/MyDrive/Calorify/dataset/pasta/pasta_151.jpg,pasta_151.jpg,pasta,.jpg,25.25,512.0,288.0,RGB,JPEG,True,
/content/drive/MyDrive/Calorify/dataset/pasta/pasta_155.jpg,pasta_155.jpg,pasta,.jpg,60.12,512.0,512.0,RGB,JPEG,True,
/content/drive/MyDrive/Calorify/dataset/pasta/pasta_139.jpg,pasta_139.jpg,pasta,.jpg,62.78,512.0,512.0,RGB,JPEG,True,
/content/drive/MyDrive/Calorify/dataset/pasta/pasta_125.jpg,pasta_125.jpg,pasta,.jpg,65.56,512.0,512.0,RGB,JPEG,True,
/content/drive/MyDrive/Calorify/dataset/pasta/pasta_130.jpg,pasta_130.jpg,pasta,.jpg,48.36,512.0,384.0,RGB,JPEG,True,
/content/drive/MyDrive/Calorify/dataset/pasta/pasta_116.jpg,pasta_116.jpg,pasta,.jpg,56.51,512.0,512.0,RGB,JPEG,True,
/content/drive/MyDrive/Calorify/dataset/pasta/pasta_129.jpg,pasta_129.jpg,pasta,.jpg,53.52,512.0,512.0,RGB,JPEG,True,
/content/drive/MyDrive/Calorify/dataset/pasta/pasta_134.jpg,pasta_134.jpg,pasta,.jpg,44.23,508.0,512.0,RGB,JPEG,True,
/content/drive/MyDrive/Calorify/dataset/pasta/pasta_127.jpg,pasta_127.jpg,pasta,.jpg,27.26,512.0,384.0,RGB,JPEG,True,
/content/drive/MyDrive/Calorify/dataset/pasta/pasta_144.jpg,pasta_144.jpg,pasta,.jpg,30.57,512.0,287.0,RGB,JPEG,True,
/content/drive/MyDrive/Calorify/dataset/pasta/pasta_153.jpg,pasta_153.jpg,pasta,.jpg,59.59,512.0,512.0,RGB,JPEG,True,
/content/drive/MyDrive/Calorify/dataset/pasta/pasta_158.jpg,pasta_158.jpg,pasta,.jpg,60.36,512.0,512.0,RGB,JPEG,True,
/content/drive/MyDrive/Calorify/dataset/pasta/pasta_148.jpg,pasta_148.jpg,pasta,.jpg,52.64,512.0,512.0,RGB,JPEG,True,
/content/drive/MyDrive/Calorify/dataset/pasta/pasta_150.jpg,pasta_150.jpg,pasta,.jpg,62.26,512.0,512.0,RGB,JPEG,True,
/content/drive/MyDrive/Calorify/dataset/pasta/pasta_120.jpg,pasta_120.jpg,pasta,.jpg,65.83,512.0,512.0,RGB,JPEG,True,
/content/drive/MyDrive/Calorify/dataset/pasta/pasta_119.jpg,pasta_119.jpg,pasta,.jpg,70.43,512.0,512.0,RGB,JPEG,True,
/content/drive/MyDrive/Calorify/dataset/pasta/pasta_157.jpg,pasta_157.jpg,pasta,.jpg,56.92,512.0,512.0,RGB,JPEG,True,
/content/drive/MyDrive/Calorify/dataset/pasta/pasta_123.jpg,pasta_123.jpg,pasta,.jpg,39.48,512.0,512.0,RGB,JPEG,True,
/content/drive/MyDrive/Calorify/dataset/pasta/pasta_147.jpg,pasta_147.jpg,pasta,.jpg,52.86,512.0,512.0,RGB,JPEG,True,
/content/drive/MyDrive/Calorify/dataset/pasta/pasta_126.jpg,pasta_126.jpg,pasta,.jpg,42.78,512.0,512.0,RGB,JPEG,True,
/content/drive/MyDrive/Calorify/dataset/pasta/pasta_146.jpg,pasta_146.jpg,pasta,.jpg,64.0,508.0,512.0,RGB,JPEG,True,
/content/drive/MyDrive/Calorify/dataset/pasta/pasta_122.jpg,pasta_122.jpg,pasta,.jpg,67.85,512.0,512.0,RGB,JPEG,True,
/content/drive/MyDrive/Calorify/dataset/pasta/pasta_156.jpg,pasta_156.jpg,pasta,.jpg,37.99,512.0,512.0,RGB,JPEG,True,
/content/drive/MyDrive/Calorify/dataset/pasta/pasta_133.jpg,pasta_133.jpg,pasta,.jpg,61.88,512.0,512.0,RGB,JPEG,True,
/content/drive/MyDrive/Calorify/dataset/pasta/pasta_128.jpg,pasta_128.jpg,pasta,.jpg,64.83,512.0,512.0,RGB,JPEG,True,
/content/drive/MyDrive/Calorify/dataset/pasta/pasta_143.jpg,pasta_143.jpg,pasta,.jpg,29.93,384.0,512.0,RGB,JPEG,True,
/content/drive/MyDrive/Calorify/dataset/pasta/pasta_142.jpg,pasta_142.jpg,pasta,.jpg,44.27,306.0,512.0,RGB,JPEG,True,
/content/drive/MyDrive/Calorify/dataset/pasta/pasta_140.jpg,pasta_140.jpg,pasta,.jpg,41.78,384.0,512.0,RGB,JPEG,True,
/content/drive/MyDrive/Calorify/dataset/pasta/pasta_114.jpg,pasta_114.jpg,pasta,.jpg,44.56,512.0,487.0,RGB,JPEG,True,
/content/drive/MyDrive/Calorify/dataset/pasta/pasta_137.jpg,pasta_137.jpg,pasta,.jpg,56.4,512.0,512.0,RGB,JPEG,True,
/content/drive/MyDrive/Calorify/dataset/pasta/pasta_135.jpg,pasta_135.jpg,pasta,.jpg,48.88,512.0,512.0,RGB,JPEG,True,
/content/drive/MyDrive/Calorify/dataset/pasta/pasta_121.jpg,pasta_121.jpg,pasta,.jpg,55.13,512.0,509.0,RGB,JPEG,True,
/content/drive/MyDrive/Calorify/dataset/pasta/pasta_132.jpg,pasta_132.jpg,pasta,.jpg,55.74,512.0,512.0,RGB,JPEG,True,
/content/drive/MyDrive/Calorify/dataset/pasta/pasta_117.jpg,pasta_117.jpg,pasta,.jpg,85.51,512.0,384.0,RGB,JPEG,True,
/content/drive/MyDrive/Calorify/dataset/pasta/pasta_154.jpg,pasta_154.jpg,pasta,.jpg,71.62,512.0,384.0,RGB,JPEG,True,
/content/drive/MyDrive/Calorify/dataset/pasta/pasta_141.jpg,pasta_141.jpg,pasta,.jpg,46.6,512.0,512.0,RGB,JPEG,True,
/content/drive/MyDrive/Calorify/dataset/pasta/pasta_124.jpg,pasta_124.jpg,pasta,.jpg,39.78,512.0,512.0,RGB,JPEG,True,
/content/drive/MyDrive/Calorify/dataset/pasta/pasta_152.jpg,pasta_152.jpg,pasta,.jpg,32.51,512.0,306.0,RGB,JPEG,True,
/content/drive/MyDrive/Calorify/dataset/pasta/pasta_131.jpg,pasta_131.jpg,pasta,.jpg,61.68,512.0,512.0,RGB,JPEG,True,
/content/drive/MyDrive/Calorify/dataset/pasta/pasta_118.jpg,pasta_118.jpg,pasta,.jpg,60.71,512.0,512.0,RGB,JPEG,True,
/content/drive/MyDrive/Calorify/dataset/pasta/pasta_179.jpg,pasta_179.jpg,pasta,.jpg,49.45,384.0,512.0,RGB,JPEG,True,
/content/drive/MyDrive/Calorify/dataset/pasta/pasta_194.jpg,pasta_194.jpg,pasta,.jpg,59.06,512.0,512.0,RGB,JPEG,True,
/content/drive/MyDrive/Calorify/dataset/pasta/pasta_182.jpg,pasta_182.jpg,pasta,.jpg,35.63,512.0,512.0,RGB,JPEG,True,
/content/drive/MyDrive/Calorify/dataset/pasta/pasta_186.jpg,pasta_186.jpg,pasta,.jpg,51.43,512.0,512.0,RGB,JPEG,True,
/content/drive/MyDrive/Calorify/dataset/pasta/pasta_199.jpg,pasta_199.jpg,pasta,.jpg,37.05,512.0,383.0,RGB,JPEG,True,
/content/drive/MyDrive/Calorify/dataset/pasta/pasta_185.jpg,pasta_185.jpg,pasta,.jpg,59.01,512.0,512.0,RGB,JPEG,True,
/content/drive/MyDrive/Calorify/dataset/pasta/pasta_166.jpg,pasta_166.jpg,pasta,.jpg,56.83,512.0,512.0,RGB,JPEG,True,
/content/drive/MyDrive/Calorify/dataset/pasta/pasta_190.jpg,pasta_190.jpg,pasta,.jpg,50.84,512.0,512.0,RGB,JPEG,True,
/content/drive/MyDrive/Calorify/dataset/pasta/pasta_174.jpg,pasta_174.jpg,pasta,.jpg,82.27,512.0,512.0,RGB,JPEG,True,
/content/drive/MyDrive/Calorify/dataset/pasta/pasta_202.jpg,pasta_202.jpg,pasta,.jpg,39.7,512.0,512.0,RGB,JPEG,True,
/content/drive/MyDrive/Calorify/dataset/pasta/pasta_165.jpg,pasta_165.jpg,pasta,.jpg,33.39,512.0,384.0,RGB,JPEG,True,
/content/drive/MyDrive/Calorify/dataset/pasta/pasta_163.jpg,pasta_163.jpg,pasta,.jpg,49.11,512.0,512.0,RGB,JPEG,True,
/content/drive/MyDrive/Calorify/dataset/pasta/pasta_195.jpg,pasta_195.jpg,pasta,.jpg,39.44,512.0,512.0,RGB,JPEG,True,
/content/drive/MyDrive/Calorify/dataset/pasta/pasta_167.jpg,pasta_167.jpg,pasta,.jpg,45.66,512.0,512.0,RGB,JPEG,True,
/content/drive/MyDrive/Calorify/dataset/pasta/pasta_169.jpg,pasta_169.jpg,pasta,.jpg,57.09,512.0,512.0,RGB,JPEG,True,
/content/drive/MyDrive/Calorify/dataset/pasta/pasta_196.jpg,pasta_196.jpg,pasta,.jpg,100.0,512.0,384.0,RGB,JPEG,True,
/content/drive/MyDrive/Calorify/dataset/pasta/pasta_183.jpg,pasta_183.jpg,pasta,.jpg,47.91,512.0,512.0,RGB,JPEG,True,
/content/drive/MyDrive/Calorify/dataset/pasta/pasta_198.jpg,pasta_198.jpg,pasta,.jpg,53.8,512.0,512.0,RGB,JPEG,True,
/content/drive/MyDrive/Calorify/dataset/pasta/pasta_162.jpg,pasta_162.jpg,pasta,.jpg,64.9,512.0,512.0,RGB,JPEG,True,
/content/drive/MyDrive/Calorify/dataset/pasta/pasta_175.jpg,pasta_175.jpg,pasta,.jpg,25.75,512.0,289.0,RGB,JPEG,True,
/content/drive/MyDrive/Calorify/dataset/pasta/pasta_177.jpg,pasta_177.jpg,pasta,.jpg,52.35,512.0,512.0,RGB,JPEG,True,
/content/drive/MyDrive/Calorify/dataset/pasta/pasta_191.jpg,pasta_191.jpg,pasta,.jpg,25.35,512.0,307.0,RGB,JPEG,True,
/content/drive/MyDrive/Calorify/dataset/pasta/pasta_181.jpg,pasta_181.jpg,pasta,.jpg,68.17,512.0,512.0,RGB,JPEG,True,
/content/drive/MyDrive/Calorify/dataset/pasta/pasta_193.jpg,pasta_193.jpg,pasta,.jpg,67.24,512.0,512.0,RGB,JPEG,True,
/content/drive/MyDrive/Calorify/dataset/pasta/pasta_197.jpg,pasta_197.jpg,pasta,.jpg,53.63,512.0,512.0,RGB,JPEG,True,
/content/drive/MyDrive/Calorify/dataset/pasta/pasta_184.jpg,pasta_184.jpg,pasta,.jpg,40.25,512.0,512.0,RGB,JPEG,True,
/content/drive/MyDrive/Calorify/dataset/pasta/pasta_170.jpg,pasta_170.jpg,pasta,.jpg,40.09,512.0,512.0,RGB,JPEG,True,
/content/drive/MyDrive/Calorify/dataset/pasta/pasta_178.jpg,pasta_178.jpg,pasta,.jpg,53.3,512.0,512.0,RGB,JPEG,True,
/content/drive/MyDrive/Calorify/dataset/pasta/pasta_203.jpg,pasta_203.jpg,pasta,.jpg,38.97,512.0,512.0,RGB,JPEG,True,
/content/drive/MyDrive/Calorify/dataset/pasta/pasta_180.jpg,pasta_180.jpg,pasta,.jpg,59.1,512.0,512.0,RGB,JPEG,True,
/content/drive/MyDrive/Calorify/dataset/pasta/pasta_159.jpg,pasta_159.jpg,pasta,.jpg,59.62,512.0,512.0,RGB,JPEG,True,
/content/drive/MyDrive/Calorify/dataset/pasta/pasta_201.jpg,pasta_201.jpg,pasta,.jpg,50.38,384.0,512.0,RGB,JPEG,True,
/content/drive/MyDrive/Calorify/dataset/pasta/pasta_168.jpg,pasta_168.jpg,pasta,.jpg,55.1,512.0,512.0,RGB,JPEG,True,
/content/drive/MyDrive/Calorify/dataset/pasta/pasta_172.jpg,pasta_172.jpg,pasta,.jpg,54.32,512.0,512.0,RGB,JPEG,True,
/content/drive/MyDrive/Calorify/dataset/pasta/pasta_200.jpg,pasta_200.jpg,pasta,.jpg,34.98,512.0,384.0,RGB,JPEG,True,
/content/drive/MyDrive/Calorify/dataset/pasta/pasta_192.jpg,pasta_192.jpg,pasta,.jpg,45.21,512.0,512.0,RGB,JPEG,True,
/content/drive/MyDrive/Calorify/dataset/pasta/pasta_171.jpg,pasta_171.jpg,pasta,.jpg,50.62,512.0,512.0,RGB,JPEG,True,
/content/drive/MyDrive/Calorify/dataset/pasta/pasta_164.jpg,pasta_164.jpg,pasta,.jpg,46.67,512.0,512.0,RGB,JPEG,True,
/content/drive/MyDrive/Calorify/dataset/pasta/pasta_176.jpg,pasta_176.jpg,pasta,.jpg,57.53,512.0,512.0,RGB,JPEG,True,
/content/drive/MyDrive/Calorify/dataset/pasta/pasta_160.jpg,pasta_160.jpg,pasta,.jpg,50.16,512.0,512.0,RGB,JPEG,True,
/content/drive/MyDrive/Calorify/dataset/pasta/pasta_189.jpg,pasta_189.jpg,pasta,.jpg,48.87,512.0,512.0,RGB,JPEG,True,
/content/drive/MyDrive/Calorify/dataset/pasta/pasta_173.jpg,pasta_173.jpg,pasta,.jpg,37.82,512.0,512.0,RGB,JPEG,True,
/content/drive/MyDrive/Calorify/dataset/pasta/pasta_188.jpg,pasta_188.jpg,pasta,.jpg,60.34,512.0,512.0,RGB,JPEG,True,
/content/drive/MyDrive/Calorify/dataset/pasta/pasta_161.jpg,pasta_161.jpg,pasta,.jpg,37.79,512.0,512.0,RGB,JPEG,True,
/content/drive/MyDrive/Calorify/dataset/pasta/pasta_187.jpg,pasta_187.jpg,pasta,.jpg,62.88,512.0,512.0,RGB,JPEG,True,
/content/drive/MyDrive/Calorify/dataset/pasta/pasta_236.jpg,pasta_236.jpg,pasta,.jpg,61.36,512.0,512.0,RGB,JPEG,True,
/content/drive/MyDrive/Calorify/dataset/pasta/pasta_213.jpg,pasta_213.jpg,pasta,.jpg,55.75,512.0,512.0,RGB,JPEG,True,
/content/drive/MyDrive/Calorify/dataset/pasta/pasta_222.jpg,pasta_222.jpg,pasta,.jpg,37.98,512.0,512.0,RGB,JPEG,True,
/content/drive/MyDrive/Calorify/dataset/pasta/pasta_248.jpg,pasta_248.jpg,pasta,.jpg,42.06,384.0,512.0,RGB,JPEG,True,
/content/drive/MyDrive/Calorify/dataset/pasta/pasta_230.jpg,pasta_230.jpg,pasta,.jpg,58.75,512.0,512.0,RGB,JPEG,True,
/content/drive/MyDrive/Calorify/dataset/pasta/pasta_234.jpg,pasta_234.jpg,pasta,.jpg,56.89,512.0,512.0,RGB,JPEG,True,
/content/drive/MyDrive/Calorify/dataset/pasta/pasta_233.jpg,pasta_233.jpg,pasta,.jpg,59.62,512.0,512.0,RGB,JPEG,True,
/content/drive/MyDrive/Calorify/dataset/pasta/pasta_224.jpg,pasta_224.jpg,pasta,.jpg,58.28,512.0,512.0,RGB,JPEG,True,
/content/drive/MyDrive/Calorify/dataset/pasta/pasta_250.jpg,pasta_250.jpg,pasta,.jpg,50.91,512.0,512.0,RGB,JPEG,True,
/content/drive/MyDrive/Calorify/dataset/pasta/pasta_206.jpg,pasta_206.jpg,pasta,.jpg,52.93,512.0,512.0,RGB,JPEG,True,
/content/drive/MyDrive/Calorify/dataset/pasta/pasta_221.jpg,pasta_221.jpg,pasta,.jpg,58.84,512.0,512.0,RGB,JPEG,True,
/content/drive/MyDrive/Calorify/dataset/pasta/pasta_225.jpg,pasta_225.jpg,pasta,.jpg,54.59,512.0,512.0,RGB,JPEG,True,
/content/drive/MyDrive/Calorify/dataset/pasta/pasta_204.jpg,pasta_204.jpg,pasta,.jpg,36.91,512.0,512.0,RGB,JPEG,True,
/content/drive/MyDrive/Calorify/dataset/pasta/pasta_216.jpg,pasta_216.jpg,pasta,.jpg,49.48,512.0,512.0,RGB,JPEG,True,
/content/drive/MyDrive/Calorify/dataset/pasta/pasta_242.jpg,pasta_242.jpg,pasta,.jpg,54.44,512.0,512.0,RGB,JPEG,True,
/content/drive/MyDrive/Calorify/dataset/pasta/pasta_235.jpg,pasta_235.jpg,pasta,.jpg,48.19,512.0,512.0,RGB,JPEG,True,
/content/drive/MyDrive/Calorify/dataset/pasta/pasta_239.jpg,pasta_239.jpg,pasta,.jpg,26.66,512.0,341.0,RGB,JPEG,True,
/content/drive/MyDrive/Calorify/dataset/pasta/pasta_246.jpg,pasta_246.jpg,pasta,.jpg,35.8,512.0,512.0,RGB,JPEG,True,
/content/drive/MyDrive/Calorify/dataset/pasta/pasta_231.jpg,pasta_231.jpg,pasta,.jpg,57.58,512.0,382.0,RGB,JPEG,True,
/content/drive/MyDrive/Calorify/dataset/pasta/pasta_228.jpg,pasta_228.jpg,pasta,.jpg,52.06,512.0,512.0,RGB,JPEG,True,
/content/drive/MyDrive/Calorify/dataset/pasta/pasta_211.jpg,pasta_211.jpg,pasta,.jpg,73.12,512.0,384.0,RGB,JPEG,True,
/content/drive/MyDrive/Calorify/dataset/pasta/pasta_244.jpg,pasta_244.jpg,pasta,.jpg,51.72,512.0,512.0,RGB,JPEG,True,
/content/drive/MyDrive/Calorify/dataset/pasta/pasta_229.jpg,pasta_229.jpg,pasta,.jpg,48.66,512.0,512.0,RGB,JPEG,True,
/content/drive/MyDrive/Calorify/dataset/pasta/pasta_212.jpg,pasta_212.jpg,pasta,.jpg,59.31,512.0,512.0,RGB,JPEG,True,
/content/drive/MyDrive/Calorify/dataset/pasta/pasta_214.jpg,pasta_214.jpg,pasta,.jpg,29.57,384.0,512.0,RGB,JPEG,True,
/content/drive/MyDrive/Calorify/dataset/pasta/pasta_232.jpg,pasta_232.jpg,pasta,.jpg,54.19,512.0,512.0,RGB,JPEG,True,
/content/drive/MyDrive/Calorify/dataset/pasta/pasta_241.jpg,pasta_241.jpg,pasta,.jpg,45.36,512.0,512.0,RGB,JPEG,True,
/content/drive/MyDrive/Calorify/dataset/pasta/pasta_207.jpg,pasta_207.jpg,pasta,.jpg,47.51,512.0,512.0,RGB,JPEG,True,
/content/drive/MyDrive/Calorify/dataset/pasta/pasta_218.jpg,pasta_218.jpg,pasta,.jpg,45.62,512.0,512.0,RGB,JPEG,True,
/content/drive/MyDrive/Calorify/dataset/pasta/pasta_247.jpg,pasta_247.jpg,pasta,.jpg,34.71,512.0,384.0,RGB,JPEG,True,
/content/drive/MyDrive/Calorify/dataset/pasta/pasta_240.jpg,pasta_240.jpg,pasta,.jpg,63.92,512.0,512.0,RGB,JPEG,True,
/content/drive/MyDrive/Calorify/dataset/pasta/pasta_209.jpg,pasta_209.jpg,pasta,.jpg,47.09,512.0,512.0,RGB,JPEG,True,
/content/drive/MyDrive/Calorify/dataset/pasta/pasta_217.jpg,pasta_217.jpg,pasta,.jpg,31.96,512.0,308.0,RGB,JPEG,True,
/content/drive/MyDrive/Calorify/dataset/pasta/pasta_227.jpg,pasta_227.jpg,pasta,.jpg,41.71,512.0,512.0,RGB,JPEG,True,
/content/drive/MyDrive/Calorify/dataset/pasta/pasta_249.jpg,pasta_249.jpg,pasta,.jpg,42.79,512.0,512.0,RGB,JPEG,True,
/content/drive/MyDrive/Calorify/dataset/pasta/pasta_245.jpg,pasta_245.jpg,pasta,.jpg,37.1,512.0,512.0,RGB,JPEG,True,
/content/drive/MyDrive/Calorify/dataset/pasta/pasta_219.jpg,pasta_219.jpg,pasta,.jpg,28.69,512.0,288.0,RGB,JPEG,True,
/content/drive/MyDrive/Calorify/dataset/pasta/pasta_205.jpg,pasta_205.jpg,pasta,.jpg,31.13,384.0,512.0,RGB,JPEG,True,
/content/drive/MyDrive/Calorify/dataset/pasta/pasta_243.jpg,pasta_243.jpg,pasta,.jpg,33.93,512.0,384.0,RGB,JPEG,True,
/content/drive/MyDrive/Calorify/dataset/pasta/pasta_215.jpg,pasta_215.jpg,pasta,.jpg,50.04,512.0,512.0,RGB,JPEG,True,
/content/drive/MyDrive/Calorify/dataset/pasta/pasta_208.jpg,pasta_208.jpg,pasta,.jpg,51.1,512.0,512.0,RGB,JPEG,True,
/content/drive/MyDrive/Calorify/dataset/pasta/pasta_226.jpg,pasta_226.jpg,pasta,.jpg,67.1,512.0,512.0,RGB,JPEG,True,
/content/drive/MyDrive/Calorify/dataset/pasta/pasta_238.jpg,pasta_238.jpg,pasta,.jpg,47.39,512.0,512.0,RGB,JPEG,True,
/content/drive/MyDrive/Calorify/dataset/pasta/pasta_237.jpg,pasta_237.jpg,pasta,.jpg,54.13,512.0,512.0,RGB,JPEG,True,
/content/drive/MyDrive/Calorify/dataset/pasta/pasta_210.jpg,pasta_210.jpg,pasta,.jpg,55.99,512.0,512.0,RGB,JPEG,True,
/content/drive/MyDrive/Calorify/dataset/pasta/pasta_220.jpg,pasta_220.jpg,pasta,.jpg,63.18,512.0,512.0,RGB,JPEG,True,
/content/drive/MyDrive/Calorify/dataset/pasta/pasta_223.jpg,pasta_223.jpg,pasta,.jpg,46.18,512.0,512.0,RGB,JPEG,True,
/content/drive/MyDrive/Calorify/dataset/pasta/pasta_263.jpg,pasta_263.jpg,pasta,.jpg,61.59,512.0,512.0,RGB,JPEG,True,
/content/drive/MyDrive/Calorify/dataset/pasta/pasta_295.jpg,pasta_295.jpg,pasta,.jpg,34.24,512.0,512.0,RGB,JPEG,True,
/content/drive/MyDrive/Calorify/dataset/pasta/pasta_293.jpg,pasta_293.jpg,pasta,.jpg,39.01,384.0,512.0,RGB,JPEG,True,
/content/drive/MyDrive/Calorify/dataset/pasta/pasta_252.jpg,pasta_252.jpg,pasta,.jpg,46.44,512.0,512.0,RGB,JPEG,True,
/content/drive/MyDrive/Calorify/dataset/pasta/pasta_271.jpg,pasta_271.jpg,pasta,.jpg,51.26,512.0,512.0,RGB,JPEG,True,
/content/drive/MyDrive/Calorify/dataset/pasta/pasta_284.jpg,pasta_284.jpg,pasta,.jpg,63.98,512.0,512.0,RGB,JPEG,True,
/content/drive/MyDrive/Calorify/dataset/pasta/pasta_292.jpg,pasta_292.jpg,pasta,.jpg,28.89,512.0,288.0,RGB,JPEG,True,
/content/drive/MyDrive/Calorify/dataset/pasta/pasta_253.jpg,pasta_253.jpg,pasta,.jpg,61.96,512.0,512.0,RGB,JPEG,True,
/content/drive/MyDrive/Calorify/dataset/pasta/pasta_275.jpg,pasta_275.jpg,pasta,.jpg,53.56,512.0,512.0,RGB,JPEG,True,
/content/drive/MyDrive/Calorify/dataset/pasta/pasta_265.jpg,pasta_265.jpg,pasta,.jpg,35.05,512.0,384.0,RGB,JPEG,True,
/content/drive/MyDrive/Calorify/dataset/pasta/pasta_281.jpg,pasta_281.jpg,pasta,.jpg,61.29,512.0,512.0,RGB,JPEG,True,
/content/drive/MyDrive/Calorify/dataset/pasta/pasta_262.jpg,pasta_262.jpg,pasta,.jpg,53.42,512.0,512.0,RGB,JPEG,True,
/content/drive/MyDrive/Calorify/dataset/pasta/pasta_274.jpg,pasta_274.jpg,pasta,.jpg,46.66,512.0,469.0,RGB,JPEG,True,
/content/drive/MyDrive/Calorify/dataset/pasta/pasta_289.jpg,pasta_289.jpg,pasta,.jpg,52.8,512.0,512.0,RGB,JPEG,True,
/content/drive/MyDrive/Calorify/dataset/pasta/pasta_264.jpg,pasta_264.jpg,pasta,.jpg,50.77,512.0,512.0,RGB,JPEG,True,
/content/drive/MyDrive/Calorify/dataset/pasta/pasta_255.jpg,pasta_255.jpg,pasta,.jpg,36.9,512.0,384.0,RGB,JPEG,True,
/content/drive/MyDrive/Calorify/dataset/pasta/pasta_283.jpg,pasta_283.jpg,pasta,.jpg,47.25,512.0,512.0,RGB,JPEG,True,
/content/drive/MyDrive/Calorify/dataset/pasta/pasta_277.jpg,pasta_277.jpg,pasta,.jpg,58.68,512.0,512.0,RGB,JPEG,True,
/content/drive/MyDrive/Calorify/dataset/pasta/pasta_268.jpg,pasta_268.jpg,pasta,.jpg,34.92,512.0,512.0,RGB,JPEG,True,
/content/drive/MyDrive/Calorify/dataset/pasta/pasta_287.jpg,pasta_287.jpg,pasta,.jpg,41.26,512.0,512.0,RGB,JPEG,True,
/content/drive/MyDrive/Calorify/dataset/pasta/pasta_266.jpg,pasta_266.jpg,pasta,.jpg,59.87,512.0,512.0,RGB,JPEG,True,
/content/drive/MyDrive/Calorify/dataset/pasta/pasta_296.jpg,pasta_296.jpg,pasta,.jpg,44.12,512.0,512.0,RGB,JPEG,True,
/content/drive/MyDrive/Calorify/dataset/pasta/pasta_278.jpg,pasta_278.jpg,pasta,.jpg,39.28,512.0,429.0,RGB,JPEG,True,
/content/drive/MyDrive/Calorify/dataset/pasta/pasta_260.jpg,pasta_260.jpg,pasta,.jpg,44.83,512.0,512.0,RGB,JPEG,True,
/content/drive/MyDrive/Calorify/dataset/pasta/pasta_272.jpg,pasta_272.jpg,pasta,.jpg,57.23,512.0,512.0,RGB,JPEG,True,
/content/drive/MyDrive/Calorify/dataset/pasta/pasta_288.jpg,pasta_288.jpg,pasta,.jpg,48.17,512.0,512.0,RGB,JPEG,True,
/content/drive/MyDrive/Calorify/dataset/pasta/pasta_276.jpg,pasta_276.jpg,pasta,.jpg,75.28,512.0,512.0,RGB,JPEG,True,
/content/drive/MyDrive/Calorify/dataset/pasta/pasta_261.jpg,pasta_261.jpg,pasta,.jpg,28.2,384.0,512.0,RGB,JPEG,True,
/content/drive/MyDrive/Calorify/dataset/pasta/pasta_280.jpg,pasta_280.jpg,pasta,.jpg,51.21,512.0,512.0,RGB,JPEG,True,
/content/drive/MyDrive/Calorify/dataset/pasta/pasta_298.jpg,pasta_298.jpg,pasta,.jpg,61.01,512.0,512.0,RGB,JPEG,True,
/content/drive/MyDrive/Calorify/dataset/pasta/pasta_251.jpg,pasta_251.jpg,pasta,.jpg,41.92,512.0,384.0,RGB,JPEG,True,
/content/drive/MyDrive/Calorify/dataset/pasta/pasta_254.jpg,pasta_254.jpg,pasta,.jpg,37.74,512.0,512.0,RGB,JPEG,True,
/content/drive/MyDrive/Calorify/dataset/pasta/pasta_269.jpg,pasta_269.jpg,pasta,.jpg,60.52,512.0,512.0,RGB,JPEG,True,
/content/drive/MyDrive/Calorify/dataset/pasta/pasta_273.jpg,pasta_273.jpg,pasta,.jpg,56.92,512.0,512.0,RGB,JPEG,True,
/content/drive/MyDrive/Calorify/dataset/pasta/pasta_294.jpg,pasta_294.jpg,pasta,.jpg,52.25,512.0,512.0,RGB,JPEG,True,
/content/drive/MyDrive/Calorify/dataset/pasta/pasta_291.jpg,pasta_291.jpg,pasta,.jpg,61.71,512.0,512.0,RGB,JPEG,True,
/content/drive/MyDrive/Calorify/dataset/pasta/pasta_256.jpg,pasta_256.jpg,pasta,.jpg,66.32,512.0,512.0,RGB,JPEG,True,
/content/drive/MyDrive/Calorify/dataset/pasta/pasta_267.jpg,pasta_267.jpg,pasta,.jpg,43.9,512.0,512.0,RGB,JPEG,True,
/content/drive/MyDrive/Calorify/dataset/pasta/pasta_282.jpg,pasta_282.jpg,pasta,.jpg,35.29,384.0,512.0,RGB,JPEG,True,
/content/drive/MyDrive/Calorify/dataset/pasta/pasta_286.jpg,pasta_286.jpg,pasta,.jpg,29.3,512.0,289.0,RGB,JPEG,True,
/content/drive/MyDrive/Calorify/dataset/pasta/pasta_279.jpg,pasta_279.jpg,pasta,.jpg,76.87,512.0,512.0,RGB,JPEG,True,
/content/drive/MyDrive/Calorify/dataset/pasta/pasta_285.jpg,pasta_285.jpg,pasta,.jpg,42.56,512.0,512.0,RGB,JPEG,True,
/content/drive/MyDrive/Calorify/dataset/pasta/pasta_258.jpg,pasta_258.jpg,pasta,.jpg,42.01,512.0,512.0,RGB,JPEG,True,
/content/drive/MyDrive/Calorify/dataset/pasta/pasta_297.jpg,pasta_297.jpg,pasta,.jpg,59.44,510.0,512.0,RGB,JPEG,True,
/content/drive/MyDrive/Calorify/dataset/pasta/pasta_270.jpg,pasta_270.jpg,pasta,.jpg,56.04,512.0,512.0,RGB,JPEG,True,
/content/drive/MyDrive/Calorify/dataset/pasta/pasta_257.jpg,pasta_257.jpg,pasta,.jpg,81.7,512.0,512.0,RGB,JPEG,True,
/content/drive/MyDrive/Calorify/dataset/pasta/pasta_259.jpg,pasta_259.jpg,pasta,.jpg,36.97,512.0,384.0,RGB,JPEG,True,
/content/drive/MyDrive/Calorify/dataset/pasta/pasta_290.jpg,pasta_290.jpg,pasta,.jpg,35.69,384.0,512.0,RGB,JPEG,True,
/content/drive/MyDrive/Calorify/dataset/pasta/pasta_338.jpg,pasta_338.jpg,pasta,.jpg,5.94,300.0,168.0,RGB,JPEG,True,
/content/drive/MyDrive/Calorify/dataset/pasta/pasta_310.jpg,pasta_310.jpg,pasta,.jpg,50.61,512.0,512.0,RGB,JPEG,True,
/content/drive/MyDrive/Calorify/dataset/pasta/pasta_339.jpg,pasta_339.jpg,pasta,.jpg,9.23,259.0,194.0,RGB,JPEG,True,
/content/drive/MyDrive/Calorify/dataset/pasta/pasta_306.jpg,pasta_306.jpg,pasta,.jpg,51.38,512.0,512.0,RGB,JPEG,True,
/content/drive/MyDrive/Calorify/dataset/pasta/pasta_305.jpg,pasta_305.jpg,pasta,.jpg,51.75,512.0,512.0,RGB,JPEG,True,
/content/drive/MyDrive/Calorify/dataset/pasta/pasta_330.jpg,pasta_330.jpg,pasta,.jpg,8.55,275.0,183.0,RGB,JPEG,True,
/content/drive/MyDrive/Calorify/dataset/pasta/pasta_313.jpg,pasta_313.jpg,pasta,.jpg,41.18,512.0,512.0,RGB,JPEG,True,
/content/drive/MyDrive/Calorify/dataset/pasta/pasta_331.jpg,pasta_331.jpg,pasta,.jpg,11.08,233.0,217.0,RGB,JPEG,True,
/content/drive/MyDrive/Calorify/dataset/pasta/pasta_327.jpg,pasta_327.jpg,pasta,.jpg,8.65,196.0,257.0,RGB,JPEG,True,
/content/drive/MyDrive/Calorify/dataset/pasta/pasta_312.jpg,pasta_312.jpg,pasta,.jpg,53.72,512.0,512.0,RGB,JPEG,True,
/content/drive/MyDrive/Calorify/dataset/pasta/pasta_329.jpg,pasta_329.jpg,pasta,.jpg,6.61,194.0,259.0,RGB,JPEG,True,
/content/drive/MyDrive/Calorify/dataset/pasta/pasta_343.jpg,pasta_343.jpg,pasta,.jpg,11.61,262.0,193.0,RGB,JPEG,True,
/content/drive/MyDrive/Calorify/dataset/pasta/pasta_323.jpg,pasta_323.jpg,pasta,.jpg,5.07,275.0,183.0,RGB,JPEG,True,
/content/drive/MyDrive/Calorify/dataset/pasta/pasta_314.jpg,pasta_314.jpg,pasta,.jpg,53.85,512.0,512.0,RGB,JPEG,True,
/content/drive/MyDrive/Calorify/dataset/pasta/pasta_319.jpg,pasta_319.jpg,pasta,.jpg,10.92,225.0,225.0,RGB,JPEG,True,
/content/drive/MyDrive/Calorify/dataset/pasta/pasta_316.jpg,pasta_316.jpg,pasta,.jpg,46.06,512.0,512.0,RGB,JPEG,True,
/content/drive/MyDrive/Calorify/dataset/pasta/pasta_307.jpg,pasta_307.jpg,pasta,.jpg,53.4,512.0,512.0,RGB,JPEG,True,
/content/drive/MyDrive/Calorify/dataset/pasta/pasta_309.jpg,pasta_309.jpg,pasta,.jpg,19.24,512.0,384.0,RGB,JPEG,True,
/content/drive/MyDrive/Calorify/dataset/pasta/pasta_303.jpg,pasta_303.jpg,pasta,.jpg,49.04,512.0,512.0,RGB,JPEG,True,
/content/drive/MyDrive/Calorify/dataset/pasta/pasta_302.jpg,pasta_302.jpg,pasta,.jpg,51.89,512.0,512.0,RGB,JPEG,True,
/content/drive/MyDrive/Calorify/dataset/pasta/pasta_344.jpg,pasta_344.jpg,pasta,.jpg,8.22,275.0,183.0,RGB,JPEG,True,
/content/drive/MyDrive/Calorify/dataset/pasta/pasta_340.jpg,pasta_340.jpg,pasta,.jpg,5.19,310.0,163.0,RGB,JPEG,True,
/content/drive/MyDrive/Calorify/dataset/pasta/pasta_335.jpg,pasta_335.jpg,pasta,.jpg,6.64,275.0,183.0,RGB,JPEG,True,
/content/drive/MyDrive/Calorify/dataset/pasta/pasta_308.jpg,pasta_308.jpg,pasta,.jpg,45.97,512.0,512.0,RGB,JPEG,True,
/content/drive/MyDrive/Calorify/dataset/pasta/pasta_304.jpg,pasta_304.jpg,pasta,.jpg,43.14,512.0,512.0,RGB,JPEG,True,
/content/drive/MyDrive/Calorify/dataset/pasta/pasta_334.jpg,pasta_334.jpg,pasta,.jpg,8.1,201.0,251.0,RGB,JPEG,True,
/content/drive/MyDrive/Calorify/dataset/pasta/pasta_315.jpg,pasta_315.jpg,pasta,.jpg,50.83,511.0,512.0,RGB,JPEG,True,
/content/drive/MyDrive/Calorify/dataset/pasta/pasta_342.jpg,pasta_342.jpg,pasta,.jpg,12.01,168.0,300.0,RGB,JPEG,True,
/content/drive/MyDrive/Calorify/dataset/pasta/pasta_300.jpg,pasta_300.jpg,pasta,.jpg,48.53,512.0,512.0,RGB,JPEG,True,
/content/drive/MyDrive/Calorify/dataset/pasta/pasta_332.jpg,pasta_332.jpg,pasta,.jpg,5.91,269.0,187.0,RGB,JPEG,True,
/content/drive/MyDrive/Calorify/dataset/pasta/pasta_322.jpg,pasta_322.jpg,pasta,.jpg,5.83,194.0,259.0,RGB,JPEG,True,
/content/drive/MyDrive/Calorify/dataset/pasta/pasta_311.jpg,pasta_311.jpg,pasta,.jpg,88.17,512.0,384.0,RGB,JPEG,True,
/content/drive/MyDrive/Calorify/dataset/pasta/pasta_301.jpg,pasta_301.jpg,pasta,.jpg,87.79,512.0,512.0,RGB,JPEG,True,
/content/drive/MyDrive/Calorify/dataset/pasta/pasta_325.jpg,pasta_325.jpg,pasta,.jpg,10.39,216.0,233.0,RGB,JPEG,True,
/content/drive/MyDrive/Calorify/dataset/pasta/pasta_317.jpg,pasta_317.jpg,pasta,.jpg,7.64,200.0,200.0,RGB,JPEG,True,
/content/drive/MyDrive/Calorify/dataset/pasta/pasta_324.jpg,pasta_324.jpg,pasta,.jpg,3.4,100.0,100.0,RGB,JPEG,True,
/content/drive/MyDrive/Calorify/dataset/pasta/pasta_321.jpg,pasta_321.jpg,pasta,.jpg,11.92,275.0,183.0,RGB,JPEG,True,
/content/drive/MyDrive/Calorify/dataset/pasta/pasta_320.jpg,pasta_320.jpg,pasta,.jpg,8.2,194.0,259.0,RGB,JPEG,True,
/content/drive/MyDrive/Calorify/dataset/pasta/pasta_328.jpg,pasta_328.jpg,pasta,.jpg,6.09,275.0,183.0,RGB,JPEG,True,
/content/drive/MyDrive/Calorify/dataset/pasta/pasta_333.jpg,pasta_333.jpg,pasta,.jpg,10.33,183.0,275.0,RGB,JPEG,True,
/content/drive/MyDrive/Calorify/dataset/pasta/pasta_336.jpg,pasta_336.jpg,pasta,.jpg,8.01,300.0,168.0,RGB,JPEG,True,
/content/drive/MyDrive/Calorify/dataset/pasta/pasta_326.jpg,pasta_326.jpg,pasta,.jpg,4.76,266.0,190.0,RGB,JPEG,True,
/content/drive/MyDrive/Calorify/dataset/pasta/pasta_337.jpg,pasta_337.jpg,pasta,.jpg,8.85,340.0,148.0,RGB,JPEG,True,
/content/drive/MyDrive/Calorify/dataset/pasta/pasta_318.jpg,pasta_318.jpg,pasta,.jpg,8.48,180.0,281.0,RGB,JPEG,True,
/content/drive/MyDrive/Calorify/dataset/pasta/pasta_299.jpg,pasta_299.jpg,pasta,.jpg,32.92,512.0,384.0,RGB,JPEG,True,
/content/drive/MyDrive/Calorify/dataset/pasta/pasta_341.jpg,pasta_341.jpg,pasta,.jpg,4.03,300.0,168.0,RGB,JPEG,True,
/content/drive/MyDrive/Calorify/dataset/pasta/pasta_370.jpg,pasta_370.jpg,pasta,.jpg,6.66,300.0,168.0,RGB,JPEG,True,
/content/drive/MyDrive/Calorify/dataset/pasta/pasta_347.jpg,pasta_347.jpg,pasta,.jpg,7.18,259.0,194.0,RGB,JPEG,True,
/content/drive/MyDrive/Calorify/dataset/pasta/pasta_360.jpg,pasta_360.jpg,pasta,.jpg,5.97,259.0,194.0,RGB,JPEG,True,
/content/drive/MyDrive/Calorify/dataset/pasta/pasta_369.jpg,pasta_369.jpg,pasta,.jpg,6.48,225.0,225.0,RGB,JPEG,True,
/content/drive/MyDrive/Calorify/dataset/pasta/pasta_371.jpg,pasta_371.jpg,pasta,.jpg,7.05,259.0,194.0,RGB,JPEG,True,
/content/drive/MyDrive/Calorify/dataset/pasta/pasta_368.jpg,pasta_368.jpg,pasta,.jpg,5.73,225.0,225.0,RGB,JPEG,True,
/content/drive/MyDrive/Calorify/dataset/pasta/pasta_386.jpg,pasta_386.jpg,pasta,.jpg,9.82,276.0,183.0,RGB,JPEG,True,
/content/drive/MyDrive/Calorify/dataset/pasta/pasta_382.jpg,pasta_382.jpg,pasta,.jpg,10.25,259.0,194.0,RGB,JPEG,True,
/content/drive/MyDrive/Calorify/dataset/pasta/pasta_366.jpg,pasta_366.jpg,pasta,.jpg,8.52,253.0,199.0,RGB,JPEG,True,
/content/drive/MyDrive/Calorify/dataset/pasta/pasta_385.jpg,pasta_385.jpg,pasta,.jpg,11.07,225.0,225.0,RGB,JPEG,True,
/content/drive/MyDrive/Calorify/dataset/pasta/pasta_376.jpg,pasta_376.jpg,pasta,.jpg,9.97,277.0,182.0,RGB,JPEG,True,
/content/drive/MyDrive/Calorify/dataset/pasta/pasta_354.jpg,pasta_354.jpg,pasta,.jpg,11.18,275.0,183.0,RGB,JPEG,True,
/content/drive/MyDrive/Calorify/dataset/pasta/pasta_372.jpg,pasta_372.jpg,pasta,.jpg,10.14,228.0,221.0,RGB,JPEG,True,
/content/drive/MyDrive/Calorify/dataset/pasta/pasta_374.jpg,pasta_374.jpg,pasta,.jpg,14.66,289.0,174.0,RGB,JPEG,True,
/content/drive/MyDrive/Calorify/dataset/pasta/pasta_359.jpg,pasta_359.jpg,pasta,.jpg,11.29,275.0,183.0,RGB,JPEG,True,
/content/drive/MyDrive/Calorify/dataset/pasta/pasta_355.jpg,pasta_355.jpg,pasta,.jpg,8.3,275.0,183.0,RGB,JPEG,True,
/content/drive/MyDrive/Calorify/dataset/pasta/pasta_357.jpg,pasta_357.jpg,pasta,.jpg,6.53,225.0,225.0,RGB,JPEG,True,
/content/drive/MyDrive/Calorify/dataset/pasta/pasta_380.jpg,pasta_380.jpg,pasta,.jpg,7.85,259.0,194.0,RGB,JPEG,True,
/content/drive/MyDrive/Calorify/dataset/pasta/pasta_346.jpg,pasta_346.jpg,pasta,.jpg,6.41,260.0,194.0,RGB,JPEG,True,
/content/drive/MyDrive/Calorify/dataset/pasta/pasta_364.jpg,pasta_364.jpg,pasta,.jpg,4.53,275.0,183.0,RGB,JPEG,True,
/content/drive/MyDrive/Calorify/dataset/pasta/pasta_345.jpg,pasta_345.jpg,pasta,.jpg,11.96,300.0,168.0,RGB,JPEG,True,
/content/drive/MyDrive/Calorify/dataset/pasta/pasta_349.jpg,pasta_349.jpg,pasta,.jpg,10.76,259.0,194.0,RGB,JPEG,True,
/content/drive/MyDrive/Calorify/dataset/pasta/pasta_348.jpg,pasta_348.jpg,pasta,.jpg,7.19,194.0,259.0,RGB,JPEG,True,
/content/drive/MyDrive/Calorify/dataset/pasta/pasta_388.jpg,pasta_388.jpg,pasta,.jpg,15.62,194.0,259.0,RGB,JPEG,True,
/content/drive/MyDrive/Calorify/dataset/pasta/pasta_362.jpg,pasta_362.jpg,pasta,.jpg,9.67,284.0,177.0,RGB,JPEG,True,
/content/drive/MyDrive/Calorify/dataset/pasta/pasta_377.jpg,pasta_377.jpg,pasta,.jpg,10.66,275.0,183.0,RGB,JPEG,True,
/content/drive/MyDrive/Calorify/dataset/pasta/pasta_356.jpg,pasta_356.jpg,pasta,.jpg,5.14,275.0,183.0,RGB,JPEG,True,
/content/drive/MyDrive/Calorify/dataset/pasta/pasta_378.jpg,pasta_378.jpg,pasta,.jpg,10.14,228.0,221.0,RGB,JPEG,True,
/content/drive/MyDrive/Calorify/dataset/pasta/pasta_353.jpg,pasta_353.jpg,pasta,.jpg,5.21,225.0,225.0,RGB,JPEG,True,
/content/drive/MyDrive/Calorify/dataset/pasta/pasta_365.jpg,pasta_365.jpg,pasta,.jpg,6.94,259.0,194.0,RGB,JPEG,True,
/content/drive/MyDrive/Calorify/dataset/pasta/pasta_383.jpg,pasta_383.jpg,pasta,.jpg,7.82,265.0,190.0,RGB,JPEG,True,
/content/drive/MyDrive/Calorify/dataset/pasta/pasta_363.jpg,pasta_363.jpg,pasta,.jpg,6.54,275.0,183.0,RGB,JPEG,True,
/content/drive/MyDrive/Calorify/dataset/pasta/pasta_387.jpg,pasta_387.jpg,pasta,.jpg,6.02,300.0,168.0,RGB,JPEG,True,
/content/drive/MyDrive/Calorify/dataset/pasta/pasta_375.jpg,pasta_375.jpg,pasta,.jpg,8.6,275.0,183.0,RGB,JPEG,True,
/content/drive/MyDrive/Calorify/dataset/pasta/pasta_352.jpg,pasta_352.jpg,pasta,.jpg,12.49,259.0,194.0,RGB,JPEG,True,
/content/drive/MyDrive/Calorify/dataset/pasta/pasta_367.jpg,pasta_367.jpg,pasta,.jpg,7.43,225.0,224.0,RGB,JPEG,True,
/content/drive/MyDrive/Calorify/dataset/pasta/pasta_351.jpg,pasta_351.jpg,pasta,.jpg,7.81,275.0,183.0,RGB,JPEG,True,
/content/drive/MyDrive/Calorify/dataset/pasta/pasta_350.jpg,pasta_350.jpg,pasta,.jpg,5.71,168.0,94.0,RGB,JPEG,True,
/content/drive/MyDrive/Calorify/dataset/pasta/pasta_373.jpg,pasta_373.jpg,pasta,.jpg,9.34,276.0,183.0,RGB,JPEG,True,
/content/drive/MyDrive/Calorify/dataset/pasta/pasta_358.jpg,pasta_358.jpg,pasta,.jpg,8.45,183.0,275.0,RGB,JPEG,True,
/content/drive/MyDrive/Calorify/dataset/pasta/pasta_381.jpg,pasta_381.jpg,pasta,.jpg,9.55,294.0,172.0,RGB,JPEG,True,
/content/drive/MyDrive/Calorify/dataset/pasta/pasta_379.jpg,pasta_379.jpg,pasta,.jpg,6.22,225.0,225.0,RGB,JPEG,True,
/content/drive/MyDrive/Calorify/dataset/pasta/pasta_361.jpg,pasta_361.jpg,pasta,.jpg,6.53,202.0,250.0,RGB,JPEG,True,
/content/drive/MyDrive/Calorify/dataset/pasta/pasta_384.jpg,pasta_384.jpg,pasta,.jpg,8.04,215.0,234.0,RGB,JPEG,True,
/content/drive/MyDrive/Calorify/dataset/pasta/pasta_395.jpg,pasta_395.jpg,pasta,.jpg,8.08,275.0,183.0,RGB,JPEG,True,
/content/drive/MyDrive/Calorify/dataset/pasta/pasta_425.jpg,pasta_425.jpg,pasta,.jpg,3.94,285.0,177.0,RGB,JPEG,True,
/content/drive/MyDrive/Calorify/dataset/pasta/pasta_422.jpg,pasta_422.jpg,pasta,.jpg,11.04,234.0,216.0,RGB,JPEG,True,
/content/drive/MyDrive/Calorify/dataset/pasta/pasta_391.jpg,pasta_391.jpg,pasta,.jpg,16.25,191.0,263.0,RGB,JPEG,True,
/content/drive/MyDrive/Calorify/dataset/pasta/pasta_389.jpg,pasta_389.jpg,pasta,.jpg,9.77,300.0,166.0,RGB,JPEG,True,
/content/drive/MyDrive/Calorify/dataset/pasta/pasta_414.jpg,pasta_414.jpg,pasta,.jpg,8.72,200.0,200.0,RGB,JPEG,True,
/content/drive/MyDrive/Calorify/dataset/pasta/pasta_401.jpg,pasta_401.jpg,pasta,.jpg,11.2,275.0,183.0,RGB,JPEG,True,
/content/drive/MyDrive/Calorify/dataset/pasta/pasta_432.jpg,pasta_432.jpg,pasta,.jpg,12.27,295.0,171.0,RGB,JPEG,True,
/content/drive/MyDrive/Calorify/dataset/pasta/pasta_415.jpg,pasta_415.jpg,pasta,.jpg,11.44,269.0,188.0,RGB,JPEG,True,
/content/drive/MyDrive/Calorify/dataset/pasta/pasta_397.jpg,pasta_397.jpg,pasta,.jpg,9.6,180.0,279.0,RGB,JPEG,True,
/content/drive/MyDrive/Calorify/dataset/pasta/pasta_428.jpg,pasta_428.jpg,pasta,.jpg,9.91,275.0,183.0,RGB,JPEG,True,
/content/drive/MyDrive/Calorify/dataset/pasta/pasta_412.jpg,pasta_412.jpg,pasta,.jpg,5.89,227.0,222.0,RGB,JPEG,True,
/content/drive/MyDrive/Calorify/dataset/pasta/pasta_416.jpg,pasta_416.jpg,pasta,.jpg,9.02,270.0,186.0,RGB,JPEG,True,
/content/drive/MyDrive/Calorify/dataset/pasta/pasta_424.jpg,pasta_424.jpg,pasta,.jpg,8.2,184.0,274.0,RGB,JPEG,True,
/content/drive/MyDrive/Calorify/dataset/pasta/pasta_421.jpg,pasta_421.jpg,pasta,.jpg,14.76,183.0,275.0,RGB,JPEG,True,
/content/drive/MyDrive/Calorify/dataset/pasta/pasta_426.jpg,pasta_426.jpg,pasta,.jpg,5.14,281.0,179.0,RGB,JPEG,True,
/content/drive/MyDrive/Calorify/dataset/pasta/pasta_413.jpg,pasta_413.jpg,pasta,.jpg,8.55,200.0,200.0,RGB,JPEG,True,
/content/drive/MyDrive/Calorify/dataset/pasta/pasta_427.jpg,pasta_427.jpg,pasta,.jpg,13.0,183.0,275.0,RGB,JPEG,True,
/content/drive/MyDrive/Calorify/dataset/pasta/pasta_398.jpg,pasta_398.jpg,pasta,.jpg,9.41,285.0,177.0,RGB,JPEG,True,
/content/drive/MyDrive/Calorify/dataset/pasta/pasta_406.jpg,pasta_406.jpg,pasta,.jpg,8.71,183.0,275.0,RGB,JPEG,True,
/content/drive/MyDrive/Calorify/dataset/pasta/pasta_394.jpg,pasta_394.jpg,pasta,.jpg,10.95,200.0,200.0,RGB,JPEG,True,
/content/drive/MyDrive/Calorify/dataset/pasta/pasta_393.jpg,pasta_393.jpg,pasta,.jpg,5.38,225.0,225.0,RGB,JPEG,True,
/content/drive/MyDrive/Calorify/dataset/pasta/pasta_417.jpg,pasta_417.jpg,pasta,.jpg,9.69,277.0,182.0,RGB,JPEG,True,
/content/drive/MyDrive/Calorify/dataset/pasta/pasta_407.jpg,pasta_407.jpg,pasta,.jpg,4.78,174.0,290.0,RGB,JPEG,True,
/content/drive/MyDrive/Calorify/dataset/pasta/pasta_404.jpg,pasta_404.jpg,pasta,.jpg,7.12,300.0,168.0,RGB,JPEG,True,
/content/drive/MyDrive/Calorify/dataset/pasta/pasta_409.jpg,pasta_409.jpg,pasta,.jpg,6.88,194.0,259.0,RGB,JPEG,True,
/content/drive/MyDrive/Calorify/dataset/pasta/pasta_418.jpg,pasta_418.jpg,pasta,.jpg,9.7,266.0,189.0,RGB,JPEG,True,
/content/drive/MyDrive/Calorify/dataset/pasta/pasta_402.jpg,pasta_402.jpg,pasta,.jpg,4.9,100.0,100.0,RGB,JPEG,True,
/content/drive/MyDrive/Calorify/dataset/pasta/pasta_434.jpg,pasta_434.jpg,pasta,.jpg,7.57,275.0,183.0,RGB,JPEG,True,
/content/drive/MyDrive/Calorify/dataset/pasta/pasta_431.jpg,pasta_431.jpg,pasta,.jpg,6.22,207.0,243.0,RGB,JPEG,True,
/content/drive/MyDrive/Calorify/dataset/pasta/pasta_392.jpg,pasta_392.jpg,pasta,.jpg,6.82,225.0,225.0,RGB,JPEG,True,
/content/drive/MyDrive/Calorify/dataset/pasta/pasta_408.jpg,pasta_408.jpg,pasta,.jpg,2.56,100.0,100.0,RGB,JPEG,True,
/content/drive/MyDrive/Calorify/dataset/pasta/pasta_410.jpg,pasta_410.jpg,pasta,.jpg,5.79,299.0,168.0,RGB,JPEG,True,
/content/drive/MyDrive/Calorify/dataset/pasta/pasta_430.jpg,pasta_430.jpg,pasta,.jpg,10.11,282.0,179.0,RGB,JPEG,True,
/content/drive/MyDrive/Calorify/dataset/pasta/pasta_420.jpg,pasta_420.jpg,pasta,.jpg,9.2,230.0,220.0,RGB,JPEG,True,
/content/drive/MyDrive/Calorify/dataset/pasta/pasta_403.jpg,pasta_403.jpg,pasta,.jpg,7.92,301.0,168.0,RGB,JPEG,True,
/content/drive/MyDrive/Calorify/dataset/pasta/pasta_429.jpg,pasta_429.jpg,pasta,.jpg,8.23,259.0,195.0,RGB,JPEG,True,
/content/drive/MyDrive/Calorify/dataset/pasta/pasta_396.jpg,pasta_396.jpg,pasta,.jpg,4.83,275.0,183.0,RGB,JPEG,True,
/content/drive/MyDrive/Calorify/dataset/pasta/pasta_399.jpg,pasta_399.jpg,pasta,.jpg,9.46,225.0,225.0,RGB,JPEG,True,
/content/drive/MyDrive/Calorify/dataset/pasta/pasta_411.jpg,pasta_411.jpg,pasta,.jpg,11.16,275.0,183.0,RGB,JPEG,True,
/content/drive/MyDrive/Calorify/dataset/pasta/pasta_419.jpg,pasta_419.jpg,pasta,.jpg,5.01,225.0,225.0,RGB,JPEG,True,
/content/drive/MyDrive/Calorify/dataset/pasta/pasta_423.jpg,pasta_423.jpg,pasta,.jpg,10.32,276.0,183.0,RGB,JPEG,True,
/content/drive/MyDrive/Calorify/dataset/pasta/pasta_405.jpg,pasta_405.jpg,pasta,.jpg,6.89,225.0,225.0,RGB,JPEG,True,
/content/drive/MyDrive/Calorify/dataset/pasta/pasta_400.jpg,pasta_400.jpg,pasta,.jpg,7.47,340.0,148.0,RGB,JPEG,True,
/content/drive/MyDrive/Calorify/dataset/pasta/pasta_433.jpg,pasta_433.jpg,pasta,.jpg,9.61,183.0,275.0,RGB,JPEG,True,
/content/drive/MyDrive/Calorify/dataset/pasta/pasta_390.jpg,pasta_390.jpg,pasta,.jpg,5.93,259.0,194.0,RGB,JPEG,True,
/content/drive/MyDrive/Calorify/dataset/pasta/pasta_454.jpg,pasta_454.jpg,pasta,.jpg,157.41,480.0,320.0,RGB,JPEG,True,
/content/drive/MyDrive/Calorify/dataset/pasta/pasta_440.jpg,pasta_440.jpg,pasta,.jpg,9.54,259.0,194.0,RGB,JPEG,True,
/content/drive/MyDrive/Calorify/dataset/pasta/pasta_457.jpg,pasta_457.jpg,pasta,.jpg,360.13,590.0,393.0,RGB,JPEG,True,
/content/drive/MyDrive/Calorify/dataset/pasta/pasta_435.jpg,pasta_435.jpg,pasta,.jpg,6.01,259.0,194.0,RGB,JPEG,True,
/content/drive/MyDrive/Calorify/dataset/pasta/pasta_447.jpg,pasta_447.jpg,pasta,.jpg,11.12,275.0,183.0,RGB,JPEG,True,
/content/drive/MyDrive/Calorify/dataset/pasta/pasta_456.jpg,pasta_456.jpg,pasta,.jpg,234.35,1300.0,956.0,RGB,JPEG,True,
/content/drive/MyDrive/Calorify/dataset/pasta/pasta_461.jpg,pasta_461.jpg,pasta,.jpg,161.69,1280.0,720.0,RGB,JPEG,True,
/content/drive/MyDrive/Calorify/dataset/pasta/pasta_438.jpg,pasta_438.jpg,pasta,.jpg,8.79,194.0,259.0,RGB,JPEG,True,
/content/drive/MyDrive/Calorify/dataset/pasta/pasta_466.jpg,pasta_466.jpg,pasta,.jpg,68.35,600.0,500.0,RGB,JPEG,True,
/content/drive/MyDrive/Calorify/dataset/pasta/pasta_441.jpg,pasta_441.jpg,pasta,.jpg,10.27,259.0,194.0,RGB,JPEG,True,
/content/drive/MyDrive/Calorify/dataset/pasta/pasta_436.jpg,pasta_436.jpg,pasta,.jpg,12.29,266.0,189.0,RGB,JPEG,True,
/content/drive/MyDrive/Calorify/dataset/pasta/pasta_459.jpg,pasta_459.jpg,pasta,.jpg,116.87,1600.0,1155.0,RGB,JPEG,True,
/content/drive/MyDrive/Calorify/dataset/pasta/pasta_458.jpg,pasta_458.jpg,pasta,.jpg,344.62,1736.0,1736.0,RGB,JPEG,True,
/content/drive/MyDrive/Calorify/dataset/pasta/pasta_455.jpg,pasta_455.jpg,pasta,.jpg,88.27,836.0,836.0,RGB,JPEG,True,
/content/drive/MyDrive/Calorify/dataset/pasta/pasta_442.jpg,pasta_442.jpg,pasta,.jpg,7.33,225.0,225.0,RGB,JPEG,True,
/content/drive/MyDrive/Calorify/dataset/pasta/pasta_470.jpg,pasta_470.jpg,pasta,.jpg,212.13,1600.0,1157.0,RGB,JPEG,True,
/content/drive/MyDrive/Calorify/dataset/pasta/pasta_471.jpg,pasta_471.jpg,pasta,.jpg,643.92,3066.0,2445.0,RGB,JPEG,True,
/content/drive/MyDrive/Calorify/dataset/pasta/pasta_437.jpg,pasta_437.jpg,pasta,.jpg,9.28,262.0,193.0,RGB,JPEG,True,
/content/drive/MyDrive/Calorify/dataset/pasta/pasta_446.jpg,pasta_446.jpg,pasta,.jpg,13.16,201.0,251.0,RGB,JPEG,True,
/content/drive/MyDrive/Calorify/dataset/pasta/pasta_451.jpg,pasta_451.jpg,pasta,.jpg,609.7,2560.0,2560.0,RGB,JPEG,True,
/content/drive/MyDrive/Calorify/dataset/pasta/pasta_445.jpg,pasta_445.jpg,pasta,.jpg,8.21,246.0,205.0,RGB,JPEG,True,
/content/drive/MyDrive/Calorify/dataset/pasta/pasta_465.jpg,pasta_465.jpg,pasta,.jpg,51.34,515.0,438.0,RGB,JPEG,True,
/content/drive/MyDrive/Calorify/dataset/pasta/pasta_468.jpg,pasta_468.jpg,pasta,.jpg,2022.61,1500.0,1102.0,RGB,JPEG,True,
/content/drive/MyDrive/Calorify/dataset/pasta/pasta_469.jpg,pasta_469.jpg,pasta,.jpg,20.02,720.0,405.0,RGB,JPEG,True,
/content/drive/MyDrive/Calorify/dataset/pasta/pasta_462.jpg,pasta_462.jpg,pasta,.jpg,29.87,550.0,413.0,RGB,JPEG,True,
/content/drive/MyDrive/Calorify/dataset/pasta/pasta_450.jpg,pasta_450.jpg,pasta,.jpg,8.75,275.0,183.0,RGB,JPEG,True,
/content/drive/MyDrive/Calorify/dataset/pasta/pasta_467.jpg,pasta_467.jpg,pasta,.jpg,1276.04,1080.0,1080.0,RGBA,PNG,True,
/content/drive/MyDrive/Calorify/dataset/pasta/pasta_460.jpg,pasta_460.jpg,pasta,.jpg,138.9,1280.0,720.0,RGB,JPEG,True,
/content/drive/MyDrive/Calorify/dataset/pasta/pasta_449.jpg,pasta_449.jpg,pasta,.jpg,4.63,266.0,189.0,RGB,JPEG,True,
/content/drive/MyDrive/Calorify/dataset/pasta/pasta_453.jpg,pasta_453.jpg,pasta,.jpg,749.43,3456.0,2304.0,RGB,JPEG,True,
/content/drive/MyDrive/Calorify/dataset/pasta/pasta_443.jpg,pasta_443.jpg,pasta,.jpg,14.07,295.0,171.0,RGB,JPEG,True,
/content/drive/MyDrive/Calorify/dataset/pasta/pasta_444.jpg,pasta_444.jpg,pasta,.jpg,7.43,183.0,275.0,RGB,JPEG,True,
/content/drive/MyDrive/Calorify/dataset/pasta/pasta_464.jpg,pasta_464.jpg,pasta,.jpg,34.32,800.0,533.0,RGB,JPEG,True,
/content/drive/MyDrive/Calorify/dataset/pasta/pasta_448.jpg,pasta_448.jpg,pasta,.jpg,7.06,201.0,251.0,RGB,JPEG,True,
/content/drive/MyDrive/Calorify/dataset/pasta/pasta_439.jpg,pasta_439.jpg,pasta,.jpg,5.32,366.0,138.0,RGB,JPEG,True,
/content/drive/MyDrive/Calorify/dataset/pasta/470.jpg,470.jpg,pasta,.jpg,62.15,418.0,626.0,RGB,JPEG,True,
/content/drive/MyDrive/Calorify/dataset/pasta/471.jpg,471.jpg,pasta,.jpg,64.04,800.0,530.0,RGB,JPEG,True,
/content/drive/MyDrive/Calorify/dataset/pasta/472.jpg,472.jpg,pasta,.jpg,1178.39,3024.0,4032.0,RGB,JPEG,True,
/content/drive/MyDrive/Calorify/dataset/pasta/473.jpg,473.jpg,pasta,.jpg,620.47,1500.0,1000.0,RGB,JPEG,True,
/content/drive/MyDrive/Calorify/dataset/pasta/474.jpg,474.jpg,pasta,.jpg,35.04,434.0,650.0,RGB,JPEG,True,
/content/drive/MyDrive/Calorify/dataset/pasta/475.jpg,475.jpg,pasta,.jpg,1435.08,3024.0,3935.0,RGB,JPEG,True,
/content/drive/MyDrive/Calorify/dataset/pasta/477.jpg,477.jpg,pasta,.jpg,56.21,800.0,450.0,RGB,JPEG,True,
/content/drive/MyDrive/Calorify/dataset/pasta/476.jpg,476.jpg,pasta,.jpg,298.17,1600.0,900.0,RGB,JPEG,True,
/content/drive/MyDrive/Calorify/dataset/pasta/478.jpg,478.jpg,pasta,.jpg,45.11,736.0,614.0,RGB,JPEG,True,
/content/drive/MyDrive/Calorify/dataset/pasta/479.jpg,479.jpg,pasta,.jpg,68.95,1200.0,1200.0,RGB,JPEG,True,
/content/drive/MyDrive/Calorify/dataset/pasta/480.jpg,480.jpg,pasta,.jpg,1895.62,4000.0,6000.0,RGB,JPEG,True,
/content/drive/MyDrive/Calorify/dataset/pasta/481.jpg,481.jpg,pasta,.jpg,29.67,800.0,533.0,RGB,JPEG,True,
/content/drive/MyDrive/Calorify/dataset/pasta/482.jpg,482.jpg,pasta,.jpg,31.99,639.0,360.0,RGB,JPEG,True,
/content/drive/MyDrive/Calorify/dataset/pasta/483.jpg,483.jpg,pasta,.jpg,35.54,626.0,417.0,RGB,JPEG,True,
/content/drive/MyDrive/Calorify/dataset/pasta/484.jpg,484.jpg,pasta,.jpg,60.07,626.0,417.0,RGB,JPEG,True,
/content/drive/MyDrive/Calorify/dataset/pasta/486.jpg,486.jpg,pasta,.jpg,80.96,1067.0,1690.0,RGB,JPEG,True,
/content/drive/MyDrive/Calorify/dataset/pasta/487.jpg,487.jpg,pasta,.jpg,75.09,800.0,600.0,RGB,JPEG,True,
/content/drive/MyDrive/Calorify/dataset/pasta/489.jpg,489.jpg,pasta,.jpg,59.36,1300.0,523.0,RGB,JPEG,True,
/content/drive/MyDrive/Calorify/dataset/pasta/488.jpg,488.jpg,pasta,.jpg,63.22,626.0,417.0,RGB,JPEG,True,
/content/drive/MyDrive/Calorify/dataset/pasta/490.jpg,490.jpg,pasta,.jpg,276.28,1500.0,1500.0,RGB,WEBP,True,
/content/drive/MyDrive/Calorify/dataset/pasta/491.jpg,491.jpg,pasta,.jpg,1310.84,1920.0,1280.0,RGBA,PNG,True,
/content/drive/MyDrive/Calorify/dataset/pasta/493.jpg,493.jpg,pasta,.jpg,123.3,1125.0,750.0,RGB,JPEG,True,
/content/drive/MyDrive/Calorify/dataset/pasta/494.jpg,494.jpg,pasta,.jpg,109.17,1470.0,980.0,RGB,JPEG,True,
/content/drive/MyDrive/Calorify/dataset/pasta/495.jpg,495.jpg,pasta,.jpg,60.0,626.0,417.0,RGB,JPEG,True,
/content/drive/MyDrive/Calorify/dataset/pasta/496.jpg,496.jpg,pasta,.jpg,68.75,1600.0,1157.0,RGB,JPEG,True,
/content/drive/MyDrive/Calorify/dataset/pasta/497.jpg,497.jpg,pasta,.jpg,71.38,1200.0,1200.0,RGB,JPEG,True,
/content/drive/MyDrive/Calorify/dataset/pasta/499.jpg,499.jpg,pasta,.jpg,1086.35,1000.0,600.0,RGBA,PNG,True,
/content/drive/MyDrive/Calorify/dataset/pasta/500.jpg,500.jpg,pasta,.jpg,61.17,600.0,420.0,RGB,JPEG,True,
/content/drive/MyDrive/Calorify/dataset/pasta/501.jpg,501.jpg,pasta,.jpg,744.55,2048.0,1365.0,RGB,JPEG,True,
/content/drive/MyDrive/Calorify/dataset/pasta/502.jpg,502.jpg,pasta,.jpg,63.45,992.0,662.0,RGB,JPEG,True,
/content/drive/MyDrive/Calorify/dataset/pasta/504.jpg,504.jpg,pasta,.jpg,52.99,992.0,556.0,RGB,JPEG,True,
/content/drive/MyDrive/Calorify/dataset/pasta/503.jpg,503.jpg,pasta,.jpg,448.04,2500.0,1667.0,RGB,JPEG,True,
/content/drive/MyDrive/Calorify/dataset/pasta/505.jpg,505.jpg,pasta,.jpg,86.59,800.0,587.0,RGB,JPEG,True,
/content/drive/MyDrive/Calorify/dataset/pasta/506.jpg,506.jpg,pasta,.jpg,153.1,1600.0,1156.0,RGB,JPEG,True,
/content/drive/MyDrive/Calorify/dataset/pasta/510.jpg,510.jpg,pasta,.jpg,120.5,1735.0,975.0,RGB,JPEG,True,
/content/drive/MyDrive/Calorify/dataset/pasta/513.jpg,513.jpg,pasta,.jpg,378.57,1536.0,2048.0,RGB,JPEG,True,
/content/drive/MyDrive/Calorify/dataset/pasta/517.jpg,517.jpg,pasta,.jpg,144.13,1250.0,830.0,RGB,JPEG,True,
/content/drive/MyDrive/Calorify/dataset/pasta/518.jpg,518.jpg,pasta,.jpg,110.12,1300.0,1002.0,RGB,JPEG,True,
/content/drive/MyDrive/Calorify/dataset/pasta/519.jpg,519.jpg,pasta,.jpg,58.55,1080.0,1080.0,RGB,JPEG,True,
/content/drive/MyDrive/Calorify/dataset/pasta/520.jpg,520.jpg,pasta,.jpg,675.93,6048.0,4024.0,RGB,JPEG,True,
/content/drive/MyDrive/Calorify/dataset/pasta/521.jpg,521.jpg,pasta,.jpg,1178.39,3024.0,4032.0,RGB,JPEG,True,
/content/drive/MyDrive/Calorify/dataset/pasta/524.jpg,524.jpg,pasta,.jpg,35.04,434.0,650.0,RGB,JPEG,True,
/content/drive/MyDrive/Calorify/dataset/pasta/523.jpg,523.jpg,pasta,.jpg,156.23,866.0,1390.0,RGB,JPEG,True,
/content/drive/MyDrive/Calorify/dataset/pasta/525.jpg,525.jpg,pasta,.jpg,1435.08,3024.0,3935.0,RGB,JPEG,True,
/content/drive/MyDrive/Calorify/dataset/pasta/526.jpg,526.jpg,pasta,.jpg,1478.1,1920.0,1280.0,RGBA,PNG,True,
/content/drive/MyDrive/Calorify/dataset/pasta/527.jpg,527.jpg,pasta,.jpg,591.53,1800.0,1800.0,RGB,JPEG,True,
/content/drive/MyDrive/Calorify/dataset/pasta/528.jpg,528.jpg,pasta,.jpg,279.68,1920.0,1080.0,RGB,JPEG,True,
/content/drive/MyDrive/Calorify/dataset/pasta/530.jpg,530.jpg,pasta,.jpg,137.39,1600.0,1169.0,RGB,JPEG,True,
/content/drive/MyDrive/Calorify/dataset/pasta/533.jpg,533.jpg,pasta,.jpg,148.71,1200.0,1680.0,RGB,JPEG,True,
/content/drive/MyDrive/Calorify/dataset/pasta/534.jpg,534.jpg,pasta,.jpg,1895.62,4000.0,6000.0,RGB,JPEG,True,
/content/drive/MyDrive/Calorify/dataset/pasta/536.jpg,536.jpg,pasta,.jpg,93.81,626.0,626.0,RGB,JPEG,True,
/content/drive/MyDrive/Calorify/dataset/pasta/537.jpg,537.jpg,pasta,.jpg,35.54,626.0,417.0,RGB,JPEG,True,
/content/drive/MyDrive/Calorify/dataset/pasta/540.jpg,540.jpg,pasta,.jpg,115.67,980.0,980.0,RGB,JPEG,True,
/content/drive/MyDrive/Calorify/dataset/pasta/542.jpg,542.jpg,pasta,.jpg,135.57,694.0,807.0,RGB,WEBP,True,
/content/drive/MyDrive/Calorify/dataset/pasta/541.jpg,541.jpg,pasta,.jpg,449.99,3149.0,1960.0,RGB,JPEG,True,
/content/drive/MyDrive/Calorify/dataset/pasta/543.jpg,543.jpg,pasta,.jpg,77.39,1232.0,924.0,RGB,WEBP,True,
/content/drive/MyDrive/Calorify/dataset/pasta/546.jpg,546.jpg,pasta,.jpg,199.22,1600.0,1321.0,RGB,JPEG,True,
/content/drive/MyDrive/Calorify/dataset/pasta/548.jpg,548.jpg,pasta,.jpg,138.29,780.0,438.0,RGB,JPEG,True,
/content/drive/MyDrive/Calorify/dataset/pasta/549.jpg,549.jpg,pasta,.jpg,568.08,1600.0,898.0,RGB,JPEG,True,
/content/drive/MyDrive/Calorify/dataset/pasta/550.jpg,550.jpg,pasta,.jpg,159.63,1200.0,1200.0,RGB,JPEG,True,
/content/drive/MyDrive/Calorify/dataset/pasta/551.jpg,551.jpg,pasta,.jpg,189.94,1200.0,1803.0,RGB,JPEG,True,
/content/drive/MyDrive/Calorify/dataset/pasta/552.jpg,552.jpg,pasta,.jpg,772.65,4860.0,3240.0,RGB,JPEG,True,
/content/drive/MyDrive/Calorify/dataset/pasta/553.jpg,553.jpg,pasta,.jpg,1035.65,1000.0,667.0,RGBA,PNG,True,
/content/drive/MyDrive/Calorify/dataset/pasta/554.jpg,554.jpg,pasta,.jpg,263.11,1400.0,1750.0,RGB,JPEG,True,
/content/drive/MyDrive/Calorify/dataset/pasta/557.jpg,557.jpg,pasta,.jpg,68.45,1170.0,1500.0,RGB,JPEG,True,
/content/drive/MyDrive/Calorify/dataset/pasta/559.jpg,559.jpg,pasta,.jpg,66.83,1200.0,1200.0,RGB,JPEG,True,
/content/drive/MyDrive/Calorify/dataset/pasta/561.jpg,561.jpg,pasta,.jpg,1643.66,3840.0,5760.0,RGB,JPEG,True,
/content/drive/MyDrive/Calorify/dataset/pasta/563.jpg,563.jpg,pasta,.jpg,262.05,1080.0,1920.0,RGB,JPEG,True,
/content/drive/MyDrive/Calorify/dataset/pasta/564.jpg,564.jpg,pasta,.jpg,242.42,2512.0,1413.0,RGB,JPEG,True,
/content/drive/MyDrive/Calorify/dataset/pasta/568.jpg,568.jpg,pasta,.jpg,1319.18,1200.0,1200.0,RGB,JPEG,True,
/content/drive/MyDrive/Calorify/dataset/pasta/570.jpg,570.jpg,pasta,.jpg,51.71,626.0,417.0,RGB,JPEG,True,
/content/drive/MyDrive/Calorify/dataset/pasta/572.jpg,572.jpg,pasta,.jpg,100.38,1300.0,1073.0,RGB,JPEG,True,
/content/drive/MyDrive/Calorify/dataset/pasta/571.jpg,571.jpg,pasta,.jpg,50.2,800.0,600.0,RGB,JPEG,True,
/content/drive/MyDrive/Calorify/dataset/pasta/573.jpg,573.jpg,pasta,.jpg,129.18,999.0,1500.0,RGB,JPEG,True,
/content/drive/MyDrive/Calorify/dataset/pasta/574.jpg,574.jpg,pasta,.jpg,38.77,626.0,417.0,RGB,JPEG,True,
/content/drive/MyDrive/Calorify/dataset/pasta/575.jpg,575.jpg,pasta,.jpg,204.91,1300.0,956.0,RGB,JPEG,True,
/content/drive/MyDrive/Calorify/dataset/pasta/576.jpg,576.jpg,pasta,.jpg,162.83,1067.0,1690.0,RGB,JPEG,True,
/content/drive/MyDrive/Calorify/dataset/pasta/577.jpg,577.jpg,pasta,.jpg,160.21,996.0,664.0,RGB,JPEG,True,
/content/drive/MyDrive/Calorify/dataset/pasta/578.jpg,578.jpg,pasta,.jpg,134.6,1300.0,956.0,RGB,JPEG,True,
/content/drive/MyDrive/Calorify/dataset/pasta/579.jpg,579.jpg,pasta,.jpg,188.13,1300.0,956.0,RGB,JPEG,True,
/content/drive/MyDrive/Calorify/dataset/pasta/580.jpg,580.jpg,pasta,.jpg,123.4,1300.0,955.0,RGB,JPEG,True,
/content/drive/MyDrive/Calorify/dataset/pasta/581.jpg,581.jpg,pasta,.jpg,685.14,3000.0,2151.0,RGB,JPEG,True,
/content/drive/MyDrive/Calorify/dataset/pasta/582.jpg,582.jpg,pasta,.jpg,72.81,626.0,626.0,RGB,JPEG,True,
/content/drive/MyDrive/Calorify/dataset/pasta/583.jpg,583.jpg,pasta,.jpg,46.6,800.0,534.0,RGB,JPEG,True,
/content/drive/MyDrive/Calorify/dataset/pasta/584.jpg,584.jpg,pasta,.jpg,39.13,800.0,600.0,RGB,JPEG,True,
/content/drive/MyDrive/Calorify/dataset/pasta/585.jpg,585.jpg,pasta,.jpg,86.51,417.0,626.0,RGB,JPEG,True,
/content/drive/MyDrive/Calorify/dataset/pasta/586.jpg,586.jpg,pasta,.jpg,91.04,866.0,1390.0,RGB,JPEG,True,
/content/drive/MyDrive/Calorify/dataset/pasta/587.jpg,587.jpg,pasta,.jpg,98.93,1300.0,881.0,RGB,JPEG,True,
/content/drive/MyDrive/Calorify/dataset/pasta/588.jpg,588.jpg,pasta,.jpg,225.11,996.0,996.0,RGB,JPEG,True,
/content/drive/MyDrive/Calorify/dataset/pasta/589.jpg,589.jpg,pasta,.jpg,49.63,800.0,400.0,RGB,JPEG,True,
/content/drive/MyDrive/Calorify/dataset/pasta/590.jpg,590.jpg,pasta,.jpg,24.66,420.0,626.0,RGB,JPEG,True,
/content/drive/MyDrive/Calorify/dataset/pasta/591.jpg,591.jpg,pasta,.jpg,130.33,1300.0,955.0,RGB,JPEG,True,
/content/drive/MyDrive/Calorify/dataset/pasta/592.jpg,592.jpg,pasta,.jpg,74.64,626.0,417.0,RGB,JPEG,True,
/content/drive/MyDrive/Calorify/dataset/pasta/593.jpg,593.jpg,pasta,.jpg,38.85,626.0,417.0,RGB,JPEG,True,
/content/drive/MyDrive/Calorify/dataset/pasta/594.jpg,594.jpg,pasta,.jpg,17.58,500.0,750.0,RGB,JPEG,True,
/content/drive/MyDrive/Calorify/dataset/pasta/595.jpg,595.jpg,pasta,.jpg,56.05,600.0,900.0,RGB,JPEG,True,
/content/drive/MyDrive/Calorify/dataset/pasta/597.jpg,597.jpg,pasta,.jpg,64.04,800.0,530.0,RGB,JPEG,True,
/content/drive/MyDrive/Calorify/dataset/pasta/596.jpg,596.jpg,pasta,.jpg,675.93,6048.0,4024.0,RGB,JPEG,True,
/content/drive/MyDrive/Calorify/dataset/pasta/598.jpg,598.jpg,pasta,.jpg,1178.39,3024.0,4032.0,RGB,JPEG,True,
/content/drive/MyDrive/Calorify/dataset/pasta/599.jpg,599.jpg,pasta,.jpg,620.47,1500.0,1000.0,RGB,JPEG,True,
/content/drive/MyDrive/Calorify/dataset/pasta/600.jpg,600.jpg,pasta,.jpg,82.01,1000.0,667.0,RGB,JPEG,True,
/content/drive/MyDrive/Calorify/dataset/pasta/601.jpg,601.jpg,pasta,.jpg,1435.08,3024.0,3935.0,RGB,JPEG,True,
/content/drive/MyDrive/Calorify/dataset/pasta/602.jpg,602.jpg,pasta,.jpg,54.62,626.0,626.0,RGB,JPEG,True,
/content/drive/MyDrive/Calorify/dataset/pasta/603.jpg,603.jpg,pasta,.jpg,1991.68,4000.0,6016.0,RGB,JPEG,True,
/content/drive/MyDrive/Calorify/dataset/pasta/604.jpg,604.jpg,pasta,.jpg,157.42,2000.0,1130.0,RGB,JPEG,True,
/content/drive/MyDrive/Calorify/dataset/pasta/605.jpg,605.jpg,pasta,.jpg,298.17,1600.0,900.0,RGB,JPEG,True,
/content/drive/MyDrive/Calorify/dataset/pasta/606.jpg,606.jpg,pasta,.jpg,56.21,800.0,450.0,RGB,JPEG,True,
/content/drive/MyDrive/Calorify/dataset/pasta/607.jpg,607.jpg,pasta,.jpg,34.21,500.0,750.0,RGB,JPEG,True,
/content/drive/MyDrive/Calorify/dataset/pasta/608.jpg,608.jpg,pasta,.jpg,1895.62,4000.0,6000.0,RGB,JPEG,True,
/content/drive/MyDrive/Calorify/dataset/pasta/609.jpg,609.jpg,pasta,.jpg,29.67,800.0,533.0,RGB,JPEG,True,
/content/drive/MyDrive/Calorify/dataset/pasta/610.jpg,610.jpg,pasta,.jpg,35.54,626.0,417.0,RGB,JPEG,True,
/content/drive/MyDrive/Calorify/dataset/pasta/611.jpg,611.jpg,pasta,.jpg,60.07,626.0,417.0,RGB,JPEG,True,
/content/drive/MyDrive/Calorify/dataset/pasta/613.jpg,613.jpg,pasta,.jpg,23.49,600.0,400.0,RGB,WEBP,True,
/content/drive/MyDrive/Calorify/dataset/pasta/612.jpg,612.jpg,pasta,.jpg,92.23,1000.0,667.0,RGB,JPEG,True,
/content/drive/MyDrive/Calorify/dataset/pasta/615.jpg,615.jpg,pasta,.jpg,221.79,1500.0,1000.0,RGB,JPEG,True,
/content/drive/MyDrive/Calorify/dataset/pasta/616.jpg,616.jpg,pasta,.jpg,63.22,626.0,417.0,RGB,JPEG,True,
/content/drive/MyDrive/Calorify/dataset/pasta/617.jpg,617.jpg,pasta,.jpg,189.23,707.0,1000.0,RGB,JPEG,True,
/content/drive/MyDrive/Calorify/dataset/pasta/618.jpg,618.jpg,pasta,.jpg,1310.84,1920.0,1280.0,RGBA,PNG,True,
/content/drive/MyDrive/Calorify/dataset/pasta/620.jpg,620.jpg,pasta,.jpg,50.71,626.0,418.0,RGB,JPEG,True,
/content/drive/MyDrive/Calorify/dataset/pasta/621.jpg,621.jpg,pasta,.jpg,69.47,626.0,418.0,RGB,JPEG,True,
/content/drive/MyDrive/Calorify/dataset/pasta/622.jpg,622.jpg,pasta,.jpg,39.28,626.0,352.0,RGB,JPEG,True,
/content/drive/MyDrive/Calorify/dataset/pasta/623.jpg,623.jpg,pasta,.jpg,69.84,626.0,352.0,RGB,JPEG,True,
/content/drive/MyDrive/Calorify/dataset/pasta/624.jpg,624.jpg,pasta,.jpg,380.62,2000.0,1125.0,RGB,JPEG,True,
/content/drive/MyDrive/Calorify/dataset/pasta/625.jpg,625.jpg,pasta,.jpg,78.78,626.0,417.0,RGB,JPEG,True,
/content/drive/MyDrive/Calorify/dataset/pasta/626.jpg,626.jpg,pasta,.jpg,78.58,626.0,352.0,RGB,JPEG,True,
/content/drive/MyDrive/Calorify/dataset/pasta/627.jpg,627.jpg,pasta,.jpg,699.15,1600.0,898.0,RGB,JPEG,True,
/content/drive/MyDrive/Calorify/dataset/pasta/628.jpg,628.jpg,pasta,.jpg,527.93,2747.0,1819.0,RGB,JPEG,True,
/content/drive/MyDrive/Calorify/dataset/pasta/629.jpg,629.jpg,pasta,.jpg,58.69,626.0,418.0,RGB,JPEG,True,
/content/drive/MyDrive/Calorify/dataset/pasta/630.jpg,630.jpg,pasta,.jpg,52.99,626.0,418.0,RGB,JPEG,True,
/content/drive/MyDrive/Calorify/dataset/pasta/631.jpg,631.jpg,pasta,.jpg,391.09,2000.0,1334.0,RGB,JPEG,True,
/content/drive/MyDrive/Calorify/dataset/pasta/632.jpg,632.jpg,pasta,.jpg,77.85,626.0,352.0,RGB,JPEG,True,
/content/drive/MyDrive/Calorify/dataset/pasta/633.jpg,633.jpg,pasta,.jpg,514.43,1024.0,600.0,RGBA,PNG,True,
/content/drive/MyDrive/Calorify/dataset/pasta/634.jpg,634.jpg,pasta,.jpg,186.69,1380.0,920.0,RGB,JPEG,True,
/content/drive/MyDrive/Calorify/dataset/pasta/635.jpg,635.jpg,pasta,.jpg,65.09,626.0,418.0,RGB,JPEG,True,
/content/drive/MyDrive/Calorify/dataset/pasta/636.jpg,636.jpg,pasta,.jpg,60.93,626.0,417.0,RGB,JPEG,True,
/content/drive/MyDrive/Calorify/dataset/pasta/637.jpg,637.jpg,pasta,.jpg,1460.44,5184.0,3456.0,RGB,JPEG,True,
/content/drive/MyDrive/Calorify/dataset/pasta/639.jpg,639.jpg,pasta,.jpg,51.7,626.0,418.0,RGB,JPEG,True,
/content/drive/MyDrive/Calorify/dataset/pasta/640.jpg,640.jpg,pasta,.jpg,65.94,626.0,418.0,RGB,JPEG,True,
/content/drive/MyDrive/Calorify/dataset/pasta/641.jpg,641.jpg,pasta,.jpg,70.36,536.0,750.0,RGB,JPEG,True,
/content/drive/MyDrive/Calorify/dataset/pasta/644.jpg,644.jpg,pasta,.jpg,120.44,1287.0,1390.0,RGB,JPEG,True,
/content/drive/MyDrive/Calorify/dataset/pasta/646.jpg,646.jpg,pasta,.jpg,63.58,680.0,1020.0,RGB,JPEG,True,
/content/drive/MyDrive/Calorify/dataset/pasta/648.jpg,648.jpg,pasta,.jpg,72.57,704.0,1472.0,RGB,WEBP,True,
/content/drive/MyDrive/Calorify/dataset/pasta/649.jpg,649.jpg,pasta,.jpg,151.63,819.0,1024.0,RGB,JPEG,True,
/content/drive/MyDrive/Calorify/dataset/pasta/650.jpg,650.jpg,pasta,.jpg,64.74,1160.0,1551.0,RGB,JPEG,True,
/content/drive/MyDrive/Calorify/dataset/pasta/652.jpg,652.jpg,pasta,.jpg,60.32,1160.0,1412.0,RGB,JPEG,True,
/content/drive/MyDrive/Calorify/dataset/pasta/653.jpg,653.jpg,pasta,.jpg,129.6,1024.0,768.0,RGB,JPEG,True,
/content/drive/MyDrive/Calorify/dataset/pasta/655.jpg,655.jpg,pasta,.jpg,897.83,1512.0,2016.0,RGB,JPEG,True,
/content/drive/MyDrive/Calorify/dataset/pasta/656.jpg,656.jpg,pasta,.jpg,221.76,500.0,500.0,P,PNG,True,
/content/drive/MyDrive/Calorify/dataset/pasta/657.jpg,657.jpg,pasta,.jpg,51.7,1024.0,1005.0,RGB,JPEG,True,
/content/drive/MyDrive/Calorify/dataset/pasta/659.jpg,659.jpg,pasta,.jpg,151.23,1160.0,2320.0,RGB,JPEG,True,
/content/drive/MyDrive/Calorify/dataset/pasta/660.jpg,660.jpg,pasta,.jpg,100.21,1006.0,575.0,RGB,JPEG,True,
/content/drive/MyDrive/Calorify/dataset/pasta/661.jpg,661.jpg,pasta,.jpg,1054.78,828.0,727.0,RGB,JPEG,True,
/content/drive/MyDrive/Calorify/dataset/pasta/662.jpg,662.jpg,pasta,.jpg,277.67,1024.0,1024.0,RGB,WEBP,True,
/content/drive/MyDrive/Calorify/dataset/pasta/663.jpg,663.jpg,pasta,.jpg,83.24,960.0,640.0,RGB,JPEG,True,
/content/drive/MyDrive/Calorify/dataset/pasta/664.jpg,664.jpg,pasta,.jpg,144.76,900.0,961.0,RGB,JPEG,True,
/content/drive/MyDrive/Calorify/dataset/pasta/666.jpg,666.jpg,pasta,.jpg,379.04,716.0,1016.0,RGB,JPEG,True,
/content/drive/MyDrive/Calorify/dataset/pasta/667.jpg,667.jpg,pasta,.jpg,108.49,635.0,953.0,RGB,JPEG,True,
/content/drive/MyDrive/Calorify/dataset/pasta/670.jpg,670.jpg,pasta,.jpg,54.78,2000.0,1333.0,RGB,JPEG,True,
/content/drive/MyDrive/Calorify/dataset/pasta/671.jpg,671.jpg,pasta,.jpg,84.19,1600.0,1199.0,RGB,JPEG,True,
/content/drive/MyDrive/Calorify/dataset/pasta/672.jpg,672.jpg,pasta,.jpg,93.81,1300.0,953.0,RGB,JPEG,True,
/content/drive/MyDrive/Calorify/dataset/pasta/674.jpg,674.jpg,pasta,.jpg,41.81,800.0,450.0,RGB,JPEG,True,
/content/drive/MyDrive/Calorify/dataset/pasta/673.jpg,673.jpg,pasta,.jpg,36.38,800.0,534.0,RGB,JPEG,True,
/content/drive/MyDrive/Calorify/dataset/pasta/676.jpg,676.jpg,pasta,.jpg,317.66,1212.0,1390.0,RGB,JPEG,True,
/content/drive/MyDrive/Calorify/dataset/pasta/677.jpg,677.jpg,pasta,.jpg,47.64,800.0,534.0,RGB,JPEG,True,
/content/drive/MyDrive/Calorify/dataset/pasta/679.jpg,679.jpg,pasta,.jpg,160.97,1600.0,1152.0,RGB,JPEG,True,
/content/drive/MyDrive/Calorify/dataset/pasta/678.jpg,678.jpg,pasta,.jpg,35.91,800.0,532.0,RGB,JPEG,True,
/content/drive/MyDrive/Calorify/dataset/pasta/680.jpg,680.jpg,pasta,.jpg,86.02,1125.0,750.0,RGB,JPEG,True,
/content/drive/MyDrive/Calorify/dataset/pasta/681.jpg,681.jpg,pasta,.jpg,451.52,2000.0,1333.0,RGB,JPEG,True,
/content/drive/MyDrive/Calorify/dataset/pasta/683.jpg,683.jpg,pasta,.jpg,143.77,1300.0,956.0,RGB,JPEG,True,
/content/drive/MyDrive/Calorify/dataset/pasta/684.jpg,684.jpg,pasta,.jpg,110.19,1600.0,1157.0,RGB,JPEG,True,
/content/drive/MyDrive/Calorify/dataset/pasta/685.jpg,685.jpg,pasta,.jpg,223.32,1500.0,1269.0,RGB,JPEG,True,
/content/drive/MyDrive/Calorify/dataset/pasta/686.jpg,686.jpg,pasta,.jpg,209.23,1037.0,1390.0,RGB,JPEG,True,
/content/drive/MyDrive/Calorify/dataset/pasta/687.jpg,687.jpg,pasta,.jpg,54.63,800.0,534.0,RGB,JPEG,True,
/content/drive/MyDrive/Calorify/dataset/pasta/688.jpg,688.jpg,pasta,.jpg,103.73,1067.0,1690.0,RGB,JPEG,True,
/content/drive/MyDrive/Calorify/dataset/pasta/689.jpg,689.jpg,pasta,.jpg,74.31,1600.0,1157.0,RGB,JPEG,True,
/content/drive/MyDrive/Calorify/dataset/pasta/690.jpg,690.jpg,pasta,.jpg,69.15,996.0,498.0,RGB,JPEG,True,
/content/drive/MyDrive/Calorify/dataset/pasta/692.jpg,692.jpg,pasta,.jpg,203.91,1300.0,957.0,RGB,JPEG,True,
/content/drive/MyDrive/Calorify/dataset/pasta/691.jpg,691.jpg,pasta,.jpg,99.58,675.0,996.0,RGB,JPEG,True,
/content/drive/MyDrive/Calorify/dataset/pasta/693.jpg,693.jpg,pasta,.jpg,178.36,1600.0,1157.0,RGB,JPEG,True,
/content/drive/MyDrive/Calorify/dataset/pasta/694.jpg,694.jpg,pasta,.jpg,88.74,1600.0,1273.0,RGB,JPEG,True,
/content/drive/MyDrive/Calorify/dataset/pasta/695.jpg,695.jpg,pasta,.jpg,40.35,434.0,650.0,RGB,JPEG,True,
/content/drive/MyDrive/Calorify/dataset/pasta/696.jpg,696.jpg,pasta,.jpg,77.52,1000.0,750.0,RGB,JPEG,True,
/content/drive/MyDrive/Calorify/dataset/pasta/697.jpg,697.jpg,pasta,.jpg,82.83,1125.0,750.0,RGB,JPEG,True,
/content/drive/MyDrive/Calorify/dataset/pasta/698.jpg,698.jpg,pasta,.jpg,1721.61,5616.0,3744.0,RGB,JPEG,True,
/content/drive/MyDrive/Calorify/dataset/pasta/699.jpg,699.jpg,pasta,.jpg,1722.77,6000.0,4000.0,RGB,JPEG,True,
/content/drive/MyDrive/Calorify/dataset/pasta/700.jpg,700.jpg,pasta,.jpg,476.46,2530.0,2524.0,RGB,JPEG,True,
/content/drive/MyDrive/Calorify/dataset/pasta/701.jpg,701.jpg,pasta,.jpg,183.27,1100.0,733.0,RGB,JPEG,True,
/content/drive/MyDrive/Calorify/dataset/pasta/702.jpg,702.jpg,pasta,.jpg,1242.78,6000.0,4000.0,RGB,JPEG,True,
/content/drive/MyDrive/Calorify/dataset/pasta/703.jpg,703.jpg,pasta,.jpg,79.75,940.0,627.0,RGB,JPEG,True,
/content/drive/MyDrive/Calorify/dataset/pasta/705.jpg,705.jpg,pasta,.jpg,620.47,1500.0,1000.0,RGB,JPEG,True,
/content/drive/MyDrive/Calorify/dataset/pasta/706.jpg,706.jpg,pasta,.jpg,37.06,434.0,650.0,RGB,JPEG,True,
/content/drive/MyDrive/Calorify/dataset/pasta/707.jpg,707.jpg,pasta,.jpg,40.45,551.0,750.0,RGB,JPEG,True,
/content/drive/MyDrive/Calorify/dataset/pasta/708.jpg,708.jpg,pasta,.jpg,32.9,636.0,750.0,RGB,JPEG,True,
/content/drive/MyDrive/Calorify/dataset/pasta/709.jpg,709.jpg,pasta,.jpg,53.71,501.0,750.0,RGB,JPEG,True,
/content/drive/MyDrive/Calorify/dataset/pasta/710.jpg,710.jpg,pasta,.jpg,68.95,1200.0,1200.0,RGB,JPEG,True,
/content/drive/MyDrive/Calorify/dataset/pasta/712.jpg,712.jpg,pasta,.jpg,112.86,940.0,628.0,RGB,JPEG,True,
/content/drive/MyDrive/Calorify/dataset/pasta/711.jpg,711.jpg,pasta,.jpg,1026.98,4032.0,3024.0,RGB,JPEG,True,
/content/drive/MyDrive/Calorify/dataset/pasta/713.jpg,713.jpg,pasta,.jpg,111.57,1127.0,750.0,RGB,JPEG,True,
/content/drive/MyDrive/Calorify/dataset/pasta/714.jpg,714.jpg,pasta,.jpg,221.79,1500.0,1000.0,RGB,JPEG,True,
/content/drive/MyDrive/Calorify/dataset/pasta/715.jpg,715.jpg,pasta,.jpg,378.78,2340.0,2568.0,RGB,JPEG,True,
/content/drive/MyDrive/Calorify/dataset/pasta/716.jpg,716.jpg,pasta,.jpg,245.38,1200.0,1600.0,RGB,JPEG,True,
/content/drive/MyDrive/Calorify/dataset/pasta/717.jpg,717.jpg,pasta,.jpg,783.2,1500.0,1102.0,RGB,JPEG,True,
/content/drive/MyDrive/Calorify/dataset/pasta/718.jpg,718.jpg,pasta,.jpg,31.97,940.0,627.0,RGB,JPEG,True,
/content/drive/MyDrive/Calorify/dataset/pasta/719.jpg,719.jpg,pasta,.jpg,123.3,1125.0,750.0,RGB,JPEG,True,
/content/drive/MyDrive/Calorify/dataset/rice/142.jpg,142.jpg,rice,.jpg,72.45,626.0,351.0,RGB,JPEG,True,
/content/drive/MyDrive/Calorify/dataset/rice/1.jpg,1.jpg,rice,.jpg,84.44,650.0,975.0,RGB,JPEG,True,
/content/drive/MyDrive/Calorify/dataset/rice/106.jpg,106.jpg,rice,.jpg,143.47,1600.0,1153.0,RGB,JPEG,True,
/content/drive/MyDrive/Calorify/dataset/rice/122.jpg,122.jpg,rice,.jpg,264.8,2000.0,1000.0,RGB,JPEG,True,
/content/drive/MyDrive/Calorify/dataset/rice/109.jpg,109.jpg,rice,.jpg,75.93,626.0,417.0,RGB,JPEG,True,
/content/drive/MyDrive/Calorify/dataset/rice/138.jpg,138.jpg,rice,.jpg,250.45,2000.0,1121.0,RGB,JPEG,True,
/content/drive/MyDrive/Calorify/dataset/rice/135.jpg,135.jpg,rice,.jpg,82.07,992.0,556.0,RGB,JPEG,True,
/content/drive/MyDrive/Calorify/dataset/rice/113.jpg,113.jpg,rice,.jpg,65.89,626.0,417.0,RGB,JPEG,True,
/content/drive/MyDrive/Calorify/dataset/rice/134.jpg,134.jpg,rice,.jpg,36.05,800.0,533.0,RGB,JPEG,True,
/content/drive/MyDrive/Calorify/dataset/rice/100.jpg,100.jpg,rice,.jpg,67.88,626.0,417.0,RGB,JPEG,True,
/content/drive/MyDrive/Calorify/dataset/rice/141.jpg,141.jpg,rice,.jpg,117.08,626.0,626.0,RGB,JPEG,True,
/content/drive/MyDrive/Calorify/dataset/rice/140.jpg,140.jpg,rice,.jpg,23.53,800.0,814.0,RGB,JPEG,True,
/content/drive/MyDrive/Calorify/dataset/rice/0.jpg,0.jpg,rice,.jpg,103.12,1300.0,821.0,RGB,JPEG,True,
/content/drive/MyDrive/Calorify/dataset/rice/118.jpg,118.jpg,rice,.jpg,55.11,626.0,418.0,RGB,JPEG,True,
/content/drive/MyDrive/Calorify/dataset/rice/108.jpg,108.jpg,rice,.jpg,117.96,1300.0,956.0,RGB,JPEG,True,
/content/drive/MyDrive/Calorify/dataset/rice/107.jpg,107.jpg,rice,.jpg,64.1,626.0,417.0,RGB,JPEG,True,
/content/drive/MyDrive/Calorify/dataset/rice/12.jpg,12.jpg,rice,.jpg,608.06,1024.0,768.0,RGB,JPEG,True,
/content/drive/MyDrive/Calorify/dataset/rice/126.jpg,126.jpg,rice,.jpg,64.93,626.0,351.0,RGB,JPEG,True,
/content/drive/MyDrive/Calorify/dataset/rice/14.jpg,14.jpg,rice,.jpg,410.45,1300.0,1950.0,RGB,JPEG,True,
/content/drive/MyDrive/Calorify/dataset/rice/132.jpg,132.jpg,rice,.jpg,123.51,1000.0,667.0,RGB,JPEG,True,
/content/drive/MyDrive/Calorify/dataset/rice/131.jpg,131.jpg,rice,.jpg,33.27,800.0,735.0,RGB,JPEG,True,
/content/drive/MyDrive/Calorify/dataset/rice/13.jpg,13.jpg,rice,.jpg,251.22,1200.0,1200.0,RGB,JPEG,True,
/content/drive/MyDrive/Calorify/dataset/rice/137.jpg,137.jpg,rice,.jpg,269.83,2000.0,1334.0,RGB,JPEG,True,
/content/drive/MyDrive/Calorify/dataset/rice/115.jpg,115.jpg,rice,.jpg,87.45,678.0,900.0,RGB,JPEG,True,
/content/drive/MyDrive/Calorify/dataset/rice/139.jpg,139.jpg,rice,.jpg,422.16,1000.0,563.0,RGB,JPEG,True,
/content/drive/MyDrive/Calorify/dataset/rice/11.jpg,11.jpg,rice,.jpg,73.49,735.0,1103.0,RGB,JPEG,True,
/content/drive/MyDrive/Calorify/dataset/rice/147.jpg,147.jpg,rice,.jpg,362.33,2000.0,2000.0,RGB,JPEG,True,
/content/drive/MyDrive/Calorify/dataset/rice/192.jpg,192.jpg,rice,.jpg,67.95,1200.0,1800.0,RGB,JPEG,True,
/content/drive/MyDrive/Calorify/dataset/rice/149.jpg,149.jpg,rice,.jpg,26.03,800.0,534.0,RGB,JPEG,True,
/content/drive/MyDrive/Calorify/dataset/rice/166.jpg,166.jpg,rice,.jpg,101.83,1200.0,800.0,RGB,JPEG,True,
/content/drive/MyDrive/Calorify/dataset/rice/177.jpg,177.jpg,rice,.jpg,303.29,1600.0,1134.0,RGB,JPEG,True,
/content/drive/MyDrive/Calorify/dataset/rice/162.jpg,162.jpg,rice,.jpg,348.12,1920.0,1280.0,RGB,JPEG,True,
/content/drive/MyDrive/Calorify/dataset/rice/198.jpg,198.jpg,rice,.jpg,66.8,680.0,900.0,RGB,JPEG,True,
/content/drive/MyDrive/Calorify/dataset/rice/182.jpg,182.jpg,rice,.jpg,69.67,600.0,900.0,RGB,JPEG,True,
/content/drive/MyDrive/Calorify/dataset/rice/191.jpg,191.jpg,rice,.jpg,787.19,1707.0,2560.0,RGB,JPEG,True,
/content/drive/MyDrive/Calorify/dataset/rice/184.jpg,184.jpg,rice,.jpg,108.12,810.0,1080.0,RGB,JPEG,True,
/content/drive/MyDrive/Calorify/dataset/rice/144.jpg,144.jpg,rice,.jpg,53.42,1600.0,1157.0,RGB,JPEG,True,
/content/drive/MyDrive/Calorify/dataset/rice/189.jpg,189.jpg,rice,.jpg,113.46,670.0,1005.0,RGB,JPEG,True,
/content/drive/MyDrive/Calorify/dataset/rice/180.jpg,180.jpg,rice,.jpg,48.35,600.0,400.0,RGB,JPEG,True,
/content/drive/MyDrive/Calorify/dataset/rice/173.jpg,173.jpg,rice,.jpg,116.24,656.0,800.0,RGB,JPEG,True,
/content/drive/MyDrive/Calorify/dataset/rice/148.jpg,148.jpg,rice,.jpg,33.63,800.0,533.0,RGB,JPEG,True,
/content/drive/MyDrive/Calorify/dataset/rice/195.jpg,195.jpg,rice,.jpg,269.46,1024.0,1024.0,RGB,JPEG,True,
/content/drive/MyDrive/Calorify/dataset/rice/152.jpg,152.jpg,rice,.jpg,99.16,1920.0,1080.0,RGB,JPEG,True,
/content/drive/MyDrive/Calorify/dataset/rice/185.jpg,185.jpg,rice,.jpg,486.5,1707.0,2560.0,RGB,JPEG,True,
/content/drive/MyDrive/Calorify/dataset/rice/158.jpg,158.jpg,rice,.jpg,31.55,673.0,924.0,RGB,JPEG,True,
/content/drive/MyDrive/Calorify/dataset/rice/168.jpg,168.jpg,rice,.jpg,107.36,1200.0,1200.0,RGB,JPEG,True,
/content/drive/MyDrive/Calorify/dataset/rice/176.jpg,176.jpg,rice,.jpg,68.77,1000.0,1500.0,RGB,JPEG,True,
/content/drive/MyDrive/Calorify/dataset/rice/159.jpg,159.jpg,rice,.jpg,155.25,600.0,900.0,RGB,JPEG,True,
/content/drive/MyDrive/Calorify/dataset/rice/167.jpg,167.jpg,rice,.jpg,231.97,2500.0,1667.0,RGB,WEBP,True,
/content/drive/MyDrive/Calorify/dataset/rice/170.jpg,170.jpg,rice,.jpg,77.47,1372.0,2058.0,RGB,JPEG,True,
/content/drive/MyDrive/Calorify/dataset/rice/171.jpg,171.jpg,rice,.jpg,61.95,1024.0,637.0,RGB,JPEG,True,
/content/drive/MyDrive/Calorify/dataset/rice/15.jpg,15.jpg,rice,.jpg,80.55,1200.0,1200.0,RGB,JPEG,True,
/content/drive/MyDrive/Calorify/dataset/rice/155.jpg,155.jpg,rice,.jpg,72.43,1500.0,1000.0,RGB,JPEG,True,
/content/drive/MyDrive/Calorify/dataset/rice/172.jpg,172.jpg,rice,.jpg,114.85,1200.0,1200.0,RGB,JPEG,True,
/content/drive/MyDrive/Calorify/dataset/rice/181.jpg,181.jpg,rice,.jpg,288.67,1200.0,1800.0,RGB,JPEG,True,
/content/drive/MyDrive/Calorify/dataset/rice/196.jpg,196.jpg,rice,.jpg,87.37,600.0,900.0,RGB,JPEG,True,
/content/drive/MyDrive/Calorify/dataset/rice/197.jpg,197.jpg,rice,.jpg,144.96,1200.0,800.0,RGB,JPEG,True,
/content/drive/MyDrive/Calorify/dataset/rice/17.jpg,17.jpg,rice,.jpg,100.22,900.0,601.0,RGB,JPEG,True,
/content/drive/MyDrive/Calorify/dataset/rice/163.jpg,163.jpg,rice,.jpg,45.01,1372.0,915.0,RGB,JPEG,True,
/content/drive/MyDrive/Calorify/dataset/rice/151.jpg,151.jpg,rice,.jpg,300.99,1600.0,1200.0,RGB,JPEG,True,
/content/drive/MyDrive/Calorify/dataset/rice/18.jpg,18.jpg,rice,.jpg,76.86,800.0,661.0,RGB,JPEG,True,
/content/drive/MyDrive/Calorify/dataset/rice/153.jpg,153.jpg,rice,.jpg,134.19,1080.0,810.0,RGB,JPEG,True,
/content/drive/MyDrive/Calorify/dataset/rice/145.jpg,145.jpg,rice,.jpg,98.99,800.0,800.0,RGB,JPEG,True,
/content/drive/MyDrive/Calorify/dataset/rice/319.jpg,319.jpg,rice,.jpg,65.13,600.0,750.0,RGB,JPEG,True,
/content/drive/MyDrive/Calorify/dataset/rice/316.jpg,316.jpg,rice,.jpg,82.92,626.0,414.0,RGB,JPEG,True,
/content/drive/MyDrive/Calorify/dataset/rice/325.jpg,325.jpg,rice,.jpg,56.62,626.0,417.0,RGB,JPEG,True,
/content/drive/MyDrive/Calorify/dataset/rice/31.jpg,31.jpg,rice,.jpg,59.09,626.0,626.0,RGB,JPEG,True,
/content/drive/MyDrive/Calorify/dataset/rice/28.jpg,28.jpg,rice,.jpg,1204.63,1500.0,997.0,RGB,JPEG,True,
/content/drive/MyDrive/Calorify/dataset/rice/321.jpg,321.jpg,rice,.jpg,959.13,3112.0,2321.0,RGB,JPEG,True,
/content/drive/MyDrive/Calorify/dataset/rice/320.jpg,320.jpg,rice,.jpg,62.36,626.0,470.0,RGB,JPEG,True,
/content/drive/MyDrive/Calorify/dataset/rice/22.jpg,22.jpg,rice,.jpg,179.04,1600.0,1157.0,RGB,JPEG,True,
/content/drive/MyDrive/Calorify/dataset/rice/307.jpg,307.jpg,rice,.jpg,312.94,2000.0,1721.0,RGB,JPEG,True,
/content/drive/MyDrive/Calorify/dataset/rice/21.jpg,21.jpg,rice,.jpg,261.88,2000.0,1332.0,RGB,JPEG,True,
/content/drive/MyDrive/Calorify/dataset/rice/199.jpg,199.jpg,rice,.jpg,367.46,1200.0,1800.0,RGB,JPEG,True,
/content/drive/MyDrive/Calorify/dataset/rice/315.jpg,315.jpg,rice,.jpg,53.01,800.0,532.0,RGB,JPEG,True,
/content/drive/MyDrive/Calorify/dataset/rice/322.jpg,322.jpg,rice,.jpg,157.69,833.0,1390.0,RGB,JPEG,True,
/content/drive/MyDrive/Calorify/dataset/rice/2.jpg,2.jpg,rice,.jpg,65.05,645.0,645.0,RGB,JPEG,True,
/content/drive/MyDrive/Calorify/dataset/rice/312.jpg,312.jpg,rice,.jpg,192.33,1470.0,980.0,RGB,JPEG,True,
/content/drive/MyDrive/Calorify/dataset/rice/32.jpg,32.jpg,rice,.jpg,112.81,1300.0,953.0,RGB,JPEG,True,
/content/drive/MyDrive/Calorify/dataset/rice/314.jpg,314.jpg,rice,.jpg,34.06,626.0,570.0,RGB,JPEG,True,
/content/drive/MyDrive/Calorify/dataset/rice/27.jpg,27.jpg,rice,.jpg,64.34,626.0,626.0,RGB,JPEG,True,
/content/drive/MyDrive/Calorify/dataset/rice/313.jpg,313.jpg,rice,.jpg,55.74,626.0,626.0,RGB,JPEG,True,
/content/drive/MyDrive/Calorify/dataset/rice/310.jpg,310.jpg,rice,.jpg,108.61,1300.0,956.0,RGB,JPEG,True,
/content/drive/MyDrive/Calorify/dataset/rice/317.jpg,317.jpg,rice,.jpg,51.83,626.0,418.0,RGB,JPEG,True,
/content/drive/MyDrive/Calorify/dataset/rice/25.jpg,25.jpg,rice,.jpg,119.09,1067.0,1690.0,RGB,JPEG,True,
/content/drive/MyDrive/Calorify/dataset/rice/30.jpg,30.jpg,rice,.jpg,113.33,996.0,996.0,RGB,JPEG,True,
/content/drive/MyDrive/Calorify/dataset/rice/23.jpg,23.jpg,rice,.jpg,90.1,1200.0,1200.0,RGB,JPEG,True,
/content/drive/MyDrive/Calorify/dataset/rice/309.jpg,309.jpg,rice,.jpg,80.69,847.0,1390.0,RGB,JPEG,True,
/content/drive/MyDrive/Calorify/dataset/rice/311.jpg,311.jpg,rice,.jpg,60.27,626.0,417.0,RGB,JPEG,True,
/content/drive/MyDrive/Calorify/dataset/rice/308.jpg,308.jpg,rice,.jpg,69.79,1300.0,821.0,RGB,JPEG,True,
/content/drive/MyDrive/Calorify/dataset/rice/26.jpg,26.jpg,rice,.jpg,36.05,800.0,534.0,RGB,JPEG,True,
/content/drive/MyDrive/Calorify/dataset/rice/29.jpg,29.jpg,rice,.jpg,68.5,626.0,626.0,RGB,JPEG,True,
/content/drive/MyDrive/Calorify/dataset/rice/24.jpg,24.jpg,rice,.jpg,65.76,800.0,534.0,RGB,JPEG,True,
/content/drive/MyDrive/Calorify/dataset/rice/323.jpg,323.jpg,rice,.jpg,25.63,736.0,438.0,RGB,JPEG,True,
/content/drive/MyDrive/Calorify/dataset/rice/318.jpg,318.jpg,rice,.jpg,47.6,626.0,470.0,RGB,JPEG,True,
/content/drive/MyDrive/Calorify/dataset/rice/35.jpg,35.jpg,rice,.jpg,80.57,1000.0,527.0,RGB,JPEG,True,
/content/drive/MyDrive/Calorify/dataset/rice/346.jpg,346.jpg,rice,.jpg,306.35,2939.0,1960.0,RGB,JPEG,True,
/content/drive/MyDrive/Calorify/dataset/rice/339.jpg,339.jpg,rice,.jpg,116.42,1024.0,680.0,RGB,JPEG,True,
/content/drive/MyDrive/Calorify/dataset/rice/349.jpg,349.jpg,rice,.jpg,38.18,1000.0,667.0,RGB,JPEG,True,
/content/drive/MyDrive/Calorify/dataset/rice/333.jpg,333.jpg,rice,.jpg,40.22,1024.0,683.0,RGB,JPEG,True,
/content/drive/MyDrive/Calorify/dataset/rice/354.jpg,354.jpg,rice,.jpg,517.72,1500.0,1426.0,RGB,JPEG,True,
/content/drive/MyDrive/Calorify/dataset/rice/345.jpg,345.jpg,rice,.jpg,735.99,5262.0,3508.0,RGB,JPEG,True,
/content/drive/MyDrive/Calorify/dataset/rice/342.jpg,342.jpg,rice,.jpg,226.08,1500.0,1608.0,RGB,JPEG,True,
/content/drive/MyDrive/Calorify/dataset/rice/329.jpg,329.jpg,rice,.jpg,692.75,2465.0,2465.0,RGB,JPEG,True,
/content/drive/MyDrive/Calorify/dataset/rice/335.jpg,335.jpg,rice,.jpg,954.28,6016.0,4000.0,RGB,JPEG,True,
/content/drive/MyDrive/Calorify/dataset/rice/337.jpg,337.jpg,rice,.jpg,986.25,5184.0,3456.0,RGB,JPEG,True,
/content/drive/MyDrive/Calorify/dataset/rice/327.jpg,327.jpg,rice,.jpg,43.9,626.0,418.0,RGB,JPEG,True,
/content/drive/MyDrive/Calorify/dataset/rice/350.jpg,350.jpg,rice,.jpg,42.55,800.0,800.0,RGB,JPEG,True,
/content/drive/MyDrive/Calorify/dataset/rice/348.jpg,348.jpg,rice,.jpg,40.9,800.0,533.0,RGB,JPEG,True,
/content/drive/MyDrive/Calorify/dataset/rice/351.jpg,351.jpg,rice,.jpg,96.84,1470.0,980.0,RGB,JPEG,True,
/content/drive/MyDrive/Calorify/dataset/rice/334.jpg,334.jpg,rice,.jpg,195.05,700.0,1022.0,RGB,JPEG,True,
/content/drive/MyDrive/Calorify/dataset/rice/347.jpg,347.jpg,rice,.jpg,82.84,1300.0,957.0,RGB,JPEG,True,
/content/drive/MyDrive/Calorify/dataset/rice/336.jpg,336.jpg,rice,.jpg,195.53,1470.0,980.0,RGB,JPEG,True,
/content/drive/MyDrive/Calorify/dataset/rice/33.jpg,33.jpg,rice,.jpg,263.64,2000.0,2000.0,RGB,JPEG,True,
/content/drive/MyDrive/Calorify/dataset/rice/338.jpg,338.jpg,rice,.jpg,1374.76,5394.0,3350.0,RGB,JPEG,True,
/content/drive/MyDrive/Calorify/dataset/rice/352.jpg,352.jpg,rice,.jpg,99.06,1470.0,980.0,RGB,JPEG,True,
/content/drive/MyDrive/Calorify/dataset/rice/343.jpg,343.jpg,rice,.jpg,892.44,5184.0,3456.0,RGB,JPEG,True,
/content/drive/MyDrive/Calorify/dataset/rice/344.jpg,344.jpg,rice,.jpg,553.27,2939.0,1960.0,RGB,JPEG,True,
/content/drive/MyDrive/Calorify/dataset/rice/326.jpg,326.jpg,rice,.jpg,153.15,1067.0,1690.0,RGB,JPEG,True,
/content/drive/MyDrive/Calorify/dataset/rice/332.jpg,332.jpg,rice,.jpg,80.17,1200.0,627.0,RGB,JPEG,True,
/content/drive/MyDrive/Calorify/dataset/rice/340.jpg,340.jpg,rice,.jpg,110.45,1470.0,980.0,RGB,JPEG,True,
/content/drive/MyDrive/Calorify/dataset/rice/328.jpg,328.jpg,rice,.jpg,212.7,1456.0,2038.0,RGB,JPEG,True,
/content/drive/MyDrive/Calorify/dataset/rice/34.jpg,34.jpg,rice,.jpg,41.69,800.0,623.0,RGB,JPEG,True,
/content/drive/MyDrive/Calorify/dataset/rice/355.jpg,355.jpg,rice,.jpg,602.21,4000.0,3968.0,RGB,JPEG,True,
/content/drive/MyDrive/Calorify/dataset/rice/330.jpg,330.jpg,rice,.jpg,67.76,626.0,418.0,RGB,JPEG,True,
/content/drive/MyDrive/Calorify/dataset/rice/353.jpg,353.jpg,rice,.jpg,76.31,800.0,800.0,RGB,JPEG,True,
/content/drive/MyDrive/Calorify/dataset/rice/341.jpg,341.jpg,rice,.jpg,356.48,1000.0,738.0,RGB,JPEG,True,
/content/drive/MyDrive/Calorify/dataset/rice/40.jpg,40.jpg,rice,.jpg,177.46,2000.0,1333.0,RGB,JPEG,True,
/content/drive/MyDrive/Calorify/dataset/rice/375.jpg,375.jpg,rice,.jpg,62.0,800.0,600.0,RGB,JPEG,True,
/content/drive/MyDrive/Calorify/dataset/rice/38.jpg,38.jpg,rice,.jpg,33.71,600.0,900.0,RGB,JPEG,True,
/content/drive/MyDrive/Calorify/dataset/rice/363.jpg,363.jpg,rice,.jpg,90.66,800.0,800.0,RGB,JPEG,True,
/content/drive/MyDrive/Calorify/dataset/rice/405.jpg,405.jpg,rice,.jpg,60.04,626.0,351.0,RGB,JPEG,True,
/content/drive/MyDrive/Calorify/dataset/rice/356.jpg,356.jpg,rice,.jpg,47.76,800.0,533.0,RGB,JPEG,True,
/content/drive/MyDrive/Calorify/dataset/rice/396.jpg,396.jpg,rice,.jpg,468.29,1500.0,1600.0,RGB,JPEG,True,
/content/drive/MyDrive/Calorify/dataset/rice/386.jpg,386.jpg,rice,.jpg,84.81,1200.0,1798.0,RGB,JPEG,True,
/content/drive/MyDrive/Calorify/dataset/rice/381.jpg,381.jpg,rice,.jpg,35.8,800.0,533.0,RGB,JPEG,True,
/content/drive/MyDrive/Calorify/dataset/rice/357.jpg,357.jpg,rice,.jpg,94.0,1470.0,980.0,RGB,JPEG,True,
/content/drive/MyDrive/Calorify/dataset/rice/358.jpg,358.jpg,rice,.jpg,78.98,626.0,418.0,RGB,JPEG,True,
/content/drive/MyDrive/Calorify/dataset/rice/388.jpg,388.jpg,rice,.jpg,125.47,1300.0,1202.0,RGB,JPEG,True,
/content/drive/MyDrive/Calorify/dataset/rice/382.jpg,382.jpg,rice,.jpg,203.39,1200.0,1800.0,RGB,JPEG,True,
/content/drive/MyDrive/Calorify/dataset/rice/359.jpg,359.jpg,rice,.jpg,76.49,1200.0,1200.0,RGB,JPEG,True,
/content/drive/MyDrive/Calorify/dataset/rice/36.jpg,36.jpg,rice,.jpg,56.74,626.0,626.0,RGB,JPEG,True,
/content/drive/MyDrive/Calorify/dataset/rice/407.jpg,407.jpg,rice,.jpg,146.93,1200.0,1800.0,RGB,JPEG,True,
/content/drive/MyDrive/Calorify/dataset/rice/377.jpg,377.jpg,rice,.jpg,38.5,626.0,417.0,RGB,JPEG,True,
/content/drive/MyDrive/Calorify/dataset/rice/380.jpg,380.jpg,rice,.jpg,92.52,1300.0,890.0,RGB,JPEG,True,
/content/drive/MyDrive/Calorify/dataset/rice/376.jpg,376.jpg,rice,.jpg,1545.18,1500.0,1101.0,RGB,JPEG,True,
/content/drive/MyDrive/Calorify/dataset/rice/367.jpg,367.jpg,rice,.jpg,479.55,2500.0,2500.0,RGB,WEBP,True,
/content/drive/MyDrive/Calorify/dataset/rice/400.jpg,400.jpg,rice,.jpg,50.32,800.0,533.0,RGB,JPEG,True,
/content/drive/MyDrive/Calorify/dataset/rice/390.jpg,390.jpg,rice,.jpg,178.16,643.0,360.0,LA,PNG,True,
/content/drive/MyDrive/Calorify/dataset/rice/364.jpg,364.jpg,rice,.jpg,1629.0,1500.0,1101.0,RGB,JPEG,True,
/content/drive/MyDrive/Calorify/dataset/rice/383.jpg,383.jpg,rice,.jpg,47.43,800.0,600.0,RGB,JPEG,True,
/content/drive/MyDrive/Calorify/dataset/rice/39.jpg,39.jpg,rice,.jpg,71.54,626.0,626.0,RGB,JPEG,True,
/content/drive/MyDrive/Calorify/dataset/rice/41.jpg,41.jpg,rice,.jpg,112.15,1300.0,956.0,RGB,JPEG,True,
/content/drive/MyDrive/Calorify/dataset/rice/406.jpg,406.jpg,rice,.jpg,28.84,800.0,665.0,RGB,JPEG,True,
/content/drive/MyDrive/Calorify/dataset/rice/379.jpg,379.jpg,rice,.jpg,60.39,1348.0,980.0,RGB,JPEG,True,
/content/drive/MyDrive/Calorify/dataset/rice/410.jpg,410.jpg,rice,.jpg,209.28,1300.0,1950.0,RGB,JPEG,True,
/content/drive/MyDrive/Calorify/dataset/rice/404.jpg,404.jpg,rice,.jpg,638.66,2000.0,1121.0,RGB,JPEG,True,
/content/drive/MyDrive/Calorify/dataset/rice/365.jpg,365.jpg,rice,.jpg,31.65,1000.0,667.0,RGB,JPEG,True,
/content/drive/MyDrive/Calorify/dataset/rice/371.jpg,371.jpg,rice,.jpg,52.17,626.0,417.0,RGB,JPEG,True,
/content/drive/MyDrive/Calorify/dataset/rice/360.jpg,360.jpg,rice,.jpg,38.4,626.0,418.0,RGB,JPEG,True,
/content/drive/MyDrive/Calorify/dataset/rice/366.jpg,366.jpg,rice,.jpg,185.85,1600.0,1157.0,RGB,JPEG,True,
/content/drive/MyDrive/Calorify/dataset/rice/362.jpg,362.jpg,rice,.jpg,1525.93,6000.0,4000.0,RGB,JPEG,True,
/content/drive/MyDrive/Calorify/dataset/rice/408.jpg,408.jpg,rice,.jpg,93.71,626.0,470.0,RGB,JPEG,True,
/content/drive/MyDrive/Calorify/dataset/rice/370.jpg,370.jpg,rice,.jpg,10.41,626.0,430.0,RGB,JPEG,True,
/content/drive/MyDrive/Calorify/dataset/rice/426.jpg,426.jpg,rice,.jpg,142.41,650.0,975.0,RGB,JPEG,True,
/content/drive/MyDrive/Calorify/dataset/rice/421.jpg,421.jpg,rice,.jpg,60.13,626.0,417.0,RGB,JPEG,True,
/content/drive/MyDrive/Calorify/dataset/rice/43.jpg,43.jpg,rice,.jpg,72.73,1200.0,1800.0,RGB,JPEG,True,
/content/drive/MyDrive/Calorify/dataset/rice/417.jpg,417.jpg,rice,.jpg,177.69,1300.0,985.0,RGB,JPEG,True,
/content/drive/MyDrive/Calorify/dataset/rice/430.jpg,430.jpg,rice,.jpg,239.83,2000.0,1121.0,RGB,JPEG,True,
/content/drive/MyDrive/Calorify/dataset/rice/434.jpg,434.jpg,rice,.jpg,285.11,1500.0,1101.0,RGB,JPEG,True,
/content/drive/MyDrive/Calorify/dataset/rice/412.jpg,412.jpg,rice,.jpg,651.64,1500.0,1125.0,RGB,JPEG,True,
/content/drive/MyDrive/Calorify/dataset/rice/432.jpg,432.jpg,rice,.jpg,435.36,1456.0,2184.0,RGB,JPEG,True,
/content/drive/MyDrive/Calorify/dataset/rice/422.jpg,422.jpg,rice,.jpg,436.39,1280.0,1280.0,RGB,JPEG,True,
/content/drive/MyDrive/Calorify/dataset/rice/415.jpg,415.jpg,rice,.jpg,298.51,2000.0,2000.0,RGB,JPEG,True,
/content/drive/MyDrive/Calorify/dataset/rice/44.jpg,44.jpg,rice,.jpg,593.27,1200.0,1200.0,RGB,JPEG,True,
/content/drive/MyDrive/Calorify/dataset/rice/424.jpg,424.jpg,rice,.jpg,90.67,1000.0,667.0,RGB,JPEG,True,
/content/drive/MyDrive/Calorify/dataset/rice/431.jpg,431.jpg,rice,.jpg,108.85,736.0,980.0,RGB,JPEG,True,
/content/drive/MyDrive/Calorify/dataset/rice/435.jpg,435.jpg,rice,.jpg,187.5,1380.0,920.0,RGB,JPEG,True,
/content/drive/MyDrive/Calorify/dataset/rice/419.jpg,419.jpg,rice,.jpg,504.29,1000.0,668.0,RGB,JPEG,True,
/content/drive/MyDrive/Calorify/dataset/rice/418.jpg,418.jpg,rice,.jpg,135.17,1300.0,955.0,RGB,JPEG,True,
/content/drive/MyDrive/Calorify/dataset/rice/429.jpg,429.jpg,rice,.jpg,172.41,675.0,1200.0,RGB,JPEG,True,
/content/drive/MyDrive/Calorify/dataset/rice/411.jpg,411.jpg,rice,.jpg,204.05,1200.0,803.0,RGB,JPEG,True,
/content/drive/MyDrive/Calorify/dataset/rice/433.jpg,433.jpg,rice,.jpg,114.69,1600.0,987.0,RGB,JPEG,True,
/content/drive/MyDrive/Calorify/dataset/rice/427.jpg,427.jpg,rice,.jpg,327.27,1500.0,1000.0,RGB,JPEG,True,
/content/drive/MyDrive/Calorify/dataset/rice/413.jpg,413.jpg,rice,.jpg,271.51,1200.0,1800.0,RGB,JPEG,True,
/content/drive/MyDrive/Calorify/dataset/rice/423.jpg,423.jpg,rice,.jpg,70.95,1000.0,667.0,RGB,JPEG,True,
/content/drive/MyDrive/Calorify/dataset/rice/42.jpg,42.jpg,rice,.jpg,47.18,626.0,417.0,RGB,JPEG,True,
/content/drive/MyDrive/Calorify/dataset/rice/77.jpg,77.jpg,rice,.jpg,57.54,1200.0,1200.0,RGB,JPEG,True,
/content/drive/MyDrive/Calorify/dataset/rice/47.jpg,47.jpg,rice,.jpg,65.66,626.0,626.0,RGB,JPEG,True,
/content/drive/MyDrive/Calorify/dataset/rice/80.jpg,80.jpg,rice,.jpg,856.98,3024.0,3246.0,RGB,JPEG,True,
/content/drive/MyDrive/Calorify/dataset/rice/84.jpg,84.jpg,rice,.jpg,124.09,1200.0,800.0,RGB,JPEG,True,
/content/drive/MyDrive/Calorify/dataset/rice/464.jpg,464.jpg,rice,.jpg,567.51,1200.0,1600.0,RGB,JPEG,True,
/content/drive/MyDrive/Calorify/dataset/rice/91.jpg,91.jpg,rice,.jpg,132.73,1300.0,956.0,RGB,JPEG,True,
/content/drive/MyDrive/Calorify/dataset/rice/463.jpg,463.jpg,rice,.jpg,25.48,626.0,417.0,RGB,JPEG,True,
/content/drive/MyDrive/Calorify/dataset/rice/466.jpg,466.jpg,rice,.jpg,87.37,1000.0,606.0,RGB,JPEG,True,
/content/drive/MyDrive/Calorify/dataset/rice/45.jpg,45.jpg,rice,.jpg,221.43,1600.0,1643.0,RGB,JPEG,True,
/content/drive/MyDrive/Calorify/dataset/rice/82.jpg,82.jpg,rice,.jpg,317.38,2500.0,1875.0,RGB,WEBP,True,
/content/drive/MyDrive/Calorify/dataset/rice/8.jpg,8.jpg,rice,.jpg,778.19,800.0,1200.0,RGB,JPEG,True,
/content/drive/MyDrive/Calorify/dataset/rice/462.jpg,462.jpg,rice,.jpg,814.05,2500.0,3748.0,RGB,WEBP,True,
/content/drive/MyDrive/Calorify/dataset/rice/79.jpg,79.jpg,rice,.jpg,77.1,564.0,845.0,RGB,JPEG,True,
/content/drive/MyDrive/Calorify/dataset/rice/49.jpg,49.jpg,rice,.jpg,167.15,1300.0,1390.0,RGB,JPEG,True,
/content/drive/MyDrive/Calorify/dataset/rice/78.jpg,78.jpg,rice,.jpg,704.1,3744.0,5616.0,RGB,JPEG,True,
/content/drive/MyDrive/Calorify/dataset/rice/68.jpg,68.jpg,rice,.jpg,98.16,1200.0,1200.0,RGB,JPEG,True,
/content/drive/MyDrive/Calorify/dataset/rice/74.jpg,74.jpg,rice,.jpg,223.39,1024.0,1024.0,RGB,JPEG,True,
/content/drive/MyDrive/Calorify/dataset/rice/90.jpg,90.jpg,rice,.jpg,63.25,800.0,449.0,RGB,JPEG,True,
/content/drive/MyDrive/Calorify/dataset/rice/75.jpg,75.jpg,rice,.jpg,167.24,1500.0,1000.0,RGB,JPEG,True,
/content/drive/MyDrive/Calorify/dataset/rice/465.jpg,465.jpg,rice,.jpg,616.11,2000.0,1500.0,RGB,JPEG,True,
/content/drive/MyDrive/Calorify/dataset/rice/46.jpg,46.jpg,rice,.jpg,143.61,1193.0,1390.0,RGB,JPEG,True,
/content/drive/MyDrive/Calorify/dataset/rice/rice_113.jpg,rice_113.jpg,rice,.jpg,86.39,400.0,265.0,RGB,JPEG,True,
/content/drive/MyDrive/Calorify/dataset/rice/rice_115.jpg,rice_115.jpg,rice,.jpg,28.93,512.0,289.0,RGB,JPEG,True,
/content/drive/MyDrive/Calorify/dataset/rice/rice_133.jpg,rice_133.jpg,rice,.jpg,50.3,382.0,512.0,RGB,JPEG,True,
/content/drive/MyDrive/Calorify/dataset/rice/rice_141.jpg,rice_141.jpg,rice,.jpg,51.04,480.0,370.0,RGB,JPEG,True,
/content/drive/MyDrive/Calorify/dataset/rice/rice_136.jpg,rice_136.jpg,rice,.jpg,47.3,480.0,360.0,RGB,JPEG,True,
/content/drive/MyDrive/Calorify/dataset/rice/rice_122.jpg,rice_122.jpg,rice,.jpg,50.69,512.0,384.0,RGB,JPEG,True,
/content/drive/MyDrive/Calorify/dataset/rice/rice_125.jpg,rice_125.jpg,rice,.jpg,64.57,512.0,512.0,RGB,JPEG,True,
/content/drive/MyDrive/Calorify/dataset/rice/rice_139.jpg,rice_139.jpg,rice,.jpg,48.26,512.0,384.0,RGB,JPEG,True,
/content/drive/MyDrive/Calorify/dataset/rice/rice_120.jpg,rice_120.jpg,rice,.jpg,57.96,512.0,512.0,RGB,JPEG,True,
/content/drive/MyDrive/Calorify/dataset/rice/rice_119.jpg,rice_119.jpg,rice,.jpg,46.24,382.0,512.0,RGB,JPEG,True,
/content/drive/MyDrive/Calorify/dataset/rice/rice_127.jpg,rice_127.jpg,rice,.jpg,56.12,640.0,480.0,RGB,JPEG,True,
/content/drive/MyDrive/Calorify/dataset/rice/97.jpg,97.jpg,rice,.jpg,73.38,1080.0,1080.0,RGB,JPEG,True,
/content/drive/MyDrive/Calorify/dataset/rice/rice_117.jpg,rice_117.jpg,rice,.jpg,80.87,600.0,399.0,RGB,JPEG,True,
/content/drive/MyDrive/Calorify/dataset/rice/rice_143.jpg,rice_143.jpg,rice,.jpg,57.58,512.0,384.0,RGB,JPEG,True,
/content/drive/MyDrive/Calorify/dataset/rice/rice_118.jpg,rice_118.jpg,rice,.jpg,65.33,512.0,512.0,RGB,JPEG,True,
/content/drive/MyDrive/Calorify/dataset/rice/rice_142.jpg,rice_142.jpg,rice,.jpg,66.75,512.0,288.0,RGB,JPEG,True,
/content/drive/MyDrive/Calorify/dataset/rice/rice_134.jpg,rice_134.jpg,rice,.jpg,37.21,360.0,480.0,RGB,JPEG,True,
/content/drive/MyDrive/Calorify/dataset/rice/rice_124.jpg,rice_124.jpg,rice,.jpg,63.5,400.0,300.0,RGB,JPEG,True,
/content/drive/MyDrive/Calorify/dataset/rice/rice_144.jpg,rice_144.jpg,rice,.jpg,64.19,512.0,384.0,RGB,JPEG,True,
/content/drive/MyDrive/Calorify/dataset/rice/rice_111.jpg,rice_111.jpg,rice,.jpg,54.13,512.0,512.0,RGB,JPEG,True,
/content/drive/MyDrive/Calorify/dataset/rice/rice_128.jpg,rice_128.jpg,rice,.jpg,83.28,800.0,600.0,RGB,JPEG,True,
/content/drive/MyDrive/Calorify/dataset/rice/rice_116.jpg,rice_116.jpg,rice,.jpg,51.48,300.0,400.0,RGB,JPEG,True,
/content/drive/MyDrive/Calorify/dataset/rice/rice_138.jpg,rice_138.jpg,rice,.jpg,59.05,512.0,512.0,RGB,JPEG,True,
/content/drive/MyDrive/Calorify/dataset/rice/rice_131.jpg,rice_131.jpg,rice,.jpg,51.74,512.0,512.0,RGB,JPEG,True,
/content/drive/MyDrive/Calorify/dataset/rice/99.jpg,99.jpg,rice,.jpg,372.16,2560.0,1440.0,RGB,JPEG,True,
/content/drive/MyDrive/Calorify/dataset/rice/rice_121.jpg,rice_121.jpg,rice,.jpg,60.38,512.0,512.0,RGB,JPEG,True,
/content/drive/MyDrive/Calorify/dataset/rice/rice_145.jpg,rice_145.jpg,rice,.jpg,34.01,360.0,480.0,RGB,JPEG,True,
/content/drive/MyDrive/Calorify/dataset/rice/92.jpg,92.jpg,rice,.jpg,28.93,744.0,595.0,RGB,JPEG,True,
/content/drive/MyDrive/Calorify/dataset/rice/rice_140.jpg,rice_140.jpg,rice,.jpg,29.89,306.0,512.0,RGB,JPEG,True,
/content/drive/MyDrive/Calorify/dataset/rice/rice_108.jpg,rice_108.jpg,rice,.jpg,78.58,380.0,273.0,RGB,JPEG,True,
/content/drive/MyDrive/Calorify/dataset/rice/95.jpg,95.jpg,rice,.jpg,79.45,626.0,471.0,RGB,JPEG,True,
/content/drive/MyDrive/Calorify/dataset/rice/rice_130.jpg,rice_130.jpg,rice,.jpg,64.93,512.0,512.0,RGB,JPEG,True,
/content/drive/MyDrive/Calorify/dataset/rice/rice_129.jpg,rice_129.jpg,rice,.jpg,101.86,800.0,600.0,RGB,JPEG,True,
/content/drive/MyDrive/Calorify/dataset/rice/rice_123.jpg,rice_123.jpg,rice,.jpg,59.6,450.0,338.0,RGB,JPEG,True,
/content/drive/MyDrive/Calorify/dataset/rice/rice_137.jpg,rice_137.jpg,rice,.jpg,92.3,800.0,600.0,RGB,JPEG,True,
/content/drive/MyDrive/Calorify/dataset/rice/rice_110.jpg,rice_110.jpg,rice,.jpg,76.71,512.0,410.0,RGB,JPEG,True,
/content/drive/MyDrive/Calorify/dataset/rice/rice_132.jpg,rice_132.jpg,rice,.jpg,52.1,500.0,347.0,RGB,JPEG,True,
/content/drive/MyDrive/Calorify/dataset/rice/rice_112.jpg,rice_112.jpg,rice,.jpg,55.44,512.0,384.0,RGB,JPEG,True,
/content/drive/MyDrive/Calorify/dataset/rice/rice_114.jpg,rice_114.jpg,rice,.jpg,24.74,480.0,360.0,RGB,JPEG,True,
/content/drive/MyDrive/Calorify/dataset/rice/rice_126.jpg,rice_126.jpg,rice,.jpg,43.17,461.0,346.0,RGB,JPEG,True,
/content/drive/MyDrive/Calorify/dataset/rice/rice_109.jpg,rice_109.jpg,rice,.jpg,54.05,382.0,512.0,RGB,JPEG,True,
/content/drive/MyDrive/Calorify/dataset/rice/rice_135.jpg,rice_135.jpg,rice,.jpg,70.27,512.0,342.0,RGB,JPEG,True,
/content/drive/MyDrive/Calorify/dataset/rice/rice_172.jpg,rice_172.jpg,rice,.jpg,69.11,512.0,341.0,RGB,JPEG,True,
/content/drive/MyDrive/Calorify/dataset/rice/rice_173.jpg,rice_173.jpg,rice,.jpg,83.56,640.0,480.0,RGB,JPEG,True,
/content/drive/MyDrive/Calorify/dataset/rice/rice_168.jpg,rice_168.jpg,rice,.jpg,27.08,400.0,276.0,RGB,JPEG,True,
/content/drive/MyDrive/Calorify/dataset/rice/rice_171.jpg,rice_171.jpg,rice,.jpg,54.87,512.0,512.0,RGB,JPEG,True,
/content/drive/MyDrive/Calorify/dataset/rice/rice_164.jpg,rice_164.jpg,rice,.jpg,31.22,384.0,512.0,RGB,JPEG,True,
/content/drive/MyDrive/Calorify/dataset/rice/rice_148.jpg,rice_148.jpg,rice,.jpg,25.99,360.0,480.0,RGB,JPEG,True,
/content/drive/MyDrive/Calorify/dataset/rice/rice_166.jpg,rice_166.jpg,rice,.jpg,136.5,640.0,480.0,RGB,JPEG,True,
/content/drive/MyDrive/Calorify/dataset/rice/rice_177.jpg,rice_177.jpg,rice,.jpg,69.37,512.0,384.0,RGB,JPEG,True,
/content/drive/MyDrive/Calorify/dataset/rice/rice_146.jpg,rice_146.jpg,rice,.jpg,92.7,640.0,480.0,RGB,JPEG,True,
/content/drive/MyDrive/Calorify/dataset/rice/rice_185.jpg,rice_185.jpg,rice,.jpg,22.05,270.0,207.0,RGB,JPEG,True,
/content/drive/MyDrive/Calorify/dataset/rice/rice_161.jpg,rice_161.jpg,rice,.jpg,32.97,512.0,384.0,RGB,JPEG,True,
/content/drive/MyDrive/Calorify/dataset/rice/rice_165.jpg,rice_165.jpg,rice,.jpg,51.98,400.0,300.0,RGB,JPEG,True,
/content/drive/MyDrive/Calorify/dataset/rice/rice_167.jpg,rice_167.jpg,rice,.jpg,38.78,512.0,384.0,RGB,JPEG,True,
/content/drive/MyDrive/Calorify/dataset/rice/rice_156.jpg,rice_156.jpg,rice,.jpg,25.72,448.0,336.0,RGB,JPEG,True,
/content/drive/MyDrive/Calorify/dataset/rice/rice_180.jpg,rice_180.jpg,rice,.jpg,46.13,512.0,512.0,RGB,JPEG,True,
/content/drive/MyDrive/Calorify/dataset/rice/rice_189.jpg,rice_189.jpg,rice,.jpg,49.48,512.0,384.0,RGB,JPEG,True,
/content/drive/MyDrive/Calorify/dataset/rice/rice_154.jpg,rice_154.jpg,rice,.jpg,70.62,512.0,512.0,RGB,JPEG,True,
/content/drive/MyDrive/Calorify/dataset/rice/rice_158.jpg,rice_158.jpg,rice,.jpg,42.36,480.0,360.0,RGB,JPEG,True,
/content/drive/MyDrive/Calorify/dataset/rice/rice_190.jpg,rice_190.jpg,rice,.jpg,59.65,512.0,512.0,RGB,JPEG,True,
/content/drive/MyDrive/Calorify/dataset/rice/rice_151.jpg,rice_151.jpg,rice,.jpg,27.72,512.0,287.0,RGB,JPEG,True,
/content/drive/MyDrive/Calorify/dataset/rice/rice_150.jpg,rice_150.jpg,rice,.jpg,27.5,480.0,360.0,RGB,JPEG,True,
/content/drive/MyDrive/Calorify/dataset/rice/rice_163.jpg,rice_163.jpg,rice,.jpg,43.55,480.0,360.0,RGB,JPEG,True,
/content/drive/MyDrive/Calorify/dataset/rice/rice_170.jpg,rice_170.jpg,rice,.jpg,90.98,512.0,342.0,RGB,JPEG,True,
/content/drive/MyDrive/Calorify/dataset/rice/rice_176.jpg,rice_176.jpg,rice,.jpg,56.17,512.0,512.0,RGB,JPEG,True,
/content/drive/MyDrive/Calorify/dataset/rice/rice_178.jpg,rice_178.jpg,rice,.jpg,94.8,800.0,600.0,RGB,JPEG,True,
/content/drive/MyDrive/Calorify/dataset/rice/rice_162.jpg,rice_162.jpg,rice,.jpg,31.28,480.0,360.0,RGB,JPEG,True,
/content/drive/MyDrive/Calorify/dataset/rice/rice_184.jpg,rice_184.jpg,rice,.jpg,87.42,400.0,300.0,RGB,JPEG,True,
/content/drive/MyDrive/Calorify/dataset/rice/rice_155.jpg,rice_155.jpg,rice,.jpg,34.94,400.0,300.0,RGB,JPEG,True,
/content/drive/MyDrive/Calorify/dataset/rice/rice_188.jpg,rice_188.jpg,rice,.jpg,75.73,512.0,512.0,RGB,JPEG,True,
/content/drive/MyDrive/Calorify/dataset/rice/rice_179.jpg,rice_179.jpg,rice,.jpg,21.98,480.0,360.0,RGB,JPEG,True,
/content/drive/MyDrive/Calorify/dataset/rice/rice_169.jpg,rice_169.jpg,rice,.jpg,104.16,512.0,384.0,RGB,JPEG,True,
/content/drive/MyDrive/Calorify/dataset/rice/rice_149.jpg,rice_149.jpg,rice,.jpg,77.48,512.0,342.0,RGB,JPEG,True,
/content/drive/MyDrive/Calorify/dataset/rice/rice_186.jpg,rice_186.jpg,rice,.jpg,41.51,384.0,512.0,RGB,JPEG,True,
/content/drive/MyDrive/Calorify/dataset/rice/rice_160.jpg,rice_160.jpg,rice,.jpg,44.98,382.0,512.0,RGB,JPEG,True,
/content/drive/MyDrive/Calorify/dataset/rice/rice_174.jpg,rice_174.jpg,rice,.jpg,41.65,512.0,384.0,RGB,JPEG,True,
/content/drive/MyDrive/Calorify/dataset/rice/rice_175.jpg,rice_175.jpg,rice,.jpg,79.07,512.0,512.0,RGB,JPEG,True,
/content/drive/MyDrive/Calorify/dataset/rice/rice_181.jpg,rice_181.jpg,rice,.jpg,37.12,512.0,512.0,RGB,JPEG,True,
/content/drive/MyDrive/Calorify/dataset/rice/rice_147.jpg,rice_147.jpg,rice,.jpg,57.5,512.0,342.0,RGB,JPEG,True,
/content/drive/MyDrive/Calorify/dataset/rice/rice_187.jpg,rice_187.jpg,rice,.jpg,44.23,512.0,512.0,RGB,JPEG,True,
/content/drive/MyDrive/Calorify/dataset/rice/rice_182.jpg,rice_182.jpg,rice,.jpg,40.99,512.0,384.0,RGB,JPEG,True,
/content/drive/MyDrive/Calorify/dataset/rice/rice_183.jpg,rice_183.jpg,rice,.jpg,18.52,480.0,360.0,RGB,JPEG,True,
/content/drive/MyDrive/Calorify/dataset/rice/rice_153.jpg,rice_153.jpg,rice,.jpg,32.59,512.0,382.0,RGB,JPEG,True,
/content/drive/MyDrive/Calorify/dataset/rice/rice_159.jpg,rice_159.jpg,rice,.jpg,26.5,400.0,300.0,RGB,JPEG,True,
/content/drive/MyDrive/Calorify/dataset/rice/rice_152.jpg,rice_152.jpg,rice,.jpg,49.56,382.0,512.0,RGB,JPEG,True,
/content/drive/MyDrive/Calorify/dataset/rice/rice_157.jpg,rice_157.jpg,rice,.jpg,29.91,352.0,288.0,RGB,JPEG,True,
/content/drive/MyDrive/Calorify/dataset/rice/rice_228.jpg,rice_228.jpg,rice,.jpg,162.68,738.0,490.0,RGB,JPEG,True,
/content/drive/MyDrive/Calorify/dataset/rice/rice_194.jpg,rice_194.jpg,rice,.jpg,60.45,450.0,338.0,RGB,JPEG,True,
/content/drive/MyDrive/Calorify/dataset/rice/rice_208.jpg,rice_208.jpg,rice,.jpg,96.07,800.0,600.0,RGB,JPEG,True,
/content/drive/MyDrive/Calorify/dataset/rice/rice_230.jpg,rice_230.jpg,rice,.jpg,16.83,480.0,360.0,RGB,JPEG,True,
/content/drive/MyDrive/Calorify/dataset/rice/rice_197.jpg,rice_197.jpg,rice,.jpg,64.55,512.0,509.0,RGB,JPEG,True,
/content/drive/MyDrive/Calorify/dataset/rice/rice_211.jpg,rice_211.jpg,rice,.jpg,151.12,640.0,480.0,RGB,JPEG,True,
/content/drive/MyDrive/Calorify/dataset/rice/rice_203.jpg,rice_203.jpg,rice,.jpg,49.1,512.0,512.0,RGB,JPEG,True,
/content/drive/MyDrive/Calorify/dataset/rice/rice_232.jpg,rice_232.jpg,rice,.jpg,35.77,512.0,384.0,RGB,JPEG,True,
/content/drive/MyDrive/Calorify/dataset/rice/rice_209.jpg,rice_209.jpg,rice,.jpg,135.2,640.0,480.0,RGB,JPEG,True,
/content/drive/MyDrive/Calorify/dataset/rice/rice_231.jpg,rice_231.jpg,rice,.jpg,55.34,512.0,512.0,RGB,JPEG,True,
/content/drive/MyDrive/Calorify/dataset/rice/rice_200.jpg,rice_200.jpg,rice,.jpg,105.81,640.0,480.0,RGB,JPEG,True,
/content/drive/MyDrive/Calorify/dataset/rice/rice_215.jpg,rice_215.jpg,rice,.jpg,27.87,400.0,300.0,RGB,JPEG,True,
/content/drive/MyDrive/Calorify/dataset/rice/rice_207.jpg,rice_207.jpg,rice,.jpg,49.49,512.0,343.0,RGB,JPEG,True,
/content/drive/MyDrive/Calorify/dataset/rice/rice_221.jpg,rice_221.jpg,rice,.jpg,75.36,512.0,512.0,RGB,JPEG,True,
/content/drive/MyDrive/Calorify/dataset/rice/rice_226.jpg,rice_226.jpg,rice,.jpg,18.31,480.0,360.0,RGB,JPEG,True,
/content/drive/MyDrive/Calorify/dataset/rice/rice_199.jpg,rice_199.jpg,rice,.jpg,59.65,512.0,384.0,RGB,JPEG,True,
/content/drive/MyDrive/Calorify/dataset/rice/rice_220.jpg,rice_220.jpg,rice,.jpg,67.47,512.0,512.0,RGB,JPEG,True,
/content/drive/MyDrive/Calorify/dataset/rice/rice_223.jpg,rice_223.jpg,rice,.jpg,157.79,800.0,600.0,RGB,JPEG,True,
/content/drive/MyDrive/Calorify/dataset/rice/rice_227.jpg,rice_227.jpg,rice,.jpg,79.61,512.0,384.0,RGB,JPEG,True,
/content/drive/MyDrive/Calorify/dataset/rice/rice_195.jpg,rice_195.jpg,rice,.jpg,164.0,448.0,336.0,RGB,JPEG,True,
/content/drive/MyDrive/Calorify/dataset/rice/rice_210.jpg,rice_210.jpg,rice,.jpg,71.42,512.0,512.0,RGB,JPEG,True,
/content/drive/MyDrive/Calorify/dataset/rice/rice_202.jpg,rice_202.jpg,rice,.jpg,38.86,400.0,300.0,RGB,JPEG,True,
/content/drive/MyDrive/Calorify/dataset/rice/rice_216.jpg,rice_216.jpg,rice,.jpg,55.85,382.0,512.0,RGB,JPEG,True,
/content/drive/MyDrive/Calorify/dataset/rice/rice_204.jpg,rice_204.jpg,rice,.jpg,66.13,512.0,384.0,RGB,JPEG,True,
/content/drive/MyDrive/Calorify/dataset/rice/rice_217.jpg,rice_217.jpg,rice,.jpg,83.79,512.0,384.0,RGB,JPEG,True,
/content/drive/MyDrive/Calorify/dataset/rice/rice_191.jpg,rice_191.jpg,rice,.jpg,49.38,512.0,382.0,RGB,JPEG,True,
/content/drive/MyDrive/Calorify/dataset/rice/rice_192.jpg,rice_192.jpg,rice,.jpg,61.14,512.0,384.0,RGB,JPEG,True,
/content/drive/MyDrive/Calorify/dataset/rice/rice_224.jpg,rice_224.jpg,rice,.jpg,22.83,512.0,306.0,RGB,JPEG,True,
/content/drive/MyDrive/Calorify/dataset/rice/rice_229.jpg,rice_229.jpg,rice,.jpg,104.57,600.0,502.0,RGB,JPEG,True,
/content/drive/MyDrive/Calorify/dataset/rice/rice_233.jpg,rice_233.jpg,rice,.jpg,57.42,512.0,512.0,RGB,JPEG,True,
/content/drive/MyDrive/Calorify/dataset/rice/rice_193.jpg,rice_193.jpg,rice,.jpg,58.38,512.0,512.0,RGB,JPEG,True,
/content/drive/MyDrive/Calorify/dataset/rice/rice_196.jpg,rice_196.jpg,rice,.jpg,49.47,512.0,382.0,RGB,JPEG,True,
/content/drive/MyDrive/Calorify/dataset/rice/rice_225.jpg,rice_225.jpg,rice,.jpg,62.25,512.0,512.0,RGB,JPEG,True,
/content/drive/MyDrive/Calorify/dataset/rice/rice_213.jpg,rice_213.jpg,rice,.jpg,127.7,500.0,375.0,RGB,JPEG,True,
/content/drive/MyDrive/Calorify/dataset/rice/rice_198.jpg,rice_198.jpg,rice,.jpg,105.96,800.0,600.0,RGB,JPEG,True,
/content/drive/MyDrive/Calorify/dataset/rice/rice_205.jpg,rice_205.jpg,rice,.jpg,131.64,500.0,375.0,RGB,JPEG,True,
/content/drive/MyDrive/Calorify/dataset/rice/rice_218.jpg,rice_218.jpg,rice,.jpg,38.98,512.0,382.0,RGB,JPEG,True,
/content/drive/MyDrive/Calorify/dataset/rice/rice_206.jpg,rice_206.jpg,rice,.jpg,47.35,512.0,512.0,RGB,JPEG,True,
/content/drive/MyDrive/Calorify/dataset/rice/rice_219.jpg,rice_219.jpg,rice,.jpg,46.44,512.0,384.0,RGB,JPEG,True,
/content/drive/MyDrive/Calorify/dataset/rice/rice_212.jpg,rice_212.jpg,rice,.jpg,94.56,800.0,600.0,RGB,JPEG,True,
/content/drive/MyDrive/Calorify/dataset/rice/rice_214.jpg,rice_214.jpg,rice,.jpg,51.67,512.0,512.0,RGB,JPEG,True,
/content/drive/MyDrive/Calorify/dataset/rice/rice_201.jpg,rice_201.jpg,rice,.jpg,115.57,512.0,512.0,RGB,JPEG,True,
/content/drive/MyDrive/Calorify/dataset/rice/rice_222.jpg,rice_222.jpg,rice,.jpg,54.29,640.0,480.0,RGB,JPEG,True,
/content/drive/MyDrive/Calorify/dataset/rice/rice_261.jpg,rice_261.jpg,rice,.jpg,46.69,512.0,384.0,RGB,JPEG,True,
/content/drive/MyDrive/Calorify/dataset/rice/rice_238.jpg,rice_238.jpg,rice,.jpg,43.57,512.0,384.0,RGB,JPEG,True,
/content/drive/MyDrive/Calorify/dataset/rice/rice_250.jpg,rice_250.jpg,rice,.jpg,54.71,512.0,512.0,RGB,JPEG,True,
/content/drive/MyDrive/Calorify/dataset/rice/rice_236.jpg,rice_236.jpg,rice,.jpg,85.71,512.0,384.0,RGB,JPEG,True,
/content/drive/MyDrive/Calorify/dataset/rice/rice_243.jpg,rice_243.jpg,rice,.jpg,41.4,512.0,384.0,RGB,JPEG,True,
/content/drive/MyDrive/Calorify/dataset/rice/rice_253.jpg,rice_253.jpg,rice,.jpg,47.54,512.0,512.0,RGB,JPEG,True,
/content/drive/MyDrive/Calorify/dataset/rice/rice_259.jpg,rice_259.jpg,rice,.jpg,23.99,450.0,372.0,RGB,JPEG,True,
/content/drive/MyDrive/Calorify/dataset/rice/rice_247.jpg,rice_247.jpg,rice,.jpg,70.88,512.0,462.0,RGB,JPEG,True,
/content/drive/MyDrive/Calorify/dataset/rice/rice_271.jpg,rice_271.jpg,rice,.jpg,84.13,600.0,450.0,RGB,JPEG,True,
/content/drive/MyDrive/Calorify/dataset/rice/rice_240.jpg,rice_240.jpg,rice,.jpg,24.93,512.0,306.0,RGB,JPEG,True,
/content/drive/MyDrive/Calorify/dataset/rice/rice_249.jpg,rice_249.jpg,rice,.jpg,56.74,512.0,512.0,RGB,JPEG,True,
/content/drive/MyDrive/Calorify/dataset/rice/rice_269.jpg,rice_269.jpg,rice,.jpg,100.54,512.0,384.0,RGB,JPEG,True,
/content/drive/MyDrive/Calorify/dataset/rice/rice_266.jpg,rice_266.jpg,rice,.jpg,140.67,480.0,640.0,RGB,JPEG,True,
/content/drive/MyDrive/Calorify/dataset/rice/rice_245.jpg,rice_245.jpg,rice,.jpg,81.57,800.0,600.0,RGB,JPEG,True,
/content/drive/MyDrive/Calorify/dataset/rice/rice_244.jpg,rice_244.jpg,rice,.jpg,47.01,512.0,382.0,RGB,JPEG,True,
/content/drive/MyDrive/Calorify/dataset/rice/rice_246.jpg,rice_246.jpg,rice,.jpg,53.84,512.0,512.0,RGB,JPEG,True,
/content/drive/MyDrive/Calorify/dataset/rice/rice_268.jpg,rice_268.jpg,rice,.jpg,44.87,382.0,512.0,RGB,JPEG,True,
/content/drive/MyDrive/Calorify/dataset/rice/rice_263.jpg,rice_263.jpg,rice,.jpg,32.47,400.0,300.0,RGB,JPEG,True,
/content/drive/MyDrive/Calorify/dataset/rice/rice_251.jpg,rice_251.jpg,rice,.jpg,39.21,511.0,340.0,RGB,JPEG,True,
/content/drive/MyDrive/Calorify/dataset/rice/rice_258.jpg,rice_258.jpg,rice,.jpg,70.81,512.0,512.0,RGB,JPEG,True,
/content/drive/MyDrive/Calorify/dataset/rice/rice_248.jpg,rice_248.jpg,rice,.jpg,53.98,512.0,512.0,RGB,JPEG,True,
/content/drive/MyDrive/Calorify/dataset/rice/rice_260.jpg,rice_260.jpg,rice,.jpg,46.48,384.0,512.0,RGB,JPEG,True,
/content/drive/MyDrive/Calorify/dataset/rice/rice_264.jpg,rice_264.jpg,rice,.jpg,71.25,512.0,512.0,RGB,JPEG,True,
/content/drive/MyDrive/Calorify/dataset/rice/rice_235.jpg,rice_235.jpg,rice,.jpg,275.9,580.0,435.0,RGB,JPEG,True,
/content/drive/MyDrive/Calorify/dataset/rice/rice_270.jpg,rice_270.jpg,rice,.jpg,38.55,640.0,480.0,RGB,JPEG,True,
/content/drive/MyDrive/Calorify/dataset/rice/rice_265.jpg,rice_265.jpg,rice,.jpg,40.41,511.0,512.0,RGB,JPEG,True,
/content/drive/MyDrive/Calorify/dataset/rice/rice_256.jpg,rice_256.jpg,rice,.jpg,64.69,512.0,384.0,RGB,JPEG,True,
/content/drive/MyDrive/Calorify/dataset/rice/rice_237.jpg,rice_237.jpg,rice,.jpg,43.02,512.0,384.0,RGB,JPEG,True,
/content/drive/MyDrive/Calorify/dataset/rice/rice_272.jpg,rice_272.jpg,rice,.jpg,21.36,480.0,360.0,RGB,JPEG,True,
/content/drive/MyDrive/Calorify/dataset/rice/rice_255.jpg,rice_255.jpg,rice,.jpg,28.09,320.0,240.0,RGB,JPEG,True,
/content/drive/MyDrive/Calorify/dataset/rice/rice_241.jpg,rice_241.jpg,rice,.jpg,92.29,640.0,480.0,RGB,JPEG,True,
/content/drive/MyDrive/Calorify/dataset/rice/rice_267.jpg,rice_267.jpg,rice,.jpg,110.36,512.0,512.0,RGB,JPEG,True,
/content/drive/MyDrive/Calorify/dataset/rice/rice_242.jpg,rice_242.jpg,rice,.jpg,57.43,512.0,512.0,RGB,JPEG,True,
/content/drive/MyDrive/Calorify/dataset/rice/rice_262.jpg,rice_262.jpg,rice,.jpg,19.08,450.0,338.0,RGB,JPEG,True,
/content/drive/MyDrive/Calorify/dataset/rice/rice_257.jpg,rice_257.jpg,rice,.jpg,134.91,500.0,375.0,RGB,JPEG,True,
/content/drive/MyDrive/Calorify/dataset/rice/rice_239.jpg,rice_239.jpg,rice,.jpg,55.42,512.0,384.0,RGB,JPEG,True,
/content/drive/MyDrive/Calorify/dataset/rice/rice_273.jpg,rice_273.jpg,rice,.jpg,43.08,512.0,512.0,RGB,JPEG,True,
/content/drive/MyDrive/Calorify/dataset/rice/rice_252.jpg,rice_252.jpg,rice,.jpg,51.42,384.0,512.0,RGB,JPEG,True,
/content/drive/MyDrive/Calorify/dataset/rice/rice_254.jpg,rice_254.jpg,rice,.jpg,70.29,512.0,384.0,RGB,JPEG,True,
/content/drive/MyDrive/Calorify/dataset/rice/rice_294.jpg,rice_294.jpg,rice,.jpg,34.8,512.0,382.0,RGB,JPEG,True,
/content/drive/MyDrive/Calorify/dataset/rice/rice_286.jpg,rice_286.jpg,rice,.jpg,51.17,512.0,512.0,RGB,JPEG,True,
/content/drive/MyDrive/Calorify/dataset/rice/rice_295.jpg,rice_295.jpg,rice,.jpg,74.9,512.0,512.0,RGB,JPEG,True,
/content/drive/MyDrive/Calorify/dataset/rice/rice_289.jpg,rice_289.jpg,rice,.jpg,93.64,480.0,800.0,RGB,JPEG,True,
/content/drive/MyDrive/Calorify/dataset/rice/rice_304.jpg,rice_304.jpg,rice,.jpg,60.22,512.0,512.0,RGB,JPEG,True,
/content/drive/MyDrive/Calorify/dataset/rice/rice_302.jpg,rice_302.jpg,rice,.jpg,24.5,480.0,360.0,RGB,JPEG,True,
/content/drive/MyDrive/Calorify/dataset/rice/rice_303.jpg,rice_303.jpg,rice,.jpg,58.2,512.0,384.0,RGB,JPEG,True,
/content/drive/MyDrive/Calorify/dataset/rice/rice_298.jpg,rice_298.jpg,rice,.jpg,16.23,400.0,300.0,RGB,JPEG,True,
/content/drive/MyDrive/Calorify/dataset/rice/rice_283.jpg,rice_283.jpg,rice,.jpg,39.19,512.0,384.0,RGB,JPEG,True,
/content/drive/MyDrive/Calorify/dataset/rice/rice_299.jpg,rice_299.jpg,rice,.jpg,45.9,382.0,512.0,RGB,JPEG,True,
/content/drive/MyDrive/Calorify/dataset/rice/rice_305.jpg,rice_305.jpg,rice,.jpg,55.39,512.0,382.0,RGB,JPEG,True,
/content/drive/MyDrive/Calorify/dataset/rice/rice_287.jpg,rice_287.jpg,rice,.jpg,212.47,640.0,480.0,RGB,JPEG,True,
/content/drive/MyDrive/Calorify/dataset/rice/rice_278.jpg,rice_278.jpg,rice,.jpg,48.3,400.0,300.0,RGB,JPEG,True,
/content/drive/MyDrive/Calorify/dataset/rice/rice_293.jpg,rice_293.jpg,rice,.jpg,35.4,350.0,313.0,RGB,JPEG,True,
/content/drive/MyDrive/Calorify/dataset/rice/rice_277.jpg,rice_277.jpg,rice,.jpg,366.19,480.0,640.0,RGB,JPEG,True,
/content/drive/MyDrive/Calorify/dataset/rice/rice_280.jpg,rice_280.jpg,rice,.jpg,35.56,512.0,512.0,RGB,JPEG,True,
/content/drive/MyDrive/Calorify/dataset/rice/rice_292.jpg,rice_292.jpg,rice,.jpg,43.71,480.0,360.0,RGB,JPEG,True,
/content/drive/MyDrive/Calorify/dataset/rice/rice_285.jpg,rice_285.jpg,rice,.jpg,60.54,512.0,512.0,RGB,JPEG,True,
/content/drive/MyDrive/Calorify/dataset/rice/rice_276.jpg,rice_276.jpg,rice,.jpg,28.53,280.0,373.0,RGB,JPEG,True,
/content/drive/MyDrive/Calorify/dataset/rice/rice_282.jpg,rice_282.jpg,rice,.jpg,214.83,443.0,362.0,RGB,JPEG,True,
/content/drive/MyDrive/Calorify/dataset/rice/rice_300.jpg,rice_300.jpg,rice,.jpg,56.82,512.0,384.0,RGB,JPEG,True,
/content/drive/MyDrive/Calorify/dataset/rice/rice_307.jpg,rice_307.jpg,rice,.jpg,48.14,512.0,382.0,RGB,JPEG,True,
/content/drive/MyDrive/Calorify/dataset/rice/rice_275.jpg,rice_275.jpg,rice,.jpg,65.23,512.0,384.0,RGB,JPEG,True,
/content/drive/MyDrive/Calorify/dataset/rice/rice_291.jpg,rice_291.jpg,rice,.jpg,103.29,512.0,512.0,RGB,JPEG,True,
/content/drive/MyDrive/Calorify/dataset/rice/rice_274.jpg,rice_274.jpg,rice,.jpg,83.9,800.0,600.0,RGB,JPEG,True,
/content/drive/MyDrive/Calorify/dataset/rice/rice_279.jpg,rice_279.jpg,rice,.jpg,47.54,382.0,512.0,RGB,JPEG,True,
/content/drive/MyDrive/Calorify/dataset/rice/rice_297.jpg,rice_297.jpg,rice,.jpg,51.64,480.0,640.0,RGB,JPEG,True,
/content/drive/MyDrive/Calorify/dataset/rice/rice_306.jpg,rice_306.jpg,rice,.jpg,224.69,520.0,381.0,RGB,JPEG,True,
/content/drive/MyDrive/Calorify/dataset/rice/rice_284.jpg,rice_284.jpg,rice,.jpg,23.48,480.0,360.0,RGB,JPEG,True,
/content/drive/MyDrive/Calorify/dataset/rice/rice_281.jpg,rice_281.jpg,rice,.jpg,42.37,400.0,300.0,RGB,JPEG,True,
/content/drive/MyDrive/Calorify/dataset/rice/rice_290.jpg,rice_290.jpg,rice,.jpg,144.49,640.0,480.0,RGB,JPEG,True,
/content/drive/MyDrive/Calorify/dataset/rice/rice_301.jpg,rice_301.jpg,rice,.jpg,61.25,512.0,512.0,RGB,JPEG,True,
/content/drive/MyDrive/Calorify/dataset/rice/rice_296.jpg,rice_296.jpg,rice,.jpg,51.94,512.0,512.0,RGB,JPEG,True,
/content/drive/MyDrive/Calorify/dataset/rice/rice_288.jpg,rice_288.jpg,rice,.jpg,40.17,512.0,384.0,RGB,JPEG,True,
/content/drive/MyDrive/Calorify/dataset/rice/444.jpg,444.jpg,rice,.jpg,91.55,1600.0,1157.0,RGB,JPEG,True,
/content/drive/MyDrive/Calorify/dataset/rice/445.jpg,445.jpg,rice,.jpg,36.49,1300.0,1101.0,RGB,JPEG,True,
/content/drive/MyDrive/Calorify/dataset/rice/446.jpg,446.jpg,rice,.jpg,171.71,1579.0,987.0,RGB,JPEG,True,
/content/drive/MyDrive/Calorify/dataset/rice/447.jpg,447.jpg,rice,.jpg,1638.22,1024.0,1024.0,RGB,PNG,True,
/content/drive/MyDrive/Calorify/dataset/rice/450.jpg,450.jpg,rice,.jpg,198.38,600.0,900.0,RGB,JPEG,True,
/content/drive/MyDrive/Calorify/dataset/rice/452.jpg,452.jpg,rice,.jpg,208.77,1300.0,956.0,RGB,JPEG,True,
/content/drive/MyDrive/Calorify/dataset/rice/454.jpg,454.jpg,rice,.jpg,205.88,1480.0,846.0,RGB,JPEG,True,
/content/drive/MyDrive/Calorify/dataset/rice/455.jpg,455.jpg,rice,.jpg,1892.66,1000.0,1500.0,RGB,PNG,True,
/content/drive/MyDrive/Calorify/dataset/rice/456.jpg,456.jpg,rice,.jpg,1773.45,1920.0,1920.0,RGBA,PNG,True,
/content/drive/MyDrive/Calorify/dataset/rice/458.jpg,458.jpg,rice,.jpg,90.71,1600.0,1525.0,RGB,JPEG,True,
/content/drive/MyDrive/Calorify/dataset/rice/459.jpg,459.jpg,rice,.jpg,103.49,1596.0,695.0,RGB,WEBP,True,
/content/drive/MyDrive/Calorify/dataset/rice/460.jpg,460.jpg,rice,.jpg,1723.62,768.0,1152.0,RGBA,PNG,True,
/content/drive/MyDrive/Calorify/dataset/rice/461.jpg,461.jpg,rice,.jpg,282.15,1000.0,1500.0,RGB,JPEG,True,
/content/drive/MyDrive/Calorify/dataset/rice/437.jpg,437.jpg,rice,.jpg,221.43,1600.0,1643.0,RGB,JPEG,True,
/content/drive/MyDrive/Calorify/dataset/rice/438.jpg,438.jpg,rice,.jpg,48.18,767.0,1025.0,RGB,JPEG,True,
/content/drive/MyDrive/Calorify/dataset/rice/439.jpg,439.jpg,rice,.jpg,48.5,626.0,417.0,RGB,JPEG,True,
/content/drive/MyDrive/Calorify/dataset/rice/440.jpg,440.jpg,rice,.jpg,28.48,360.0,480.0,RGB,JPEG,True,
/content/drive/MyDrive/Calorify/dataset/rice/441.jpg,441.jpg,rice,.jpg,107.36,1200.0,1200.0,RGB,JPEG,True,
/content/drive/MyDrive/Calorify/dataset/rice/442.jpg,442.jpg,rice,.jpg,24.85,800.0,450.0,RGB,JPEG,True,
/content/drive/MyDrive/Calorify/dataset/chicken/115.jpg,115.jpg,chicken,.jpg,183.94,2000.0,1121.0,RGB,JPEG,True,
/content/drive/MyDrive/Calorify/dataset/chicken/109.jpg,109.jpg,chicken,.jpg,72.05,626.0,418.0,RGB,JPEG,True,
/content/drive/MyDrive/Calorify/dataset/chicken/107.jpg,107.jpg,chicken,.jpg,68.32,626.0,417.0,RGB,JPEG,True,
/content/drive/MyDrive/Calorify/dataset/chicken/112.jpg,112.jpg,chicken,.jpg,198.55,960.0,1200.0,RGB,JPEG,True,
/content/drive/MyDrive/Calorify/dataset/chicken/142.jpg,142.jpg,chicken,.jpg,126.48,733.0,1108.0,RGB,JPEG,True,
/content/drive/MyDrive/Calorify/dataset/chicken/131.jpg,131.jpg,chicken,.jpg,75.62,1200.0,627.0,RGB,JPEG,True,
/content/drive/MyDrive/Calorify/dataset/chicken/111.jpg,111.jpg,chicken,.jpg,87.77,800.0,599.0,RGB,JPEG,True,
/content/drive/MyDrive/Calorify/dataset/chicken/105.jpg,105.jpg,chicken,.jpg,82.85,626.0,418.0,RGB,JPEG,True,
/content/drive/MyDrive/Calorify/dataset/chicken/133.jpg,133.jpg,chicken,.jpg,117.32,1024.0,1024.0,RGB,WEBP,True,
/content/drive/MyDrive/Calorify/dataset/chicken/106.jpg,106.jpg,chicken,.jpg,98.39,626.0,626.0,RGB,JPEG,True,
/content/drive/MyDrive/Calorify/dataset/chicken/135.jpg,135.jpg,chicken,.jpg,231.47,768.0,1152.0,RGB,JPEG,True,
/content/drive/MyDrive/Calorify/dataset/chicken/140.jpg,140.jpg,chicken,.jpg,52.33,894.0,1024.0,RGB,JPEG,True,
/content/drive/MyDrive/Calorify/dataset/chicken/10.jpg,10.jpg,chicken,.jpg,72.3,800.0,603.0,RGB,JPEG,True,
/content/drive/MyDrive/Calorify/dataset/chicken/108.jpg,108.jpg,chicken,.jpg,44.61,626.0,351.0,RGB,JPEG,True,
/content/drive/MyDrive/Calorify/dataset/chicken/1.jpg,1.jpg,chicken,.jpg,909.22,3456.0,1944.0,RGB,JPEG,True,
/content/drive/MyDrive/Calorify/dataset/chicken/101.jpg,101.jpg,chicken,.jpg,231.41,1201.0,901.0,RGB,JPEG,True,
/content/drive/MyDrive/Calorify/dataset/chicken/11.jpg,11.jpg,chicken,.jpg,365.37,3840.0,2160.0,RGB,JPEG,True,
/content/drive/MyDrive/Calorify/dataset/chicken/103.jpg,103.jpg,chicken,.jpg,57.3,417.0,626.0,RGB,JPEG,True,
/content/drive/MyDrive/Calorify/dataset/chicken/104.jpg,104.jpg,chicken,.jpg,78.12,626.0,626.0,RGB,JPEG,True,
/content/drive/MyDrive/Calorify/dataset/chicken/132.jpg,132.jpg,chicken,.jpg,210.81,800.0,533.0,RGB,JPEG,True,
/content/drive/MyDrive/Calorify/dataset/chicken/102.jpg,102.jpg,chicken,.jpg,73.69,626.0,417.0,RGB,JPEG,True,
/content/drive/MyDrive/Calorify/dataset/chicken/100.jpg,100.jpg,chicken,.jpg,99.85,626.0,626.0,RGB,JPEG,True,
/content/drive/MyDrive/Calorify/dataset/chicken/148.jpg,148.jpg,chicken,.jpg,90.21,736.0,1104.0,RGB,JPEG,True,
/content/drive/MyDrive/Calorify/dataset/chicken/160.jpg,160.jpg,chicken,.jpg,37.75,714.0,400.0,RGB,JPEG,True,
/content/drive/MyDrive/Calorify/dataset/chicken/33.jpg,33.jpg,chicken,.jpg,180.28,1200.0,1200.0,RGB,JPEG,True,
/content/drive/MyDrive/Calorify/dataset/chicken/161.jpg,161.jpg,chicken,.jpg,67.57,600.0,420.0,RGB,JPEG,True,
/content/drive/MyDrive/Calorify/dataset/chicken/17.jpg,17.jpg,chicken,.jpg,611.79,3352.0,2278.0,RGB,JPEG,True,
/content/drive/MyDrive/Calorify/dataset/chicken/151.jpg,151.jpg,chicken,.jpg,428.74,1420.0,2130.0,RGB,JPEG,True,
/content/drive/MyDrive/Calorify/dataset/chicken/168.jpg,168.jpg,chicken,.jpg,88.88,700.0,700.0,RGB,JPEG,True,
/content/drive/MyDrive/Calorify/dataset/chicken/43.jpg,43.jpg,chicken,.jpg,466.61,810.0,1440.0,P,PNG,True,
/content/drive/MyDrive/Calorify/dataset/chicken/145.jpg,145.jpg,chicken,.jpg,108.7,768.0,1152.0,RGB,JPEG,True,
/content/drive/MyDrive/Calorify/dataset/chicken/143.jpg,143.jpg,chicken,.jpg,531.41,928.0,1232.0,P,PNG,True,
/content/drive/MyDrive/Calorify/dataset/chicken/156.jpg,156.jpg,chicken,.jpg,75.63,600.0,620.0,RGB,JPEG,True,
/content/drive/MyDrive/Calorify/dataset/chicken/154.jpg,154.jpg,chicken,.jpg,135.13,1049.0,700.0,RGB,JPEG,True,
/content/drive/MyDrive/Calorify/dataset/chicken/157.jpg,157.jpg,chicken,.jpg,29.49,600.0,420.0,RGB,JPEG,True,
/content/drive/MyDrive/Calorify/dataset/chicken/164.jpg,164.jpg,chicken,.jpg,955.05,1500.0,1093.0,RGB,JPEG,True,
/content/drive/MyDrive/Calorify/dataset/chicken/153.jpg,153.jpg,chicken,.jpg,1659.52,1500.0,1101.0,RGB,JPEG,True,
/content/drive/MyDrive/Calorify/dataset/chicken/166.jpg,166.jpg,chicken,.jpg,126.0,1050.0,700.0,RGB,JPEG,True,
/content/drive/MyDrive/Calorify/dataset/chicken/167.jpg,167.jpg,chicken,.jpg,128.3,1050.0,700.0,RGB,JPEG,True,
/content/drive/MyDrive/Calorify/dataset/chicken/152.jpg,152.jpg,chicken,.jpg,55.2,1470.0,980.0,RGB,JPEG,True,
/content/drive/MyDrive/Calorify/dataset/chicken/15.jpg,15.jpg,chicken,.jpg,528.19,3206.0,2304.0,RGB,JPEG,True,
/content/drive/MyDrive/Calorify/dataset/chicken/44.jpg,44.jpg,chicken,.jpg,324.27,1280.0,720.0,RGB,JPEG,True,
/content/drive/MyDrive/Calorify/dataset/chicken/165.jpg,165.jpg,chicken,.jpg,136.7,1050.0,700.0,RGB,JPEG,True,
/content/drive/MyDrive/Calorify/dataset/chicken/173.jpg,173.jpg,chicken,.jpg,129.21,1050.0,700.0,RGB,JPEG,True,
/content/drive/MyDrive/Calorify/dataset/chicken/155.jpg,155.jpg,chicken,.jpg,731.21,1500.0,1227.0,RGB,JPEG,True,
/content/drive/MyDrive/Calorify/dataset/chicken/31.jpg,31.jpg,chicken,.jpg,490.82,2817.0,3645.0,RGB,JPEG,True,
/content/drive/MyDrive/Calorify/dataset/chicken/147.jpg,147.jpg,chicken,.jpg,71.91,1344.0,768.0,RGB,JPEG,True,
/content/drive/MyDrive/Calorify/dataset/chicken/170.jpg,170.jpg,chicken,.jpg,92.73,626.0,417.0,RGB,JPEG,True,
/content/drive/MyDrive/Calorify/dataset/chicken/146.jpg,146.jpg,chicken,.jpg,73.51,720.0,960.0,RGB,JPEG,True,
/content/drive/MyDrive/Calorify/dataset/chicken/39.jpg,39.jpg,chicken,.jpg,256.67,1200.0,1800.0,RGB,JPEG,True,
/content/drive/MyDrive/Calorify/dataset/chicken/171.jpg,171.jpg,chicken,.jpg,694.94,1500.0,1101.0,RGB,JPEG,True,
/content/drive/MyDrive/Calorify/dataset/chicken/144.jpg,144.jpg,chicken,.jpg,861.45,2048.0,3072.0,RGB,JPEG,True,
/content/drive/MyDrive/Calorify/dataset/chicken/3.jpg,3.jpg,chicken,.jpg,306.04,1200.0,1200.0,RGB,JPEG,True,
/content/drive/MyDrive/Calorify/dataset/chicken/37.jpg,37.jpg,chicken,.jpg,638.2,1436.0,1436.0,RGB,JPEG,True,
/content/drive/MyDrive/Calorify/dataset/chicken/18.jpg,18.jpg,chicken,.jpg,213.01,1296.0,864.0,RGB,JPEG,True,
/content/drive/MyDrive/Calorify/dataset/chicken/163.jpg,163.jpg,chicken,.jpg,140.92,1050.0,700.0,RGB,JPEG,True,
/content/drive/MyDrive/Calorify/dataset/chicken/162.jpg,162.jpg,chicken,.jpg,447.01,1500.0,1189.0,RGB,JPEG,True,
/content/drive/MyDrive/Calorify/dataset/chicken/169.jpg,169.jpg,chicken,.jpg,370.39,1500.0,1101.0,RGB,JPEG,True,
/content/drive/MyDrive/Calorify/dataset/chicken/158.jpg,158.jpg,chicken,.jpg,32.55,1050.0,700.0,RGB,JPEG,True,
/content/drive/MyDrive/Calorify/dataset/chicken/45.jpg,45.jpg,chicken,.jpg,146.84,1200.0,1200.0,RGB,JPEG,True,
/content/drive/MyDrive/Calorify/dataset/chicken/159.jpg,159.jpg,chicken,.jpg,84.43,1050.0,700.0,RGB,JPEG,True,
/content/drive/MyDrive/Calorify/dataset/chicken/172.jpg,172.jpg,chicken,.jpg,103.27,1050.0,700.0,RGB,JPEG,True,
/content/drive/MyDrive/Calorify/dataset/chicken/23.jpg,23.jpg,chicken,.jpg,132.18,1400.0,700.0,RGB,JPEG,True,
/content/drive/MyDrive/Calorify/dataset/chicken/52.jpg,52.jpg,chicken,.jpg,57.35,683.0,1024.0,RGB,JPEG,True,
/content/drive/MyDrive/Calorify/dataset/chicken/83.jpg,83.jpg,chicken,.jpg,155.81,1600.0,987.0,RGB,JPEG,True,
/content/drive/MyDrive/Calorify/dataset/chicken/48.jpg,48.jpg,chicken,.jpg,212.9,1200.0,1908.0,RGB,JPEG,True,
/content/drive/MyDrive/Calorify/dataset/chicken/chicken_101.jpg,chicken_101.jpg,chicken,.jpg,56.75,382.0,512.0,RGB,JPEG,True,
/content/drive/MyDrive/Calorify/dataset/chicken/97.jpg,97.jpg,chicken,.jpg,1300.05,1200.0,1800.0,P,PNG,True,
/content/drive/MyDrive/Calorify/dataset/chicken/93.jpg,93.jpg,chicken,.jpg,1531.92,5472.0,3648.0,RGB,JPEG,True,
/content/drive/MyDrive/Calorify/dataset/chicken/96.jpg,96.jpg,chicken,.jpg,111.65,1050.0,700.0,RGB,JPEG,True,
/content/drive/MyDrive/Calorify/dataset/chicken/90.jpg,90.jpg,chicken,.jpg,53.47,667.0,1000.0,RGB,JPEG,True,
/content/drive/MyDrive/Calorify/dataset/chicken/8.jpg,8.jpg,chicken,.jpg,130.86,855.0,1390.0,RGB,JPEG,True,
/content/drive/MyDrive/Calorify/dataset/chicken/82.jpg,82.jpg,chicken,.jpg,153.2,1600.0,987.0,RGB,JPEG,True,
/content/drive/MyDrive/Calorify/dataset/chicken/78.jpg,78.jpg,chicken,.jpg,72.39,550.0,825.0,RGB,JPEG,True,
/content/drive/MyDrive/Calorify/dataset/chicken/76.jpg,76.jpg,chicken,.jpg,832.0,1456.0,2218.0,RGB,JPEG,True,
/content/drive/MyDrive/Calorify/dataset/chicken/64.jpg,64.jpg,chicken,.jpg,54.32,688.0,1032.0,RGB,JPEG,True,
/content/drive/MyDrive/Calorify/dataset/chicken/73.jpg,73.jpg,chicken,.jpg,174.97,1024.0,1024.0,RGB,JPEG,True,
/content/drive/MyDrive/Calorify/dataset/chicken/98.jpg,98.jpg,chicken,.jpg,68.65,626.0,471.0,RGB,JPEG,True,
/content/drive/MyDrive/Calorify/dataset/chicken/95.jpg,95.jpg,chicken,.jpg,872.33,4000.0,6000.0,RGB,JPEG,True,
/content/drive/MyDrive/Calorify/dataset/chicken/60.jpg,60.jpg,chicken,.jpg,170.7,1200.0,1200.0,RGB,JPEG,True,
/content/drive/MyDrive/Calorify/dataset/chicken/chicken_103.jpg,chicken_103.jpg,chicken,.jpg,62.7,512.0,512.0,RGB,JPEG,True,
/content/drive/MyDrive/Calorify/dataset/chicken/chicken_102.jpg,chicken_102.jpg,chicken,.jpg,37.21,512.0,384.0,RGB,JPEG,True,
/content/drive/MyDrive/Calorify/dataset/chicken/chicken_104.jpg,chicken_104.jpg,chicken,.jpg,50.1,512.0,512.0,RGB,JPEG,True,
/content/drive/MyDrive/Calorify/dataset/chicken/50.jpg,50.jpg,chicken,.jpg,140.88,900.0,1260.0,RGB,JPEG,True,
/content/drive/MyDrive/Calorify/dataset/chicken/49.jpg,49.jpg,chicken,.jpg,326.42,1143.0,1600.0,RGB,JPEG,True,
/content/drive/MyDrive/Calorify/dataset/chicken/85.jpg,85.jpg,chicken,.jpg,231.74,1300.0,1390.0,RGB,JPEG,True,
/content/drive/MyDrive/Calorify/dataset/chicken/87.jpg,87.jpg,chicken,.jpg,64.64,800.0,457.0,RGB,JPEG,True,
/content/drive/MyDrive/Calorify/dataset/chicken/69.jpg,69.jpg,chicken,.jpg,166.42,1280.0,720.0,RGB,JPEG,True,
/content/drive/MyDrive/Calorify/dataset/chicken/chicken_100.jpg,chicken_100.jpg,chicken,.jpg,50.85,384.0,512.0,RGB,JPEG,True,
/content/drive/MyDrive/Calorify/dataset/chicken/65.jpg,65.jpg,chicken,.jpg,145.99,1024.0,1024.0,RGB,WEBP,True,
/content/drive/MyDrive/Calorify/dataset/chicken/99.jpg,99.jpg,chicken,.jpg,82.66,626.0,626.0,RGB,JPEG,True,
/content/drive/MyDrive/Calorify/dataset/chicken/58.jpg,58.jpg,chicken,.jpg,92.8,1024.0,641.0,RGB,JPEG,True,
/content/drive/MyDrive/Calorify/dataset/chicken/54.jpg,54.jpg,chicken,.jpg,240.93,2000.0,1333.0,RGB,JPEG,True,
/content/drive/MyDrive/Calorify/dataset/chicken/75.jpg,75.jpg,chicken,.jpg,324.0,1200.0,1800.0,RGB,JPEG,True,
/content/drive/MyDrive/Calorify/dataset/chicken/86.jpg,86.jpg,chicken,.jpg,144.0,1600.0,1157.0,RGB,JPEG,True,
/content/drive/MyDrive/Calorify/dataset/chicken/51.jpg,51.jpg,chicken,.jpg,124.53,1200.0,1800.0,RGB,JPEG,True,
/content/drive/MyDrive/Calorify/dataset/chicken/66.jpg,66.jpg,chicken,.jpg,51.05,688.0,1032.0,RGB,JPEG,True,
/content/drive/MyDrive/Calorify/dataset/chicken/6.jpg,6.jpg,chicken,.jpg,396.71,3840.0,2160.0,RGB,JPEG,True,
/content/drive/MyDrive/Calorify/dataset/chicken/56.jpg,56.jpg,chicken,.jpg,1665.26,3024.0,4032.0,RGB,JPEG,True,
/content/drive/MyDrive/Calorify/dataset/chicken/5.jpg,5.jpg,chicken,.jpg,129.25,2560.0,1440.0,RGB,JPEG,True,
/content/drive/MyDrive/Calorify/dataset/chicken/55.jpg,55.jpg,chicken,.jpg,53.48,680.0,1023.0,RGB,JPEG,True,
/content/drive/MyDrive/Calorify/dataset/chicken/72.jpg,72.jpg,chicken,.jpg,320.33,2000.0,1333.0,RGB,JPEG,True,
/content/drive/MyDrive/Calorify/dataset/chicken/92.jpg,92.jpg,chicken,.jpg,770.95,2160.0,2160.0,RGB,JPEG,True,
/content/drive/MyDrive/Calorify/dataset/chicken/chicken_141.jpg,chicken_141.jpg,chicken,.jpg,56.06,512.0,512.0,RGB,JPEG,True,
/content/drive/MyDrive/Calorify/dataset/chicken/chicken_149.jpg,chicken_149.jpg,chicken,.jpg,34.7,384.0,512.0,RGB,JPEG,True,
/content/drive/MyDrive/Calorify/dataset/chicken/chicken_146.jpg,chicken_146.jpg,chicken,.jpg,55.24,512.0,341.0,RGB,JPEG,True,
/content/drive/MyDrive/Calorify/dataset/chicken/chicken_139.jpg,chicken_139.jpg,chicken,.jpg,57.69,512.0,512.0,RGB,JPEG,True,
/content/drive/MyDrive/Calorify/dataset/chicken/chicken_109.jpg,chicken_109.jpg,chicken,.jpg,58.11,512.0,512.0,RGB,JPEG,True,
/content/drive/MyDrive/Calorify/dataset/chicken/chicken_112.jpg,chicken_112.jpg,chicken,.jpg,46.04,512.0,384.0,RGB,JPEG,True,
/content/drive/MyDrive/Calorify/dataset/chicken/chicken_140.jpg,chicken_140.jpg,chicken,.jpg,48.14,512.0,512.0,RGB,JPEG,True,
/content/drive/MyDrive/Calorify/dataset/chicken/chicken_144.jpg,chicken_144.jpg,chicken,.jpg,40.21,512.0,512.0,RGB,JPEG,True,
/content/drive/MyDrive/Calorify/dataset/chicken/chicken_137.jpg,chicken_137.jpg,chicken,.jpg,71.26,512.0,512.0,RGB,JPEG,True,
/content/drive/MyDrive/Calorify/dataset/chicken/chicken_128.jpg,chicken_128.jpg,chicken,.jpg,46.47,512.0,512.0,RGB,JPEG,True,
/content/drive/MyDrive/Calorify/dataset/chicken/chicken_120.jpg,chicken_120.jpg,chicken,.jpg,43.92,384.0,512.0,RGB,JPEG,True,
/content/drive/MyDrive/Calorify/dataset/chicken/chicken_123.jpg,chicken_123.jpg,chicken,.jpg,47.56,512.0,512.0,RGB,JPEG,True,
/content/drive/MyDrive/Calorify/dataset/chicken/chicken_107.jpg,chicken_107.jpg,chicken,.jpg,72.59,512.0,341.0,RGB,JPEG,True,
/content/drive/MyDrive/Calorify/dataset/chicken/chicken_145.jpg,chicken_145.jpg,chicken,.jpg,54.12,512.0,341.0,RGB,JPEG,True,
/content/drive/MyDrive/Calorify/dataset/chicken/chicken_108.jpg,chicken_108.jpg,chicken,.jpg,42.65,512.0,306.0,RGB,JPEG,True,
/content/drive/MyDrive/Calorify/dataset/chicken/chicken_138.jpg,chicken_138.jpg,chicken,.jpg,38.73,512.0,384.0,RGB,JPEG,True,
/content/drive/MyDrive/Calorify/dataset/chicken/chicken_110.jpg,chicken_110.jpg,chicken,.jpg,63.79,512.0,512.0,RGB,JPEG,True,
/content/drive/MyDrive/Calorify/dataset/chicken/chicken_117.jpg,chicken_117.jpg,chicken,.jpg,46.81,512.0,384.0,RGB,JPEG,True,
/content/drive/MyDrive/Calorify/dataset/chicken/chicken_125.jpg,chicken_125.jpg,chicken,.jpg,38.69,512.0,384.0,RGB,JPEG,True,
/content/drive/MyDrive/Calorify/dataset/chicken/chicken_114.jpg,chicken_114.jpg,chicken,.jpg,69.74,512.0,512.0,RGB,JPEG,True,
/content/drive/MyDrive/Calorify/dataset/chicken/chicken_122.jpg,chicken_122.jpg,chicken,.jpg,57.12,382.0,512.0,RGB,JPEG,True,
/content/drive/MyDrive/Calorify/dataset/chicken/chicken_124.jpg,chicken_124.jpg,chicken,.jpg,62.46,512.0,325.0,RGB,JPEG,True,
/content/drive/MyDrive/Calorify/dataset/chicken/chicken_129.jpg,chicken_129.jpg,chicken,.jpg,31.96,512.0,366.0,RGB,JPEG,True,
/content/drive/MyDrive/Calorify/dataset/chicken/chicken_143.jpg,chicken_143.jpg,chicken,.jpg,48.55,512.0,512.0,RGB,JPEG,True,
/content/drive/MyDrive/Calorify/dataset/chicken/chicken_106.jpg,chicken_106.jpg,chicken,.jpg,61.47,512.0,512.0,RGB,JPEG,True,
/content/drive/MyDrive/Calorify/dataset/chicken/chicken_113.jpg,chicken_113.jpg,chicken,.jpg,45.37,512.0,384.0,RGB,JPEG,True,
/content/drive/MyDrive/Calorify/dataset/chicken/chicken_131.jpg,chicken_131.jpg,chicken,.jpg,37.51,382.0,512.0,RGB,JPEG,True,
/content/drive/MyDrive/Calorify/dataset/chicken/chicken_126.jpg,chicken_126.jpg,chicken,.jpg,61.3,512.0,512.0,RGB,JPEG,True,
/content/drive/MyDrive/Calorify/dataset/chicken/chicken_133.jpg,chicken_133.jpg,chicken,.jpg,67.29,512.0,512.0,RGB,JPEG,True,
/content/drive/MyDrive/Calorify/dataset/chicken/chicken_132.jpg,chicken_132.jpg,chicken,.jpg,89.79,512.0,384.0,RGB,JPEG,True,
/content/drive/MyDrive/Calorify/dataset/chicken/chicken_135.jpg,chicken_135.jpg,chicken,.jpg,64.35,512.0,512.0,RGB,JPEG,True,
/content/drive/MyDrive/Calorify/dataset/chicken/chicken_150.jpg,chicken_150.jpg,chicken,.jpg,34.98,512.0,384.0,RGB,JPEG,True,
/content/drive/MyDrive/Calorify/dataset/chicken/chicken_119.jpg,chicken_119.jpg,chicken,.jpg,50.63,384.0,512.0,RGB,JPEG,True,
/content/drive/MyDrive/Calorify/dataset/chicken/chicken_115.jpg,chicken_115.jpg,chicken,.jpg,68.58,512.0,512.0,RGB,JPEG,True,
/content/drive/MyDrive/Calorify/dataset/chicken/chicken_105.jpg,chicken_105.jpg,chicken,.jpg,79.42,512.0,512.0,RGB,JPEG,True,
/content/drive/MyDrive/Calorify/dataset/chicken/chicken_127.jpg,chicken_127.jpg,chicken,.jpg,54.05,512.0,512.0,RGB,JPEG,True,
/content/drive/MyDrive/Calorify/dataset/chicken/chicken_142.jpg,chicken_142.jpg,chicken,.jpg,41.83,512.0,512.0,RGB,JPEG,True,
/content/drive/MyDrive/Calorify/dataset/chicken/chicken_147.jpg,chicken_147.jpg,chicken,.jpg,48.01,512.0,512.0,RGB,JPEG,True,
/content/drive/MyDrive/Calorify/dataset/chicken/chicken_148.jpg,chicken_148.jpg,chicken,.jpg,44.12,382.0,512.0,RGB,JPEG,True,
/content/drive/MyDrive/Calorify/dataset/chicken/chicken_118.jpg,chicken_118.jpg,chicken,.jpg,47.37,384.0,512.0,RGB,JPEG,True,
/content/drive/MyDrive/Calorify/dataset/chicken/chicken_116.jpg,chicken_116.jpg,chicken,.jpg,49.54,512.0,512.0,RGB,JPEG,True,
/content/drive/MyDrive/Calorify/dataset/chicken/chicken_136.jpg,chicken_136.jpg,chicken,.jpg,63.0,512.0,512.0,RGB,JPEG,True,
/content/drive/MyDrive/Calorify/dataset/chicken/chicken_121.jpg,chicken_121.jpg,chicken,.jpg,61.12,512.0,382.0,RGB,JPEG,True,
/content/drive/MyDrive/Calorify/dataset/chicken/chicken_111.jpg,chicken_111.jpg,chicken,.jpg,51.99,512.0,382.0,RGB,JPEG,True,
/content/drive/MyDrive/Calorify/dataset/chicken/chicken_134.jpg,chicken_134.jpg,chicken,.jpg,45.1,512.0,512.0,RGB,JPEG,True,
/content/drive/MyDrive/Calorify/dataset/chicken/chicken_130.jpg,chicken_130.jpg,chicken,.jpg,55.49,512.0,384.0,RGB,JPEG,True,
/content/drive/MyDrive/Calorify/dataset/chicken/chicken_174.jpg,chicken_174.jpg,chicken,.jpg,67.78,512.0,382.0,RGB,JPEG,True,
/content/drive/MyDrive/Calorify/dataset/chicken/chicken_157.jpg,chicken_157.jpg,chicken,.jpg,59.98,512.0,512.0,RGB,JPEG,True,
/content/drive/MyDrive/Calorify/dataset/chicken/chicken_194.jpg,chicken_194.jpg,chicken,.jpg,56.42,512.0,512.0,RGB,JPEG,True,
/content/drive/MyDrive/Calorify/dataset/chicken/chicken_178.jpg,chicken_178.jpg,chicken,.jpg,51.9,512.0,512.0,RGB,JPEG,True,
/content/drive/MyDrive/Calorify/dataset/chicken/chicken_152.jpg,chicken_152.jpg,chicken,.jpg,44.58,512.0,382.0,RGB,JPEG,True,
/content/drive/MyDrive/Calorify/dataset/chicken/chicken_167.jpg,chicken_167.jpg,chicken,.jpg,49.93,384.0,512.0,RGB,JPEG,True,
/content/drive/MyDrive/Calorify/dataset/chicken/chicken_162.jpg,chicken_162.jpg,chicken,.jpg,59.22,512.0,512.0,RGB,JPEG,True,
/content/drive/MyDrive/Calorify/dataset/chicken/chicken_179.jpg,chicken_179.jpg,chicken,.jpg,68.69,512.0,512.0,RGB,JPEG,True,
/content/drive/MyDrive/Calorify/dataset/chicken/chicken_180.jpg,chicken_180.jpg,chicken,.jpg,73.61,512.0,512.0,RGB,JPEG,True,
/content/drive/MyDrive/Calorify/dataset/chicken/chicken_164.jpg,chicken_164.jpg,chicken,.jpg,48.27,512.0,512.0,RGB,JPEG,True,
/content/drive/MyDrive/Calorify/dataset/chicken/chicken_177.jpg,chicken_177.jpg,chicken,.jpg,72.04,306.0,512.0,RGB,JPEG,True,
/content/drive/MyDrive/Calorify/dataset/chicken/chicken_172.jpg,chicken_172.jpg,chicken,.jpg,41.66,512.0,382.0,RGB,JPEG,True,
/content/drive/MyDrive/Calorify/dataset/chicken/chicken_160.jpg,chicken_160.jpg,chicken,.jpg,59.07,512.0,512.0,RGB,JPEG,True,
/content/drive/MyDrive/Calorify/dataset/chicken/chicken_169.jpg,chicken_169.jpg,chicken,.jpg,38.46,512.0,384.0,RGB,JPEG,True,
/content/drive/MyDrive/Calorify/dataset/chicken/chicken_192.jpg,chicken_192.jpg,chicken,.jpg,51.75,512.0,384.0,RGB,JPEG,True,
/content/drive/MyDrive/Calorify/dataset/chicken/chicken_170.jpg,chicken_170.jpg,chicken,.jpg,69.71,512.0,384.0,RGB,JPEG,True,
/content/drive/MyDrive/Calorify/dataset/chicken/chicken_161.jpg,chicken_161.jpg,chicken,.jpg,49.14,512.0,382.0,RGB,JPEG,True,
/content/drive/MyDrive/Calorify/dataset/chicken/chicken_189.jpg,chicken_189.jpg,chicken,.jpg,52.34,512.0,384.0,RGB,JPEG,True,
/content/drive/MyDrive/Calorify/dataset/chicken/chicken_187.jpg,chicken_187.jpg,chicken,.jpg,66.49,512.0,512.0,RGB,JPEG,True,
/content/drive/MyDrive/Calorify/dataset/chicken/chicken_156.jpg,chicken_156.jpg,chicken,.jpg,53.68,512.0,512.0,RGB,JPEG,True,
/content/drive/MyDrive/Calorify/dataset/chicken/chicken_183.jpg,chicken_183.jpg,chicken,.jpg,25.55,512.0,384.0,RGB,JPEG,True,
/content/drive/MyDrive/Calorify/dataset/chicken/chicken_154.jpg,chicken_154.jpg,chicken,.jpg,62.66,384.0,512.0,RGB,JPEG,True,
/content/drive/MyDrive/Calorify/dataset/chicken/chicken_171.jpg,chicken_171.jpg,chicken,.jpg,59.17,512.0,512.0,RGB,JPEG,True,
/content/drive/MyDrive/Calorify/dataset/chicken/chicken_163.jpg,chicken_163.jpg,chicken,.jpg,72.85,512.0,384.0,RGB,JPEG,True,
/content/drive/MyDrive/Calorify/dataset/chicken/chicken_151.jpg,chicken_151.jpg,chicken,.jpg,52.14,512.0,512.0,RGB,JPEG,True,
/content/drive/MyDrive/Calorify/dataset/chicken/chicken_155.jpg,chicken_155.jpg,chicken,.jpg,66.71,384.0,512.0,RGB,JPEG,True,
/content/drive/MyDrive/Calorify/dataset/chicken/chicken_166.jpg,chicken_166.jpg,chicken,.jpg,51.51,512.0,341.0,RGB,JPEG,True,
/content/drive/MyDrive/Calorify/dataset/chicken/chicken_153.jpg,chicken_153.jpg,chicken,.jpg,35.49,512.0,384.0,RGB,JPEG,True,
/content/drive/MyDrive/Calorify/dataset/chicken/chicken_182.jpg,chicken_182.jpg,chicken,.jpg,39.96,384.0,512.0,RGB,JPEG,True,
/content/drive/MyDrive/Calorify/dataset/chicken/chicken_165.jpg,chicken_165.jpg,chicken,.jpg,50.69,512.0,512.0,RGB,JPEG,True,
/content/drive/MyDrive/Calorify/dataset/chicken/chicken_184.jpg,chicken_184.jpg,chicken,.jpg,43.69,512.0,512.0,RGB,JPEG,True,
/content/drive/MyDrive/Calorify/dataset/chicken/chicken_190.jpg,chicken_190.jpg,chicken,.jpg,38.03,512.0,512.0,RGB,JPEG,True,
/content/drive/MyDrive/Calorify/dataset/chicken/chicken_195.jpg,chicken_195.jpg,chicken,.jpg,37.64,382.0,512.0,RGB,JPEG,True,
/content/drive/MyDrive/Calorify/dataset/chicken/chicken_186.jpg,chicken_186.jpg,chicken,.jpg,60.52,512.0,512.0,RGB,JPEG,True,
/content/drive/MyDrive/Calorify/dataset/chicken/chicken_158.jpg,chicken_158.jpg,chicken,.jpg,52.9,512.0,512.0,RGB,JPEG,True,
/content/drive/MyDrive/Calorify/dataset/chicken/chicken_159.jpg,chicken_159.jpg,chicken,.jpg,44.8,382.0,512.0,RGB,JPEG,True,
/content/drive/MyDrive/Calorify/dataset/chicken/chicken_191.jpg,chicken_191.jpg,chicken,.jpg,75.98,512.0,512.0,RGB,JPEG,True,
/content/drive/MyDrive/Calorify/dataset/chicken/chicken_173.jpg,chicken_173.jpg,chicken,.jpg,48.99,512.0,512.0,RGB,JPEG,True,
/content/drive/MyDrive/Calorify/dataset/chicken/chicken_185.jpg,chicken_185.jpg,chicken,.jpg,52.3,512.0,384.0,RGB,JPEG,True,
/content/drive/MyDrive/Calorify/dataset/chicken/chicken_181.jpg,chicken_181.jpg,chicken,.jpg,57.67,512.0,384.0,RGB,JPEG,True,
/content/drive/MyDrive/Calorify/dataset/chicken/chicken_188.jpg,chicken_188.jpg,chicken,.jpg,49.99,512.0,512.0,RGB,JPEG,True,
/content/drive/MyDrive/Calorify/dataset/chicken/chicken_196.jpg,chicken_196.jpg,chicken,.jpg,51.99,512.0,512.0,RGB,JPEG,True,
/content/drive/MyDrive/Calorify/dataset/chicken/chicken_193.jpg,chicken_193.jpg,chicken,.jpg,45.62,384.0,512.0,RGB,JPEG,True,
/content/drive/MyDrive/Calorify/dataset/chicken/chicken_168.jpg,chicken_168.jpg,chicken,.jpg,54.02,512.0,512.0,RGB,JPEG,True,
/content/drive/MyDrive/Calorify/dataset/chicken/chicken_176.jpg,chicken_176.jpg,chicken,.jpg,52.09,512.0,512.0,RGB,JPEG,True,
/content/drive/MyDrive/Calorify/dataset/chicken/chicken_197.jpg,chicken_197.jpg,chicken,.jpg,63.35,512.0,512.0,RGB,JPEG,True,
/content/drive/MyDrive/Calorify/dataset/chicken/chicken_175.jpg,chicken_175.jpg,chicken,.jpg,58.51,512.0,512.0,RGB,JPEG,True,
/content/drive/MyDrive/Calorify/dataset/chicken/chicken_202.jpg,chicken_202.jpg,chicken,.jpg,61.25,512.0,512.0,RGB,JPEG,True,
/content/drive/MyDrive/Calorify/dataset/chicken/chicken_236.jpg,chicken_236.jpg,chicken,.jpg,44.27,384.0,512.0,RGB,JPEG,True,
/content/drive/MyDrive/Calorify/dataset/chicken/chicken_232.jpg,chicken_232.jpg,chicken,.jpg,55.63,512.0,512.0,RGB,JPEG,True,
/content/drive/MyDrive/Calorify/dataset/chicken/chicken_205.jpg,chicken_205.jpg,chicken,.jpg,59.77,382.0,512.0,RGB,JPEG,True,
/content/drive/MyDrive/Calorify/dataset/chicken/chicken_239.jpg,chicken_239.jpg,chicken,.jpg,43.04,512.0,512.0,RGB,JPEG,True,
/content/drive/MyDrive/Calorify/dataset/chicken/chicken_200.jpg,chicken_200.jpg,chicken,.jpg,72.82,512.0,512.0,RGB,JPEG,True,
/content/drive/MyDrive/Calorify/dataset/chicken/chicken_225.jpg,chicken_225.jpg,chicken,.jpg,58.86,512.0,512.0,RGB,JPEG,True,
/content/drive/MyDrive/Calorify/dataset/chicken/chicken_231.jpg,chicken_231.jpg,chicken,.jpg,50.49,512.0,512.0,RGB,JPEG,True,
/content/drive/MyDrive/Calorify/dataset/chicken/chicken_217.jpg,chicken_217.jpg,chicken,.jpg,44.13,512.0,384.0,RGB,JPEG,True,
/content/drive/MyDrive/Calorify/dataset/chicken/chicken_223.jpg,chicken_223.jpg,chicken,.jpg,50.62,512.0,512.0,RGB,JPEG,True,
/content/drive/MyDrive/Calorify/dataset/chicken/chicken_242.jpg,chicken_242.jpg,chicken,.jpg,45.33,512.0,384.0,RGB,JPEG,True,
/content/drive/MyDrive/Calorify/dataset/chicken/chicken_207.jpg,chicken_207.jpg,chicken,.jpg,39.62,384.0,512.0,RGB,JPEG,True,
/content/drive/MyDrive/Calorify/dataset/chicken/chicken_244.jpg,chicken_244.jpg,chicken,.jpg,67.68,512.0,512.0,RGB,JPEG,True,
/content/drive/MyDrive/Calorify/dataset/chicken/chicken_214.jpg,chicken_214.jpg,chicken,.jpg,55.8,512.0,512.0,RGB,JPEG,True,
/content/drive/MyDrive/Calorify/dataset/chicken/chicken_227.jpg,chicken_227.jpg,chicken,.jpg,49.7,512.0,512.0,RGB,JPEG,True,
/content/drive/MyDrive/Calorify/dataset/chicken/chicken_241.jpg,chicken_241.jpg,chicken,.jpg,54.65,512.0,384.0,RGB,JPEG,True,
/content/drive/MyDrive/Calorify/dataset/chicken/chicken_203.jpg,chicken_203.jpg,chicken,.jpg,47.1,382.0,512.0,RGB,JPEG,True,
/content/drive/MyDrive/Calorify/dataset/chicken/chicken_201.jpg,chicken_201.jpg,chicken,.jpg,54.39,512.0,512.0,RGB,JPEG,True,
/content/drive/MyDrive/Calorify/dataset/chicken/chicken_204.jpg,chicken_204.jpg,chicken,.jpg,24.34,512.0,306.0,RGB,JPEG,True,
/content/drive/MyDrive/Calorify/dataset/chicken/chicken_216.jpg,chicken_216.jpg,chicken,.jpg,70.82,512.0,512.0,RGB,JPEG,True,
/content/drive/MyDrive/Calorify/dataset/chicken/chicken_224.jpg,chicken_224.jpg,chicken,.jpg,45.64,512.0,384.0,RGB,JPEG,True,
/content/drive/MyDrive/Calorify/dataset/chicken/chicken_237.jpg,chicken_237.jpg,chicken,.jpg,55.84,512.0,512.0,RGB,JPEG,True,
/content/drive/MyDrive/Calorify/dataset/chicken/chicken_209.jpg,chicken_209.jpg,chicken,.jpg,55.17,512.0,512.0,RGB,JPEG,True,
/content/drive/MyDrive/Calorify/dataset/chicken/chicken_218.jpg,chicken_218.jpg,chicken,.jpg,44.2,512.0,512.0,RGB,JPEG,True,
/content/drive/MyDrive/Calorify/dataset/chicken/chicken_221.jpg,chicken_221.jpg,chicken,.jpg,47.76,512.0,512.0,RGB,JPEG,True,
/content/drive/MyDrive/Calorify/dataset/chicken/chicken_198.jpg,chicken_198.jpg,chicken,.jpg,32.39,512.0,384.0,RGB,JPEG,True,
/content/drive/MyDrive/Calorify/dataset/chicken/chicken_213.jpg,chicken_213.jpg,chicken,.jpg,67.09,512.0,384.0,RGB,JPEG,True,
/content/drive/MyDrive/Calorify/dataset/chicken/chicken_233.jpg,chicken_233.jpg,chicken,.jpg,59.16,512.0,512.0,RGB,JPEG,True,
/content/drive/MyDrive/Calorify/dataset/chicken/chicken_219.jpg,chicken_219.jpg,chicken,.jpg,45.78,382.0,512.0,RGB,JPEG,True,
/content/drive/MyDrive/Calorify/dataset/chicken/chicken_230.jpg,chicken_230.jpg,chicken,.jpg,46.5,512.0,512.0,RGB,JPEG,True,
/content/drive/MyDrive/Calorify/dataset/chicken/chicken_226.jpg,chicken_226.jpg,chicken,.jpg,61.64,512.0,512.0,RGB,JPEG,True,
/content/drive/MyDrive/Calorify/dataset/chicken/chicken_228.jpg,chicken_228.jpg,chicken,.jpg,33.41,512.0,384.0,RGB,JPEG,True,
/content/drive/MyDrive/Calorify/dataset/chicken/chicken_208.jpg,chicken_208.jpg,chicken,.jpg,50.78,512.0,512.0,RGB,JPEG,True,
/content/drive/MyDrive/Calorify/dataset/chicken/chicken_212.jpg,chicken_212.jpg,chicken,.jpg,77.15,512.0,512.0,RGB,JPEG,True,
/content/drive/MyDrive/Calorify/dataset/chicken/chicken_238.jpg,chicken_238.jpg,chicken,.jpg,30.69,512.0,512.0,RGB,JPEG,True,
/content/drive/MyDrive/Calorify/dataset/chicken/chicken_240.jpg,chicken_240.jpg,chicken,.jpg,43.6,512.0,512.0,RGB,JPEG,True,
/content/drive/MyDrive/Calorify/dataset/chicken/chicken_206.jpg,chicken_206.jpg,chicken,.jpg,39.11,512.0,512.0,RGB,JPEG,True,
/content/drive/MyDrive/Calorify/dataset/chicken/chicken_210.jpg,chicken_210.jpg,chicken,.jpg,55.64,512.0,384.0,RGB,JPEG,True,
/content/drive/MyDrive/Calorify/dataset/chicken/chicken_222.jpg,chicken_222.jpg,chicken,.jpg,56.12,512.0,512.0,RGB,JPEG,True,
/content/drive/MyDrive/Calorify/dataset/chicken/chicken_199.jpg,chicken_199.jpg,chicken,.jpg,52.28,512.0,512.0,RGB,JPEG,True,
/content/drive/MyDrive/Calorify/dataset/chicken/chicken_235.jpg,chicken_235.jpg,chicken,.jpg,49.78,512.0,512.0,RGB,JPEG,True,
/content/drive/MyDrive/Calorify/dataset/chicken/chicken_229.jpg,chicken_229.jpg,chicken,.jpg,36.31,384.0,512.0,RGB,JPEG,True,
/content/drive/MyDrive/Calorify/dataset/chicken/chicken_211.jpg,chicken_211.jpg,chicken,.jpg,55.15,512.0,512.0,RGB,JPEG,True,
/content/drive/MyDrive/Calorify/dataset/chicken/chicken_215.jpg,chicken_215.jpg,chicken,.jpg,54.89,512.0,512.0,RGB,JPEG,True,
/content/drive/MyDrive/Calorify/dataset/chicken/chicken_234.jpg,chicken_234.jpg,chicken,.jpg,54.44,512.0,512.0,RGB,JPEG,True,
/content/drive/MyDrive/Calorify/dataset/chicken/chicken_220.jpg,chicken_220.jpg,chicken,.jpg,69.12,512.0,512.0,RGB,JPEG,True,
/content/drive/MyDrive/Calorify/dataset/chicken/chicken_243.jpg,chicken_243.jpg,chicken,.jpg,67.06,512.0,384.0,RGB,JPEG,True,
/content/drive/MyDrive/Calorify/dataset/chicken/chicken_251.jpg,chicken_251.jpg,chicken,.jpg,78.97,512.0,512.0,RGB,JPEG,True,
/content/drive/MyDrive/Calorify/dataset/chicken/chicken_247.jpg,chicken_247.jpg,chicken,.jpg,50.56,512.0,512.0,RGB,JPEG,True,
/content/drive/MyDrive/Calorify/dataset/chicken/chicken_271.jpg,chicken_271.jpg,chicken,.jpg,60.69,512.0,512.0,RGB,JPEG,True,
/content/drive/MyDrive/Calorify/dataset/chicken/chicken_258.jpg,chicken_258.jpg,chicken,.jpg,49.74,512.0,384.0,RGB,JPEG,True,
/content/drive/MyDrive/Calorify/dataset/chicken/chicken_272.jpg,chicken_272.jpg,chicken,.jpg,58.09,512.0,512.0,RGB,JPEG,True,
/content/drive/MyDrive/Calorify/dataset/chicken/chicken_259.jpg,chicken_259.jpg,chicken,.jpg,78.44,512.0,512.0,RGB,JPEG,True,
/content/drive/MyDrive/Calorify/dataset/chicken/chicken_268.jpg,chicken_268.jpg,chicken,.jpg,45.58,512.0,384.0,RGB,JPEG,True,
/content/drive/MyDrive/Calorify/dataset/chicken/chicken_254.jpg,chicken_254.jpg,chicken,.jpg,53.91,512.0,512.0,RGB,JPEG,True,
/content/drive/MyDrive/Calorify/dataset/chicken/chicken_262.jpg,chicken_262.jpg,chicken,.jpg,67.79,512.0,512.0,RGB,JPEG,True,
/content/drive/MyDrive/Calorify/dataset/chicken/chicken_280.jpg,chicken_280.jpg,chicken,.jpg,43.44,382.0,512.0,RGB,JPEG,True,
/content/drive/MyDrive/Calorify/dataset/chicken/chicken_270.jpg,chicken_270.jpg,chicken,.jpg,77.88,382.0,512.0,RGB,JPEG,True,
/content/drive/MyDrive/Calorify/dataset/chicken/chicken_249.jpg,chicken_249.jpg,chicken,.jpg,57.42,512.0,512.0,RGB,JPEG,True,
/content/drive/MyDrive/Calorify/dataset/chicken/chicken_279.jpg,chicken_279.jpg,chicken,.jpg,45.99,512.0,512.0,RGB,JPEG,True,
/content/drive/MyDrive/Calorify/dataset/chicken/chicken_287.jpg,chicken_287.jpg,chicken,.jpg,60.35,512.0,512.0,RGB,JPEG,True,
/content/drive/MyDrive/Calorify/dataset/chicken/chicken_283.jpg,chicken_283.jpg,chicken,.jpg,66.32,512.0,384.0,RGB,JPEG,True,
/content/drive/MyDrive/Calorify/dataset/chicken/chicken_286.jpg,chicken_286.jpg,chicken,.jpg,29.91,512.0,288.0,RGB,JPEG,True,
/content/drive/MyDrive/Calorify/dataset/chicken/chicken_267.jpg,chicken_267.jpg,chicken,.jpg,36.89,382.0,512.0,RGB,JPEG,True,
/content/drive/MyDrive/Calorify/dataset/chicken/chicken_276.jpg,chicken_276.jpg,chicken,.jpg,56.12,512.0,512.0,RGB,JPEG,True,
/content/drive/MyDrive/Calorify/dataset/chicken/chicken_266.jpg,chicken_266.jpg,chicken,.jpg,47.81,382.0,512.0,RGB,JPEG,True,
/content/drive/MyDrive/Calorify/dataset/chicken/chicken_257.jpg,chicken_257.jpg,chicken,.jpg,36.31,512.0,512.0,RGB,JPEG,True,
/content/drive/MyDrive/Calorify/dataset/chicken/chicken_274.jpg,chicken_274.jpg,chicken,.jpg,61.83,512.0,384.0,RGB,JPEG,True,
/content/drive/MyDrive/Calorify/dataset/chicken/chicken_284.jpg,chicken_284.jpg,chicken,.jpg,37.9,512.0,512.0,RGB,JPEG,True,
/content/drive/MyDrive/Calorify/dataset/chicken/chicken_264.jpg,chicken_264.jpg,chicken,.jpg,48.74,512.0,384.0,RGB,JPEG,True,
/content/drive/MyDrive/Calorify/dataset/chicken/chicken_281.jpg,chicken_281.jpg,chicken,.jpg,40.99,512.0,512.0,RGB,JPEG,True,
/content/drive/MyDrive/Calorify/dataset/chicken/chicken_261.jpg,chicken_261.jpg,chicken,.jpg,50.56,384.0,512.0,RGB,JPEG,True,
/content/drive/MyDrive/Calorify/dataset/chicken/chicken_248.jpg,chicken_248.jpg,chicken,.jpg,69.09,512.0,512.0,RGB,JPEG,True,
/content/drive/MyDrive/Calorify/dataset/chicken/chicken_250.jpg,chicken_250.jpg,chicken,.jpg,53.16,512.0,415.0,RGB,JPEG,True,
/content/drive/MyDrive/Calorify/dataset/chicken/chicken_288.jpg,chicken_288.jpg,chicken,.jpg,29.14,512.0,288.0,RGB,JPEG,True,
/content/drive/MyDrive/Calorify/dataset/chicken/chicken_269.jpg,chicken_269.jpg,chicken,.jpg,46.01,512.0,341.0,RGB,JPEG,True,
/content/drive/MyDrive/Calorify/dataset/chicken/chicken_290.jpg,chicken_290.jpg,chicken,.jpg,53.36,512.0,512.0,RGB,JPEG,True,
/content/drive/MyDrive/Calorify/dataset/chicken/chicken_278.jpg,chicken_278.jpg,chicken,.jpg,29.77,512.0,288.0,RGB,JPEG,True,
/content/drive/MyDrive/Calorify/dataset/chicken/chicken_253.jpg,chicken_253.jpg,chicken,.jpg,48.18,512.0,512.0,RGB,JPEG,True,
/content/drive/MyDrive/Calorify/dataset/chicken/chicken_265.jpg,chicken_265.jpg,chicken,.jpg,43.38,384.0,512.0,RGB,JPEG,True,
/content/drive/MyDrive/Calorify/dataset/chicken/chicken_255.jpg,chicken_255.jpg,chicken,.jpg,46.71,512.0,512.0,RGB,JPEG,True,
/content/drive/MyDrive/Calorify/dataset/chicken/chicken_256.jpg,chicken_256.jpg,chicken,.jpg,58.08,512.0,512.0,RGB,JPEG,True,
/content/drive/MyDrive/Calorify/dataset/chicken/chicken_289.jpg,chicken_289.jpg,chicken,.jpg,41.9,512.0,512.0,RGB,JPEG,True,
/content/drive/MyDrive/Calorify/dataset/chicken/chicken_260.jpg,chicken_260.jpg,chicken,.jpg,55.03,512.0,512.0,RGB,JPEG,True,
/content/drive/MyDrive/Calorify/dataset/chicken/chicken_277.jpg,chicken_277.jpg,chicken,.jpg,66.07,512.0,512.0,RGB,JPEG,True,
/content/drive/MyDrive/Calorify/dataset/chicken/chicken_252.jpg,chicken_252.jpg,chicken,.jpg,66.35,512.0,384.0,RGB,JPEG,True,
/content/drive/MyDrive/Calorify/dataset/chicken/chicken_285.jpg,chicken_285.jpg,chicken,.jpg,52.95,512.0,512.0,RGB,JPEG,True,
/content/drive/MyDrive/Calorify/dataset/chicken/chicken_282.jpg,chicken_282.jpg,chicken,.jpg,64.31,512.0,512.0,RGB,JPEG,True,
/content/drive/MyDrive/Calorify/dataset/chicken/chicken_263.jpg,chicken_263.jpg,chicken,.jpg,58.81,512.0,512.0,RGB,JPEG,True,
/content/drive/MyDrive/Calorify/dataset/chicken/chicken_275.jpg,chicken_275.jpg,chicken,.jpg,56.81,512.0,512.0,RGB,JPEG,True,
/content/drive/MyDrive/Calorify/dataset/chicken/chicken_246.jpg,chicken_246.jpg,chicken,.jpg,46.51,512.0,512.0,RGB,JPEG,True,
/content/drive/MyDrive/Calorify/dataset/chicken/chicken_273.jpg,chicken_273.jpg,chicken,.jpg,56.8,512.0,512.0,RGB,JPEG,True,
/content/drive/MyDrive/Calorify/dataset/chicken/chicken_291.jpg,chicken_291.jpg,chicken,.jpg,64.49,512.0,512.0,RGB,JPEG,True,
/content/drive/MyDrive/Calorify/dataset/chicken/chicken_245.jpg,chicken_245.jpg,chicken,.jpg,36.66,512.0,512.0,RGB,JPEG,True,
/content/drive/MyDrive/Calorify/dataset/chicken/chicken_314.jpg,chicken_314.jpg,chicken,.jpg,94.87,512.0,384.0,RGB,JPEG,True,
/content/drive/MyDrive/Calorify/dataset/chicken/chicken_306.jpg,chicken_306.jpg,chicken,.jpg,44.73,512.0,512.0,RGB,JPEG,True,
/content/drive/MyDrive/Calorify/dataset/chicken/chicken_337.jpg,chicken_337.jpg,chicken,.jpg,59.7,512.0,512.0,RGB,JPEG,True,
/content/drive/MyDrive/Calorify/dataset/chicken/chicken_329.jpg,chicken_329.jpg,chicken,.jpg,42.81,512.0,384.0,RGB,JPEG,True,
/content/drive/MyDrive/Calorify/dataset/chicken/chicken_311.jpg,chicken_311.jpg,chicken,.jpg,59.29,512.0,500.0,RGB,JPEG,True,
/content/drive/MyDrive/Calorify/dataset/chicken/chicken_326.jpg,chicken_326.jpg,chicken,.jpg,60.57,512.0,384.0,RGB,JPEG,True,
/content/drive/MyDrive/Calorify/dataset/chicken/chicken_333.jpg,chicken_333.jpg,chicken,.jpg,53.47,512.0,512.0,RGB,JPEG,True,
/content/drive/MyDrive/Calorify/dataset/chicken/chicken_322.jpg,chicken_322.jpg,chicken,.jpg,55.85,512.0,512.0,RGB,JPEG,True,
/content/drive/MyDrive/Calorify/dataset/chicken/chicken_323.jpg,chicken_323.jpg,chicken,.jpg,56.76,512.0,511.0,RGB,JPEG,True,
/content/drive/MyDrive/Calorify/dataset/chicken/chicken_339.jpg,chicken_339.jpg,chicken,.jpg,41.84,512.0,382.0,RGB,JPEG,True,
/content/drive/MyDrive/Calorify/dataset/chicken/chicken_334.jpg,chicken_334.jpg,chicken,.jpg,46.76,512.0,384.0,RGB,JPEG,True,
/content/drive/MyDrive/Calorify/dataset/chicken/chicken_336.jpg,chicken_336.jpg,chicken,.jpg,33.05,512.0,287.0,RGB,JPEG,True,
/content/drive/MyDrive/Calorify/dataset/chicken/chicken_317.jpg,chicken_317.jpg,chicken,.jpg,50.41,512.0,512.0,RGB,JPEG,True,
/content/drive/MyDrive/Calorify/dataset/chicken/chicken_297.jpg,chicken_297.jpg,chicken,.jpg,37.55,382.0,512.0,RGB,JPEG,True,
/content/drive/MyDrive/Calorify/dataset/chicken/chicken_309.jpg,chicken_309.jpg,chicken,.jpg,39.17,512.0,512.0,RGB,JPEG,True,
/content/drive/MyDrive/Calorify/dataset/chicken/chicken_327.jpg,chicken_327.jpg,chicken,.jpg,40.1,512.0,384.0,RGB,JPEG,True,
/content/drive/MyDrive/Calorify/dataset/chicken/chicken_338.jpg,chicken_338.jpg,chicken,.jpg,72.53,512.0,384.0,RGB,JPEG,True,
/content/drive/MyDrive/Calorify/dataset/chicken/chicken_331.jpg,chicken_331.jpg,chicken,.jpg,56.37,512.0,341.0,RGB,JPEG,True,
/content/drive/MyDrive/Calorify/dataset/chicken/chicken_312.jpg,chicken_312.jpg,chicken,.jpg,63.67,512.0,512.0,RGB,JPEG,True,
/content/drive/MyDrive/Calorify/dataset/chicken/chicken_292.jpg,chicken_292.jpg,chicken,.jpg,55.65,512.0,512.0,RGB,JPEG,True,
/content/drive/MyDrive/Calorify/dataset/chicken/chicken_294.jpg,chicken_294.jpg,chicken,.jpg,36.51,512.0,306.0,RGB,JPEG,True,
/content/drive/MyDrive/Calorify/dataset/chicken/chicken_298.jpg,chicken_298.jpg,chicken,.jpg,21.61,512.0,289.0,RGB,JPEG,True,
/content/drive/MyDrive/Calorify/dataset/chicken/chicken_304.jpg,chicken_304.jpg,chicken,.jpg,32.08,384.0,512.0,RGB,JPEG,True,
/content/drive/MyDrive/Calorify/dataset/chicken/chicken_316.jpg,chicken_316.jpg,chicken,.jpg,41.7,512.0,512.0,RGB,JPEG,True,
/content/drive/MyDrive/Calorify/dataset/chicken/chicken_301.jpg,chicken_301.jpg,chicken,.jpg,33.35,512.0,384.0,RGB,JPEG,True,
/content/drive/MyDrive/Calorify/dataset/chicken/chicken_315.jpg,chicken_315.jpg,chicken,.jpg,109.77,512.0,384.0,RGB,JPEG,True,
/content/drive/MyDrive/Calorify/dataset/chicken/chicken_307.jpg,chicken_307.jpg,chicken,.jpg,54.89,512.0,512.0,RGB,JPEG,True,
/content/drive/MyDrive/Calorify/dataset/chicken/chicken_330.jpg,chicken_330.jpg,chicken,.jpg,53.93,512.0,512.0,RGB,JPEG,True,
/content/drive/MyDrive/Calorify/dataset/chicken/chicken_328.jpg,chicken_328.jpg,chicken,.jpg,55.92,512.0,512.0,RGB,JPEG,True,
/content/drive/MyDrive/Calorify/dataset/chicken/chicken_296.jpg,chicken_296.jpg,chicken,.jpg,41.0,384.0,512.0,RGB,JPEG,True,
/content/drive/MyDrive/Calorify/dataset/chicken/chicken_293.jpg,chicken_293.jpg,chicken,.jpg,44.61,512.0,384.0,RGB,JPEG,True,
/content/drive/MyDrive/Calorify/dataset/chicken/chicken_300.jpg,chicken_300.jpg,chicken,.jpg,67.82,512.0,512.0,RGB,JPEG,True,
/content/drive/MyDrive/Calorify/dataset/chicken/chicken_313.jpg,chicken_313.jpg,chicken,.jpg,68.28,512.0,384.0,RGB,JPEG,True,
/content/drive/MyDrive/Calorify/dataset/chicken/chicken_325.jpg,chicken_325.jpg,chicken,.jpg,60.57,512.0,512.0,RGB,JPEG,True,
/content/drive/MyDrive/Calorify/dataset/chicken/chicken_310.jpg,chicken_310.jpg,chicken,.jpg,30.18,512.0,289.0,RGB,JPEG,True,
/content/drive/MyDrive/Calorify/dataset/chicken/chicken_308.jpg,chicken_308.jpg,chicken,.jpg,32.19,512.0,307.0,RGB,JPEG,True,
/content/drive/MyDrive/Calorify/dataset/chicken/chicken_335.jpg,chicken_335.jpg,chicken,.jpg,41.58,512.0,384.0,RGB,JPEG,True,
/content/drive/MyDrive/Calorify/dataset/chicken/chicken_305.jpg,chicken_305.jpg,chicken,.jpg,51.78,512.0,512.0,RGB,JPEG,True,
/content/drive/MyDrive/Calorify/dataset/chicken/chicken_319.jpg,chicken_319.jpg,chicken,.jpg,60.96,512.0,512.0,RGB,JPEG,True,
/content/drive/MyDrive/Calorify/dataset/chicken/chicken_303.jpg,chicken_303.jpg,chicken,.jpg,72.16,512.0,512.0,RGB,JPEG,True,
/content/drive/MyDrive/Calorify/dataset/chicken/chicken_332.jpg,chicken_332.jpg,chicken,.jpg,78.31,512.0,512.0,RGB,JPEG,True,
/content/drive/MyDrive/Calorify/dataset/chicken/chicken_324.jpg,chicken_324.jpg,chicken,.jpg,73.38,512.0,512.0,RGB,JPEG,True,
/content/drive/MyDrive/Calorify/dataset/chicken/chicken_302.jpg,chicken_302.jpg,chicken,.jpg,53.29,512.0,512.0,RGB,JPEG,True,
/content/drive/MyDrive/Calorify/dataset/chicken/chicken_318.jpg,chicken_318.jpg,chicken,.jpg,47.82,512.0,512.0,RGB,JPEG,True,
/content/drive/MyDrive/Calorify/dataset/chicken/chicken_295.jpg,chicken_295.jpg,chicken,.jpg,46.44,384.0,512.0,RGB,JPEG,True,
/content/drive/MyDrive/Calorify/dataset/chicken/chicken_299.jpg,chicken_299.jpg,chicken,.jpg,82.7,512.0,384.0,RGB,JPEG,True,
/content/drive/MyDrive/Calorify/dataset/chicken/chicken_320.jpg,chicken_320.jpg,chicken,.jpg,46.88,512.0,512.0,RGB,JPEG,True,
/content/drive/MyDrive/Calorify/dataset/chicken/chicken_340.jpg,chicken_340.jpg,chicken,.jpg,53.06,512.0,384.0,RGB,JPEG,True,
/content/drive/MyDrive/Calorify/dataset/chicken/chicken_321.jpg,chicken_321.jpg,chicken,.jpg,77.42,512.0,512.0,RGB,JPEG,True,
/content/drive/MyDrive/Calorify/dataset/chicken/chicken_357.jpg,chicken_357.jpg,chicken,.jpg,93.81,512.0,512.0,RGB,JPEG,True,
/content/drive/MyDrive/Calorify/dataset/chicken/chicken_345.jpg,chicken_345.jpg,chicken,.jpg,63.68,512.0,382.0,RGB,JPEG,True,
/content/drive/MyDrive/Calorify/dataset/chicken/chicken_356.jpg,chicken_356.jpg,chicken,.jpg,57.02,512.0,512.0,RGB,JPEG,True,
/content/drive/MyDrive/Calorify/dataset/chicken/chicken_353.jpg,chicken_353.jpg,chicken,.jpg,31.78,512.0,384.0,RGB,JPEG,True,
/content/drive/MyDrive/Calorify/dataset/chicken/chicken_343.jpg,chicken_343.jpg,chicken,.jpg,45.22,384.0,512.0,RGB,JPEG,True,
/content/drive/MyDrive/Calorify/dataset/chicken/chicken_352.jpg,chicken_352.jpg,chicken,.jpg,56.75,512.0,384.0,RGB,JPEG,True,
/content/drive/MyDrive/Calorify/dataset/chicken/chicken_341.jpg,chicken_341.jpg,chicken,.jpg,43.3,512.0,512.0,RGB,JPEG,True,
/content/drive/MyDrive/Calorify/dataset/chicken/chicken_351.jpg,chicken_351.jpg,chicken,.jpg,51.0,385.0,512.0,RGB,JPEG,True,
/content/drive/MyDrive/Calorify/dataset/chicken/chicken_354.jpg,chicken_354.jpg,chicken,.jpg,61.43,512.0,512.0,RGB,JPEG,True,
/content/drive/MyDrive/Calorify/dataset/chicken/chicken_342.jpg,chicken_342.jpg,chicken,.jpg,60.83,512.0,512.0,RGB,JPEG,True,
/content/drive/MyDrive/Calorify/dataset/chicken/chicken_347.jpg,chicken_347.jpg,chicken,.jpg,39.35,512.0,512.0,RGB,JPEG,True,
/content/drive/MyDrive/Calorify/dataset/chicken/chicken_99.jpg,chicken_99.jpg,chicken,.jpg,40.29,512.0,512.0,RGB,JPEG,True,
/content/drive/MyDrive/Calorify/dataset/chicken/chicken_346.jpg,chicken_346.jpg,chicken,.jpg,73.91,512.0,512.0,RGB,JPEG,True,
/content/drive/MyDrive/Calorify/dataset/chicken/chicken_344.jpg,chicken_344.jpg,chicken,.jpg,67.65,512.0,382.0,RGB,JPEG,True,
/content/drive/MyDrive/Calorify/dataset/chicken/chicken_349.jpg,chicken_349.jpg,chicken,.jpg,53.81,512.0,512.0,RGB,JPEG,True,
/content/drive/MyDrive/Calorify/dataset/chicken/chicken_348.jpg,chicken_348.jpg,chicken,.jpg,20.72,512.0,307.0,RGB,JPEG,True,
/content/drive/MyDrive/Calorify/dataset/chicken/chicken_350.jpg,chicken_350.jpg,chicken,.jpg,57.4,512.0,496.0,RGB,JPEG,True,
/content/drive/MyDrive/Calorify/dataset/chicken/chicken_355.jpg,chicken_355.jpg,chicken,.jpg,55.21,512.0,512.0,RGB,JPEG,True,
/content/drive/MyDrive/Calorify/dataset/chicken/chicken_359.jpg,chicken_359.jpg,chicken,.jpg,55.09,512.0,384.0,RGB,JPEG,True,
/content/drive/MyDrive/Calorify/dataset/chicken/chicken_358.jpg,chicken_358.jpg,chicken,.jpg,55.0,512.0,384.0,RGB,JPEG,True,
/content/drive/MyDrive/Calorify/dataset/chicken/360.jpg,360.jpg,chicken,.jpg,91.86,800.0,1085.0,RGB,JPEG,True,
/content/drive/MyDrive/Calorify/dataset/chicken/361.jpg,361.jpg,chicken,.jpg,48.83,626.0,249.0,RGB,JPEG,True,
/content/drive/MyDrive/Calorify/dataset/chicken/362.jpg,362.jpg,chicken,.jpg,1056.25,4928.0,3264.0,RGB,JPEG,True,
/content/drive/MyDrive/Calorify/dataset/chicken/363.jpg,363.jpg,chicken,.jpg,872.33,4000.0,6000.0,RGB,JPEG,True,
/content/drive/MyDrive/Calorify/dataset/chicken/364.jpg,364.jpg,chicken,.jpg,38.06,626.0,472.0,RGB,JPEG,True,
/content/drive/MyDrive/Calorify/dataset/chicken/365.jpg,365.jpg,chicken,.jpg,124.97,1200.0,1500.0,RGB,JPEG,True,
/content/drive/MyDrive/Calorify/dataset/chicken/366.jpg,366.jpg,chicken,.jpg,87.06,626.0,471.0,RGB,JPEG,True,
/content/drive/MyDrive/Calorify/dataset/chicken/367.jpg,367.jpg,chicken,.jpg,67.56,626.0,418.0,RGB,JPEG,True,
/content/drive/MyDrive/Calorify/dataset/chicken/368.jpg,368.jpg,chicken,.jpg,184.76,1600.0,1176.0,RGB,JPEG,True,
/content/drive/MyDrive/Calorify/dataset/chicken/369.jpg,369.jpg,chicken,.jpg,58.82,800.0,530.0,RGB,JPEG,True,
/content/drive/MyDrive/Calorify/dataset/chicken/370.jpg,370.jpg,chicken,.jpg,76.96,800.0,800.0,RGB,JPEG,True,
/content/drive/MyDrive/Calorify/dataset/chicken/371.jpg,371.jpg,chicken,.jpg,94.03,611.0,900.0,RGB,JPEG,True,
/content/drive/MyDrive/Calorify/dataset/chicken/372.jpg,372.jpg,chicken,.jpg,281.63,1200.0,630.0,RGB,JPEG,True,
/content/drive/MyDrive/Calorify/dataset/chicken/373.jpg,373.jpg,chicken,.jpg,70.04,800.0,560.0,RGB,JPEG,True,
/content/drive/MyDrive/Calorify/dataset/chicken/374.jpg,374.jpg,chicken,.jpg,394.26,2250.0,1500.0,RGB,JPEG,True,
/content/drive/MyDrive/Calorify/dataset/chicken/375.jpg,375.jpg,chicken,.jpg,93.07,626.0,626.0,RGB,JPEG,True,
/content/drive/MyDrive/Calorify/dataset/chicken/377.jpg,377.jpg,chicken,.jpg,262.14,1000.0,562.0,RGB,JPEG,True,
/content/drive/MyDrive/Calorify/dataset/chicken/376.jpg,376.jpg,chicken,.jpg,94.06,626.0,626.0,RGB,JPEG,True,
/content/drive/MyDrive/Calorify/dataset/chicken/378.jpg,378.jpg,chicken,.jpg,78.55,626.0,626.0,RGB,JPEG,True,
/content/drive/MyDrive/Calorify/dataset/chicken/380.jpg,380.jpg,chicken,.jpg,299.5,2000.0,1500.0,RGB,JPEG,True,
/content/drive/MyDrive/Calorify/dataset/chicken/381.jpg,381.jpg,chicken,.jpg,92.42,626.0,626.0,RGB,JPEG,True,
/content/drive/MyDrive/Calorify/dataset/chicken/382.jpg,382.jpg,chicken,.jpg,72.05,626.0,418.0,RGB,JPEG,True,
/content/drive/MyDrive/Calorify/dataset/chicken/383.jpg,383.jpg,chicken,.jpg,32.07,626.0,393.0,RGB,JPEG,True,
/content/drive/MyDrive/Calorify/dataset/chicken/384.jpg,384.jpg,chicken,.jpg,87.86,800.0,534.0,RGB,JPEG,True,
/content/drive/MyDrive/Calorify/dataset/chicken/385.jpg,385.jpg,chicken,.jpg,61.47,626.0,351.0,RGB,JPEG,True,
/content/drive/MyDrive/Calorify/dataset/chicken/386.jpg,386.jpg,chicken,.jpg,88.89,626.0,352.0,RGB,JPEG,True,
/content/drive/MyDrive/Calorify/dataset/chicken/387.jpg,387.jpg,chicken,.jpg,160.2,1300.0,956.0,RGB,JPEG,True,
/content/drive/MyDrive/Calorify/dataset/chicken/388.jpg,388.jpg,chicken,.jpg,65.64,800.0,533.0,RGB,JPEG,True,
/content/drive/MyDrive/Calorify/dataset/chicken/389.jpg,389.jpg,chicken,.jpg,115.88,626.0,626.0,RGB,JPEG,True,
/content/drive/MyDrive/Calorify/dataset/chicken/390.jpg,390.jpg,chicken,.jpg,93.36,626.0,417.0,RGB,JPEG,True,
/content/drive/MyDrive/Calorify/dataset/chicken/391.jpg,391.jpg,chicken,.jpg,76.68,626.0,418.0,RGB,JPEG,True,
/content/drive/MyDrive/Calorify/dataset/chicken/392.jpg,392.jpg,chicken,.jpg,50.87,626.0,351.0,RGB,JPEG,True,
/content/drive/MyDrive/Calorify/dataset/chicken/393.jpg,393.jpg,chicken,.jpg,575.86,1200.0,1200.0,RGB,JPEG,True,
/content/drive/MyDrive/Calorify/dataset/chicken/394.jpg,394.jpg,chicken,.jpg,1243.44,2048.0,1536.0,RGB,JPEG,True,
/content/drive/MyDrive/Calorify/dataset/chicken/395.jpg,395.jpg,chicken,.jpg,73.41,626.0,417.0,RGB,JPEG,True,
/content/drive/MyDrive/Calorify/dataset/chicken/398.jpg,398.jpg,chicken,.jpg,237.25,1600.0,1067.0,RGB,JPEG,True,
/content/drive/MyDrive/Calorify/dataset/chicken/400.jpg,400.jpg,chicken,.jpg,643.48,2410.0,2410.0,RGB,JPEG,True,
/content/drive/MyDrive/Calorify/dataset/chicken/401.jpg,401.jpg,chicken,.jpg,58.58,800.0,534.0,RGB,JPEG,True,
/content/drive/MyDrive/Calorify/dataset/chicken/402.jpg,402.jpg,chicken,.jpg,1635.63,1456.0,816.0,RGB,PNG,True,
/content/drive/MyDrive/Calorify/dataset/chicken/403.jpg,403.jpg,chicken,.jpg,1064.77,1307.0,980.0,RGBA,PNG,True,
/content/drive/MyDrive/Calorify/dataset/chicken/404.jpg,404.jpg,chicken,.jpg,864.95,980.0,980.0,RGBA,PNG,True,
/content/drive/MyDrive/Calorify/dataset/chicken/405.jpg,405.jpg,chicken,.jpg,167.96,1080.0,1080.0,RGB,JPEG,True,
/content/drive/MyDrive/Calorify/dataset/chicken/406.jpg,406.jpg,chicken,.jpg,78.32,417.0,626.0,RGB,JPEG,True,
/content/drive/MyDrive/Calorify/dataset/chicken/407.jpg,407.jpg,chicken,.jpg,1081.21,3558.0,5337.0,RGB,JPEG,True,
/content/drive/MyDrive/Calorify/dataset/chicken/408.jpg,408.jpg,chicken,.jpg,252.35,1300.0,957.0,RGB,JPEG,True,
/content/drive/MyDrive/Calorify/dataset/chicken/409.jpg,409.jpg,chicken,.jpg,132.31,800.0,800.0,RGB,JPEG,True,
/content/drive/MyDrive/Calorify/dataset/chicken/410.jpg,410.jpg,chicken,.jpg,255.2,1000.0,800.0,RGB,JPEG,True,
/content/drive/MyDrive/Calorify/dataset/chicken/411.jpg,411.jpg,chicken,.jpg,67.43,500.0,750.0,RGB,JPEG,True,
/content/drive/MyDrive/Calorify/dataset/chicken/412.jpg,412.jpg,chicken,.jpg,83.84,408.0,728.0,RGB,JPEG,True,
/content/drive/MyDrive/Calorify/dataset/chicken/413.jpg,413.jpg,chicken,.jpg,107.22,996.0,664.0,RGB,JPEG,True,
/content/drive/MyDrive/Calorify/dataset/chicken/414.jpg,414.jpg,chicken,.jpg,464.98,1000.0,667.0,RGB,JPEG,True,
/content/drive/MyDrive/Calorify/dataset/chicken/415.jpg,415.jpg,chicken,.jpg,46.25,768.0,549.0,RGB,JPEG,True,
/content/drive/MyDrive/Calorify/dataset/chicken/416.jpg,416.jpg,chicken,.jpg,78.12,626.0,428.0,RGB,JPEG,True,
/content/drive/MyDrive/Calorify/dataset/chicken/417.jpg,417.jpg,chicken,.jpg,278.94,3840.0,2160.0,RGB,JPEG,True,
/content/drive/MyDrive/Calorify/dataset/chicken/418.jpg,418.jpg,chicken,.jpg,1861.0,4640.0,6960.0,RGB,JPEG,True,
/content/drive/MyDrive/Calorify/dataset/chicken/419.jpg,419.jpg,chicken,.jpg,56.61,626.0,384.0,RGB,JPEG,True,
/content/drive/MyDrive/Calorify/dataset/chicken/420.jpg,420.jpg,chicken,.jpg,120.54,996.0,672.0,RGB,JPEG,True,
/content/drive/MyDrive/Calorify/dataset/chicken/421.jpg,421.jpg,chicken,.jpg,96.02,626.0,417.0,RGB,JPEG,True,
/content/drive/MyDrive/Calorify/dataset/chicken/422.jpg,422.jpg,chicken,.jpg,44.89,626.0,417.0,RGB,JPEG,True,
/content/drive/MyDrive/Calorify/dataset/chicken/423.jpg,423.jpg,chicken,.jpg,70.85,626.0,417.0,RGB,JPEG,True,
/content/drive/MyDrive/Calorify/dataset/chicken/424.jpg,424.jpg,chicken,.jpg,69.2,626.0,417.0,RGB,JPEG,True,
/content/drive/MyDrive/Calorify/dataset/chicken/425.jpg,425.jpg,chicken,.jpg,45.72,626.0,443.0,RGB,JPEG,True,
/content/drive/MyDrive/Calorify/dataset/chicken/426.jpg,426.jpg,chicken,.jpg,530.94,3000.0,2000.0,RGB,JPEG,True,
/content/drive/MyDrive/Calorify/dataset/chicken/427.jpg,427.jpg,chicken,.jpg,62.07,626.0,351.0,RGB,JPEG,True,
/content/drive/MyDrive/Calorify/dataset/chicken/428.jpg,428.jpg,chicken,.jpg,78.57,626.0,417.0,RGB,JPEG,True,
/content/drive/MyDrive/Calorify/dataset/chicken/429.jpg,429.jpg,chicken,.jpg,83.25,417.0,626.0,RGB,JPEG,True,
/content/drive/MyDrive/Calorify/dataset/chicken/430.jpg,430.jpg,chicken,.jpg,94.42,417.0,626.0,RGB,JPEG,True,
/content/drive/MyDrive/Calorify/dataset/chicken/431.jpg,431.jpg,chicken,.jpg,78.87,626.0,417.0,RGB,JPEG,True,
/content/drive/MyDrive/Calorify/dataset/chicken/432.jpg,432.jpg,chicken,.jpg,112.57,626.0,418.0,RGB,JPEG,True,
/content/drive/MyDrive/Calorify/dataset/chicken/433.jpg,433.jpg,chicken,.jpg,72.05,626.0,418.0,RGB,JPEG,True,
/content/drive/MyDrive/Calorify/dataset/chicken/434.jpg,434.jpg,chicken,.jpg,1399.17,4998.0,3999.0,RGB,JPEG,True,
/content/drive/MyDrive/Calorify/dataset/chicken/435.jpg,435.jpg,chicken,.jpg,1641.39,7712.0,5144.0,RGB,JPEG,True,
/content/drive/MyDrive/Calorify/dataset/chicken/436.jpg,436.jpg,chicken,.jpg,152.14,996.0,779.0,RGB,JPEG,True,
/content/drive/MyDrive/Calorify/dataset/chicken/437.jpg,437.jpg,chicken,.jpg,86.88,626.0,626.0,RGB,JPEG,True,
/content/drive/MyDrive/Calorify/dataset/chicken/438.jpg,438.jpg,chicken,.jpg,59.98,600.0,900.0,RGB,JPEG,True,
/content/drive/MyDrive/Calorify/dataset/chicken/439.jpg,439.jpg,chicken,.jpg,134.64,1600.0,1157.0,RGB,JPEG,True,
/content/drive/MyDrive/Calorify/dataset/chicken/441.jpg,441.jpg,chicken,.jpg,78.09,1500.0,1000.0,RGB,JPEG,True,
/content/drive/MyDrive/Calorify/dataset/chicken/442.jpg,442.jpg,chicken,.jpg,58.31,626.0,417.0,RGB,JPEG,True,
/content/drive/MyDrive/Calorify/dataset/chicken/443.jpg,443.jpg,chicken,.jpg,73.86,800.0,532.0,RGB,JPEG,True,
/content/drive/MyDrive/Calorify/dataset/chicken/445.jpg,445.jpg,chicken,.jpg,525.78,3000.0,5333.0,RGB,JPEG,True,
/content/drive/MyDrive/Calorify/dataset/chicken/446.jpg,446.jpg,chicken,.jpg,129.23,640.0,960.0,RGB,JPEG,True,
/content/drive/MyDrive/Calorify/dataset/chicken/447.jpg,447.jpg,chicken,.jpg,32.22,800.0,534.0,RGB,JPEG,True,
/content/drive/MyDrive/Calorify/dataset/chicken/448.jpg,448.jpg,chicken,.jpg,66.88,626.0,417.0,RGB,JPEG,True,
/content/drive/MyDrive/Calorify/dataset/chicken/449.jpg,449.jpg,chicken,.jpg,60.51,800.0,534.0,RGB,JPEG,True,
/content/drive/MyDrive/Calorify/dataset/chicken/450.jpg,450.jpg,chicken,.jpg,120.54,996.0,672.0,RGB,JPEG,True,
/content/drive/MyDrive/Calorify/dataset/chicken/451.jpg,451.jpg,chicken,.jpg,231.41,1201.0,901.0,RGB,JPEG,True,
/content/drive/MyDrive/Calorify/dataset/chicken/452.jpg,452.jpg,chicken,.jpg,96.02,626.0,417.0,RGB,JPEG,True,
/content/drive/MyDrive/Calorify/dataset/chicken/453.jpg,453.jpg,chicken,.jpg,44.89,626.0,417.0,RGB,JPEG,True,
/content/drive/MyDrive/Calorify/dataset/chicken/454.jpg,454.jpg,chicken,.jpg,67.7,626.0,417.0,RGB,JPEG,True,
/content/drive/MyDrive/Calorify/dataset/chicken/455.jpg,455.jpg,chicken,.jpg,69.42,626.0,417.0,RGB,JPEG,True,
/content/drive/MyDrive/Calorify/dataset/chicken/456.jpg,456.jpg,chicken,.jpg,70.85,626.0,417.0,RGB,JPEG,True,
/content/drive/MyDrive/Calorify/dataset/chicken/457.jpg,457.jpg,chicken,.jpg,94.08,626.0,417.0,RGB,JPEG,True,
/content/drive/MyDrive/Calorify/dataset/chicken/458.jpg,458.jpg,chicken,.jpg,69.2,626.0,417.0,RGB,JPEG,True,
/content/drive/MyDrive/Calorify/dataset/chicken/459.jpg,459.jpg,chicken,.jpg,530.94,3000.0,2000.0,RGB,JPEG,True,
/content/drive/MyDrive/Calorify/dataset/chicken/460.jpg,460.jpg,chicken,.jpg,48.83,626.0,249.0,RGB,JPEG,True,
/content/drive/MyDrive/Calorify/dataset/chicken/461.jpg,461.jpg,chicken,.jpg,1056.25,4928.0,3264.0,RGB,JPEG,True,
/content/drive/MyDrive/Calorify/dataset/chicken/462.jpg,462.jpg,chicken,.jpg,872.33,4000.0,6000.0,RGB,JPEG,True,
/content/drive/MyDrive/Calorify/dataset/chicken/463.jpg,463.jpg,chicken,.jpg,48.27,626.0,472.0,RGB,JPEG,True,
/content/drive/MyDrive/Calorify/dataset/chicken/464.jpg,464.jpg,chicken,.jpg,124.97,1200.0,1500.0,RGB,JPEG,True,
/content/drive/MyDrive/Calorify/dataset/chicken/465.jpg,465.jpg,chicken,.jpg,87.06,626.0,471.0,RGB,JPEG,True,
/content/drive/MyDrive/Calorify/dataset/chicken/467.jpg,467.jpg,chicken,.jpg,67.56,626.0,418.0,RGB,JPEG,True,
/content/drive/MyDrive/Calorify/dataset/chicken/468.jpg,468.jpg,chicken,.jpg,296.92,1200.0,1201.0,RGB,JPEG,True,
/content/drive/MyDrive/Calorify/dataset/chicken/469.jpg,469.jpg,chicken,.jpg,184.76,1600.0,1176.0,RGB,JPEG,True,
/content/drive/MyDrive/Calorify/dataset/chicken/470.jpg,470.jpg,chicken,.jpg,58.82,800.0,530.0,RGB,JPEG,True,
/content/drive/MyDrive/Calorify/dataset/chicken/471.jpg,471.jpg,chicken,.jpg,111.65,1050.0,700.0,RGB,JPEG,True,
/content/drive/MyDrive/Calorify/dataset/chicken/472.jpg,472.jpg,chicken,.jpg,23.24,612.0,417.0,RGB,JPEG,True,
/content/drive/MyDrive/Calorify/dataset/chicken/473.jpg,473.jpg,chicken,.jpg,1300.05,1200.0,1800.0,P,PNG,True,
/content/drive/MyDrive/Calorify/dataset/chicken/474.jpg,474.jpg,chicken,.jpg,1262.71,1200.0,1800.0,RGB,JPEG,True,
/content/drive/MyDrive/Calorify/dataset/chicken/475.jpg,475.jpg,chicken,.jpg,76.96,800.0,800.0,RGB,JPEG,True,
/content/drive/MyDrive/Calorify/dataset/chicken/476.jpg,476.jpg,chicken,.jpg,94.03,611.0,900.0,RGB,JPEG,True,
/content/drive/MyDrive/Calorify/dataset/chicken/478.jpg,478.jpg,chicken,.jpg,70.04,800.0,560.0,RGB,JPEG,True,
/content/drive/MyDrive/Calorify/dataset/chicken/477.jpg,477.jpg,chicken,.jpg,281.63,1200.0,630.0,RGB,JPEG,True,
/content/drive/MyDrive/Calorify/dataset/chicken/479.jpg,479.jpg,chicken,.jpg,394.26,2250.0,1500.0,RGB,JPEG,True,
/content/drive/MyDrive/Calorify/dataset/chicken/480.jpg,480.jpg,chicken,.jpg,118.24,626.0,626.0,RGB,JPEG,True,
/content/drive/MyDrive/Calorify/dataset/chicken/481.jpg,481.jpg,chicken,.jpg,119.54,626.0,626.0,RGB,JPEG,True,
/content/drive/MyDrive/Calorify/dataset/chicken/482.jpg,482.jpg,chicken,.jpg,262.14,1000.0,562.0,RGB,JPEG,True,
/content/drive/MyDrive/Calorify/dataset/chicken/483.jpg,483.jpg,chicken,.jpg,100.19,626.0,626.0,RGB,JPEG,True,
/content/drive/MyDrive/Calorify/dataset/chicken/485.jpg,485.jpg,chicken,.jpg,208.01,1600.0,1690.0,RGB,JPEG,True,
/content/drive/MyDrive/Calorify/dataset/chicken/486.jpg,486.jpg,chicken,.jpg,79.18,626.0,626.0,RGB,JPEG,True,
/content/drive/MyDrive/Calorify/dataset/chicken/487.jpg,487.jpg,chicken,.jpg,76.21,626.0,626.0,RGB,JPEG,True,
/content/drive/MyDrive/Calorify/dataset/chicken/488.jpg,488.jpg,chicken,.jpg,120.96,626.0,626.0,RGB,JPEG,True,
/content/drive/MyDrive/Calorify/dataset/chicken/489.jpg,489.jpg,chicken,.jpg,89.29,740.0,493.0,RGB,JPEG,True,
/content/drive/MyDrive/Calorify/dataset/chicken/490.jpg,490.jpg,chicken,.jpg,60.26,626.0,415.0,RGB,JPEG,True,
/content/drive/MyDrive/Calorify/dataset/chicken/491.jpg,491.jpg,chicken,.jpg,299.5,2000.0,1500.0,RGB,JPEG,True,
/content/drive/MyDrive/Calorify/dataset/chicken/492.jpg,492.jpg,chicken,.jpg,119.45,626.0,626.0,RGB,JPEG,True,
/content/drive/MyDrive/Calorify/dataset/chicken/494.jpg,494.jpg,chicken,.jpg,32.07,626.0,393.0,RGB,JPEG,True,
/content/drive/MyDrive/Calorify/dataset/chicken/493.jpg,493.jpg,chicken,.jpg,72.05,626.0,418.0,RGB,JPEG,True,
/content/drive/MyDrive/Calorify/dataset/chicken/495.jpg,495.jpg,chicken,.jpg,60.67,800.0,534.0,RGB,JPEG,True,
/content/drive/MyDrive/Calorify/dataset/chicken/496.jpg,496.jpg,chicken,.jpg,134.64,1600.0,1157.0,RGB,JPEG,True,
/content/drive/MyDrive/Calorify/dataset/chicken/497.jpg,497.jpg,chicken,.jpg,160.2,1300.0,956.0,RGB,JPEG,True,
/content/drive/MyDrive/Calorify/dataset/chicken/498.jpg,498.jpg,chicken,.jpg,65.64,800.0,533.0,RGB,JPEG,True,
/content/drive/MyDrive/Calorify/dataset/chicken/499.jpg,499.jpg,chicken,.jpg,115.88,626.0,626.0,RGB,JPEG,True,
/content/drive/MyDrive/Calorify/dataset/chicken/500.jpg,500.jpg,chicken,.jpg,82.85,626.0,418.0,RGB,JPEG,True,
/content/drive/MyDrive/Calorify/dataset/chicken/501.jpg,501.jpg,chicken,.jpg,1677.95,4301.0,6451.0,RGB,JPEG,True,
/content/drive/MyDrive/Calorify/dataset/chicken/502.jpg,502.jpg,chicken,.jpg,267.69,996.0,747.0,RGB,JPEG,True,
/content/drive/MyDrive/Calorify/dataset/chicken/503.jpg,503.jpg,chicken,.jpg,39.66,414.0,626.0,RGB,JPEG,True,
/content/drive/MyDrive/Calorify/dataset/chicken/504.jpg,504.jpg,chicken,.jpg,88.14,600.0,900.0,RGB,JPEG,True,
/content/drive/MyDrive/Calorify/dataset/chicken/505.jpg,505.jpg,chicken,.jpg,198.09,1200.0,1798.0,RGB,JPEG,True,
/content/drive/MyDrive/Calorify/dataset/chicken/506.jpg,506.jpg,chicken,.jpg,93.36,626.0,417.0,RGB,JPEG,True,
/content/drive/MyDrive/Calorify/dataset/chicken/507.jpg,507.jpg,chicken,.jpg,76.68,626.0,418.0,RGB,JPEG,True,
/content/drive/MyDrive/Calorify/dataset/chicken/508.jpg,508.jpg,chicken,.jpg,575.86,1200.0,1200.0,RGB,JPEG,True,
/content/drive/MyDrive/Calorify/dataset/chicken/509.jpg,509.jpg,chicken,.jpg,132.61,1920.0,1080.0,RGB,JPEG,True,
/content/drive/MyDrive/Calorify/dataset/chicken/510.jpg,510.jpg,chicken,.jpg,1243.44,2048.0,1536.0,RGB,JPEG,True,
/content/drive/MyDrive/Calorify/dataset/chicken/511.jpg,511.jpg,chicken,.jpg,73.41,626.0,417.0,RGB,JPEG,True,
/content/drive/MyDrive/Calorify/dataset/chicken/513.jpg,513.jpg,chicken,.jpg,50.83,600.0,900.0,RGB,JPEG,True,
/content/drive/MyDrive/Calorify/dataset/chicken/514.jpg,514.jpg,chicken,.jpg,46.13,800.0,450.0,RGB,JPEG,True,
/content/drive/MyDrive/Calorify/dataset/chicken/516.jpg,516.jpg,chicken,.jpg,116.9,800.0,800.0,RGB,JPEG,True,
/content/drive/MyDrive/Calorify/dataset/chicken/518.jpg,518.jpg,chicken,.jpg,258.54,3840.0,2160.0,RGB,JPEG,True,
/content/drive/MyDrive/Calorify/dataset/chicken/517.jpg,517.jpg,chicken,.jpg,75.54,736.0,552.0,RGB,JPEG,True,
/content/drive/MyDrive/Calorify/dataset/chicken/519.jpg,519.jpg,chicken,.jpg,44.62,800.0,450.0,RGB,JPEG,True,
/content/drive/MyDrive/Calorify/dataset/chicken/520.jpg,520.jpg,chicken,.jpg,643.48,2410.0,2410.0,RGB,JPEG,True,
/content/drive/MyDrive/Calorify/dataset/chicken/521.jpg,521.jpg,chicken,.jpg,58.58,800.0,534.0,RGB,JPEG,True,
/content/drive/MyDrive/Calorify/dataset/chicken/522.jpg,522.jpg,chicken,.jpg,1635.63,1456.0,816.0,RGB,PNG,True,
/content/drive/MyDrive/Calorify/dataset/chicken/523.jpg,523.jpg,chicken,.jpg,1004.73,1307.0,980.0,RGBA,PNG,True,
/content/drive/MyDrive/Calorify/dataset/chicken/524.jpg,524.jpg,chicken,.jpg,835.27,980.0,980.0,RGBA,PNG,True,
/content/drive/MyDrive/Calorify/dataset/chicken/525.jpg,525.jpg,chicken,.jpg,167.96,1080.0,1080.0,RGB,JPEG,True,
/content/drive/MyDrive/Calorify/dataset/chicken/526.jpg,526.jpg,chicken,.jpg,98.93,417.0,626.0,RGB,JPEG,True,
/content/drive/MyDrive/Calorify/dataset/chicken/527.jpg,527.jpg,chicken,.jpg,1081.21,3558.0,5337.0,RGB,JPEG,True,
/content/drive/MyDrive/Calorify/dataset/chicken/528.jpg,528.jpg,chicken,.jpg,252.35,1300.0,957.0,RGB,JPEG,True,
/content/drive/MyDrive/Calorify/dataset/chicken/529.jpg,529.jpg,chicken,.jpg,132.31,800.0,800.0,RGB,JPEG,True,
/content/drive/MyDrive/Calorify/dataset/chicken/530.jpg,530.jpg,chicken,.jpg,103.88,626.0,417.0,RGB,JPEG,True,
/content/drive/MyDrive/Calorify/dataset/chicken/531.jpg,531.jpg,chicken,.jpg,241.37,1300.0,957.0,RGB,JPEG,True,
/content/drive/MyDrive/Calorify/dataset/chicken/532.jpg,532.jpg,chicken,.jpg,507.41,768.0,1020.0,P,PNG,True,
/content/drive/MyDrive/Calorify/dataset/chicken/533.jpg,533.jpg,chicken,.jpg,303.42,1300.0,1678.0,RGB,JPEG,True,
/content/drive/MyDrive/Calorify/dataset/chicken/535.jpg,535.jpg,chicken,.jpg,66.57,866.0,1390.0,RGB,JPEG,True,
/content/drive/MyDrive/Calorify/dataset/chicken/536.jpg,536.jpg,chicken,.jpg,255.2,1000.0,800.0,RGB,JPEG,True,
/content/drive/MyDrive/Calorify/dataset/chicken/537.jpg,537.jpg,chicken,.jpg,67.43,500.0,750.0,RGB,JPEG,True,
/content/drive/MyDrive/Calorify/dataset/chicken/538.jpg,538.jpg,chicken,.jpg,83.84,408.0,728.0,RGB,JPEG,True,
/content/drive/MyDrive/Calorify/dataset/chicken/539.jpg,539.jpg,chicken,.jpg,135.9,996.0,664.0,RGB,JPEG,True,
/content/drive/MyDrive/Calorify/dataset/chicken/540.jpg,540.jpg,chicken,.jpg,464.98,1000.0,667.0,RGB,JPEG,True,
/content/drive/MyDrive/Calorify/dataset/chicken/541.jpg,541.jpg,chicken,.jpg,278.94,3840.0,2160.0,RGB,JPEG,True,
/content/drive/MyDrive/Calorify/dataset/chicken/542.jpg,542.jpg,chicken,.jpg,1861.0,4640.0,6960.0,RGB,JPEG,True,
/content/drive/MyDrive/Calorify/dataset/chicken/544.jpg,544.jpg,chicken,.jpg,39.18,800.0,450.0,RGB,JPEG,True,
/content/drive/MyDrive/Calorify/dataset/chicken/545.jpg,545.jpg,chicken,.jpg,1078.14,6016.0,4016.0,RGB,JPEG,True,
/content/drive/MyDrive/Calorify/dataset/chicken/546.jpg,546.jpg,chicken,.jpg,57.01,728.0,408.0,RGB,JPEG,True,
/content/drive/MyDrive/Calorify/dataset/chicken/547.jpg,547.jpg,chicken,.jpg,55.44,800.0,533.0,RGB,JPEG,True,
/content/drive/MyDrive/Calorify/dataset/chicken/548.jpg,548.jpg,chicken,.jpg,135.33,1300.0,956.0,RGB,JPEG,True,
/content/drive/MyDrive/Calorify/dataset/chicken/549.jpg,549.jpg,chicken,.jpg,145.63,1300.0,951.0,RGB,JPEG,True,
/content/drive/MyDrive/Calorify/dataset/chicken/550.jpg,550.jpg,chicken,.jpg,96.02,626.0,417.0,RGB,JPEG,True,
/content/drive/MyDrive/Calorify/dataset/chicken/551.jpg,551.jpg,chicken,.jpg,56.83,626.0,417.0,RGB,JPEG,True,
/content/drive/MyDrive/Calorify/dataset/chicken/552.jpg,552.jpg,chicken,.jpg,90.98,626.0,417.0,RGB,JPEG,True,
/content/drive/MyDrive/Calorify/dataset/chicken/553.jpg,553.jpg,chicken,.jpg,88.32,626.0,417.0,RGB,JPEG,True,
/content/drive/MyDrive/Calorify/dataset/chicken/554.jpg,554.jpg,chicken,.jpg,55.24,626.0,443.0,RGB,JPEG,True,
/content/drive/MyDrive/Calorify/dataset/chicken/555.jpg,555.jpg,chicken,.jpg,530.94,3000.0,2000.0,RGB,JPEG,True,
/content/drive/MyDrive/Calorify/dataset/chicken/556.jpg,556.jpg,chicken,.jpg,62.07,626.0,351.0,RGB,JPEG,True,
/content/drive/MyDrive/Calorify/dataset/chicken/557.jpg,557.jpg,chicken,.jpg,83.25,417.0,626.0,RGB,JPEG,True,
/content/drive/MyDrive/Calorify/dataset/chicken/558.jpg,558.jpg,chicken,.jpg,1078.14,6016.0,4016.0,RGB,JPEG,True,
/content/drive/MyDrive/Calorify/dataset/chicken/559.jpg,559.jpg,chicken,.jpg,123.96,626.0,626.0,RGB,JPEG,True,
/content/drive/MyDrive/Calorify/dataset/chicken/560.jpg,560.jpg,chicken,.jpg,66.21,626.0,351.0,RGB,JPEG,True,
/content/drive/MyDrive/Calorify/dataset/chicken/561.jpg,561.jpg,chicken,.jpg,223.79,1047.0,1480.0,RGB,JPEG,True,
/content/drive/MyDrive/Calorify/dataset/chicken/562.jpg,562.jpg,chicken,.jpg,69.06,626.0,417.0,RGB,JPEG,True,
/content/drive/MyDrive/Calorify/dataset/chicken/563.jpg,563.jpg,chicken,.jpg,53.55,626.0,408.0,RGB,JPEG,True,
/content/drive/MyDrive/Calorify/dataset/chicken/564.jpg,564.jpg,chicken,.jpg,56.82,626.0,351.0,RGB,JPEG,True,
/content/drive/MyDrive/Calorify/dataset/chicken/565.jpg,565.jpg,chicken,.jpg,94.42,417.0,626.0,RGB,JPEG,True,
/content/drive/MyDrive/Calorify/dataset/chicken/566.jpg,566.jpg,chicken,.jpg,100.32,626.0,417.0,RGB,JPEG,True,
/content/drive/MyDrive/Calorify/dataset/chicken/567.jpg,567.jpg,chicken,.jpg,112.57,626.0,418.0,RGB,JPEG,True,
/content/drive/MyDrive/Calorify/dataset/chicken/568.jpg,568.jpg,chicken,.jpg,72.05,626.0,418.0,RGB,JPEG,True,
/content/drive/MyDrive/Calorify/dataset/chicken/569.jpg,569.jpg,chicken,.jpg,1399.17,4998.0,3999.0,RGB,JPEG,True,
/content/drive/MyDrive/Calorify/dataset/chicken/570.jpg,570.jpg,chicken,.jpg,1641.39,7712.0,5144.0,RGB,JPEG,True,
/content/drive/MyDrive/Calorify/dataset/chicken/571.jpg,571.jpg,chicken,.jpg,152.14,996.0,779.0,RGB,JPEG,True,
/content/drive/MyDrive/Calorify/dataset/chicken/572.jpg,572.jpg,chicken,.jpg,59.98,600.0,900.0,RGB,JPEG,True,
/content/drive/MyDrive/Calorify/dataset/chicken/573.jpg,573.jpg,chicken,.jpg,92.27,470.0,626.0,RGB,JPEG,True,
/content/drive/MyDrive/Calorify/dataset/chicken/574.jpg,574.jpg,chicken,.jpg,46.69,626.0,417.0,RGB,JPEG,True,
/content/drive/MyDrive/Calorify/dataset/chicken/575.jpg,575.jpg,chicken,.jpg,1599.17,5618.0,3738.0,RGB,JPEG,True,
/content/drive/MyDrive/Calorify/dataset/chicken/576.jpg,576.jpg,chicken,.jpg,108.57,1300.0,960.0,RGB,JPEG,True,
/content/drive/MyDrive/Calorify/dataset/chicken/577.jpg,577.jpg,chicken,.jpg,60.15,626.0,415.0,RGB,JPEG,True,
/content/drive/MyDrive/Calorify/dataset/chicken/578.jpg,578.jpg,chicken,.jpg,921.52,5616.0,3744.0,RGB,JPEG,True,
/content/drive/MyDrive/Calorify/dataset/chicken/579.jpg,579.jpg,chicken,.jpg,82.85,626.0,418.0,RGB,JPEG,True,
/content/drive/MyDrive/Calorify/dataset/chicken/580.jpg,580.jpg,chicken,.jpg,231.74,1300.0,1390.0,RGB,JPEG,True,
/content/drive/MyDrive/Calorify/dataset/chicken/582.jpg,582.jpg,chicken,.jpg,109.06,1600.0,1157.0,RGB,JPEG,True,
/content/drive/MyDrive/Calorify/dataset/chicken/581.jpg,581.jpg,chicken,.jpg,78.09,1500.0,1000.0,RGB,JPEG,True,
/content/drive/MyDrive/Calorify/dataset/chicken/586.jpg,586.jpg,chicken,.jpg,32.22,800.0,534.0,RGB,JPEG,True,
/content/drive/MyDrive/Calorify/dataset/chicken/585.jpg,585.jpg,chicken,.jpg,129.23,640.0,960.0,RGB,JPEG,True,
/content/drive/MyDrive/Calorify/dataset/chicken/588.jpg,588.jpg,chicken,.jpg,82.6,626.0,417.0,RGB,JPEG,True,
/content/drive/MyDrive/Calorify/dataset/chicken/589.jpg,589.jpg,chicken,.jpg,679.87,1707.0,2560.0,RGB,JPEG,True,
/content/drive/MyDrive/Calorify/dataset/chicken/590.jpg,590.jpg,chicken,.jpg,60.51,800.0,534.0,RGB,JPEG,True,
/content/drive/MyDrive/Calorify/dataset/chicken/591.jpg,591.jpg,chicken,.jpg,41.27,600.0,900.0,RGB,JPEG,True,
/content/drive/MyDrive/Calorify/dataset/chicken/593.jpg,593.jpg,chicken,.jpg,350.74,1200.0,1200.0,RGB,JPEG,True,
/content/drive/MyDrive/Calorify/dataset/chicken/595.jpg,595.jpg,chicken,.jpg,153.03,996.0,672.0,RGB,JPEG,True,
/content/drive/MyDrive/Calorify/dataset/chicken/596.jpg,596.jpg,chicken,.jpg,231.41,1201.0,901.0,RGB,JPEG,True,
/content/drive/MyDrive/Calorify/dataset/chicken/597.jpg,597.jpg,chicken,.jpg,96.02,626.0,417.0,RGB,JPEG,True,
/content/drive/MyDrive/Calorify/dataset/chicken/598.jpg,598.jpg,chicken,.jpg,56.83,626.0,417.0,RGB,JPEG,True,
/content/drive/MyDrive/Calorify/dataset/chicken/599.jpg,599.jpg,chicken,.jpg,86.19,626.0,417.0,RGB,JPEG,True,
/content/drive/MyDrive/Calorify/dataset/chicken/600.jpg,600.jpg,chicken,.jpg,88.67,626.0,417.0,RGB,JPEG,True,
/content/drive/MyDrive/Calorify/dataset/chicken/601.jpg,601.jpg,chicken,.jpg,90.98,626.0,417.0,RGB,JPEG,True,
/content/drive/MyDrive/Calorify/dataset/chicken/602.jpg,602.jpg,chicken,.jpg,94.08,626.0,417.0,RGB,JPEG,True,
/content/drive/MyDrive/Calorify/dataset/chicken/603.jpg,603.jpg,chicken,.jpg,88.32,626.0,417.0,RGB,JPEG,True,
/content/drive/MyDrive/Calorify/dataset/chicken/605.jpg,605.jpg,chicken,.jpg,62.07,626.0,351.0,RGB,JPEG,True,
/content/drive/MyDrive/Calorify/dataset/chicken/604.jpg,604.jpg,chicken,.jpg,530.94,3000.0,2000.0,RGB,JPEG,True,
/content/drive/MyDrive/Calorify/dataset/chicken/606.jpg,606.jpg,chicken,.jpg,97.52,626.0,626.0,RGB,JPEG,True,
/content/drive/MyDrive/Calorify/dataset/chicken/607.jpg,607.jpg,chicken,.jpg,70.57,417.0,626.0,RGB,JPEG,True,
/content/drive/MyDrive/Calorify/dataset/chicken/608.jpg,608.jpg,chicken,.jpg,83.25,417.0,626.0,RGB,JPEG,True,
/content/drive/MyDrive/Calorify/dataset/chicken/609.jpg,609.jpg,chicken,.jpg,1078.14,6016.0,4016.0,RGB,JPEG,True,
/content/drive/MyDrive/Calorify/dataset/salad/1.jpg,1.jpg,salad,.jpg,79.84,1300.0,957.0,RGB,JPEG,True,
/content/drive/MyDrive/Calorify/dataset/salad/0.jpg,0.jpg,salad,.jpg,1130.54,1800.0,1800.0,RGB,JPEG,True,
/content/drive/MyDrive/Calorify/dataset/salad/100.jpg,100.jpg,salad,.jpg,167.41,1600.0,1298.0,RGB,JPEG,True,
/content/drive/MyDrive/Calorify/dataset/salad/111.jpg,111.jpg,salad,.jpg,38.88,626.0,417.0,RGB,JPEG,True,
/content/drive/MyDrive/Calorify/dataset/salad/128.jpg,128.jpg,salad,.jpg,54.68,820.0,820.0,RGB,JPEG,True,
/content/drive/MyDrive/Calorify/dataset/salad/126.jpg,126.jpg,salad,.jpg,125.22,481.0,626.0,RGB,JPEG,True,
/content/drive/MyDrive/Calorify/dataset/salad/120.jpg,120.jpg,salad,.jpg,151.18,1470.0,980.0,RGB,JPEG,True,
/content/drive/MyDrive/Calorify/dataset/salad/115.jpg,115.jpg,salad,.jpg,115.38,626.0,626.0,RGB,JPEG,True,
/content/drive/MyDrive/Calorify/dataset/salad/125.jpg,125.jpg,salad,.jpg,136.56,1067.0,1690.0,RGB,JPEG,True,
/content/drive/MyDrive/Calorify/dataset/salad/121.jpg,121.jpg,salad,.jpg,55.1,417.0,626.0,RGB,JPEG,True,
/content/drive/MyDrive/Calorify/dataset/salad/135.jpg,135.jpg,salad,.jpg,1554.56,1280.0,1920.0,RGB,JPEG,True,
/content/drive/MyDrive/Calorify/dataset/salad/103.jpg,103.jpg,salad,.jpg,144.94,1600.0,1155.0,RGB,JPEG,True,
/content/drive/MyDrive/Calorify/dataset/salad/122.jpg,122.jpg,salad,.jpg,188.0,1600.0,1155.0,RGB,JPEG,True,
/content/drive/MyDrive/Calorify/dataset/salad/104.jpg,104.jpg,salad,.jpg,1520.94,6720.0,4480.0,RGB,JPEG,True,
/content/drive/MyDrive/Calorify/dataset/salad/110.jpg,110.jpg,salad,.jpg,692.0,4608.0,3072.0,RGB,JPEG,True,
/content/drive/MyDrive/Calorify/dataset/salad/123.jpg,123.jpg,salad,.jpg,136.14,866.0,1390.0,RGB,JPEG,True,
/content/drive/MyDrive/Calorify/dataset/salad/102.jpg,102.jpg,salad,.jpg,42.33,800.0,533.0,RGB,JPEG,True,
/content/drive/MyDrive/Calorify/dataset/salad/130.jpg,130.jpg,salad,.jpg,92.73,418.0,626.0,RGB,JPEG,True,
/content/drive/MyDrive/Calorify/dataset/salad/106.jpg,106.jpg,salad,.jpg,159.58,1300.0,956.0,RGB,JPEG,True,
/content/drive/MyDrive/Calorify/dataset/salad/116.jpg,116.jpg,salad,.jpg,57.32,626.0,511.0,RGB,JPEG,True,
/content/drive/MyDrive/Calorify/dataset/salad/134.jpg,134.jpg,salad,.jpg,102.68,680.0,1020.0,RGB,JPEG,True,
/content/drive/MyDrive/Calorify/dataset/salad/124.jpg,124.jpg,salad,.jpg,173.47,1300.0,989.0,RGB,JPEG,True,
/content/drive/MyDrive/Calorify/dataset/salad/132.jpg,132.jpg,salad,.jpg,68.82,644.0,900.0,RGB,JPEG,True,
/content/drive/MyDrive/Calorify/dataset/salad/131.jpg,131.jpg,salad,.jpg,128.43,1500.0,998.0,RGB,JPEG,True,
/content/drive/MyDrive/Calorify/dataset/salad/127.jpg,127.jpg,salad,.jpg,159.53,736.0,981.0,RGB,JPEG,True,
/content/drive/MyDrive/Calorify/dataset/salad/101.jpg,101.jpg,salad,.jpg,97.2,1132.0,750.0,RGB,JPEG,True,
/content/drive/MyDrive/Calorify/dataset/salad/112.jpg,112.jpg,salad,.jpg,48.44,800.0,530.0,RGB,JPEG,True,
/content/drive/MyDrive/Calorify/dataset/salad/119.jpg,119.jpg,salad,.jpg,166.6,1600.0,1153.0,RGB,JPEG,True,
/content/drive/MyDrive/Calorify/dataset/salad/107.jpg,107.jpg,salad,.jpg,224.15,866.0,1390.0,RGB,JPEG,True,
/content/drive/MyDrive/Calorify/dataset/salad/13.jpg,13.jpg,salad,.jpg,186.37,850.0,1197.0,RGB,JPEG,True,
/content/drive/MyDrive/Calorify/dataset/salad/117.jpg,117.jpg,salad,.jpg,24.4,626.0,417.0,RGB,JPEG,True,
/content/drive/MyDrive/Calorify/dataset/salad/118.jpg,118.jpg,salad,.jpg,82.44,626.0,626.0,RGB,JPEG,True,
/content/drive/MyDrive/Calorify/dataset/salad/133.jpg,133.jpg,salad,.jpg,66.94,638.0,900.0,RGB,JPEG,True,
/content/drive/MyDrive/Calorify/dataset/salad/113.jpg,113.jpg,salad,.jpg,286.09,2000.0,1489.0,RGB,JPEG,True,
/content/drive/MyDrive/Calorify/dataset/salad/108.jpg,108.jpg,salad,.jpg,52.59,940.0,562.0,RGB,JPEG,True,
/content/drive/MyDrive/Calorify/dataset/salad/105.jpg,105.jpg,salad,.jpg,134.25,1300.0,1043.0,RGB,JPEG,True,
/content/drive/MyDrive/Calorify/dataset/salad/157.jpg,157.jpg,salad,.jpg,245.9,2400.0,1200.0,RGB,JPEG,True,
/content/drive/MyDrive/Calorify/dataset/salad/160.jpg,160.jpg,salad,.jpg,172.19,736.0,736.0,RGB,JPEG,True,
/content/drive/MyDrive/Calorify/dataset/salad/164.jpg,164.jpg,salad,.jpg,997.15,3362.0,3362.0,RGB,JPEG,True,
/content/drive/MyDrive/Calorify/dataset/salad/149.jpg,149.jpg,salad,.jpg,50.02,626.0,351.0,RGB,JPEG,True,
/content/drive/MyDrive/Calorify/dataset/salad/156.jpg,156.jpg,salad,.jpg,212.56,1200.0,1800.0,RGB,JPEG,True,
/content/drive/MyDrive/Calorify/dataset/salad/165.jpg,165.jpg,salad,.jpg,230.16,1300.0,990.0,RGB,JPEG,True,
/content/drive/MyDrive/Calorify/dataset/salad/152.jpg,152.jpg,salad,.jpg,208.28,1300.0,923.0,RGB,JPEG,True,
/content/drive/MyDrive/Calorify/dataset/salad/163.jpg,163.jpg,salad,.jpg,90.1,736.0,920.0,RGB,JPEG,True,
/content/drive/MyDrive/Calorify/dataset/salad/146.jpg,146.jpg,salad,.jpg,260.62,1600.0,1200.0,RGB,JPEG,True,
/content/drive/MyDrive/Calorify/dataset/salad/151.jpg,151.jpg,salad,.jpg,66.77,626.0,417.0,RGB,JPEG,True,
/content/drive/MyDrive/Calorify/dataset/salad/142.jpg,142.jpg,salad,.jpg,81.09,512.0,512.0,RGB,JPEG,True,
/content/drive/MyDrive/Calorify/dataset/salad/139.jpg,139.jpg,salad,.jpg,172.89,1600.0,1155.0,RGB,JPEG,True,
/content/drive/MyDrive/Calorify/dataset/salad/148.jpg,148.jpg,salad,.jpg,734.91,2560.0,1707.0,RGB,JPEG,True,
/content/drive/MyDrive/Calorify/dataset/salad/150.jpg,150.jpg,salad,.jpg,229.99,943.0,1390.0,RGB,JPEG,True,
/content/drive/MyDrive/Calorify/dataset/salad/162.jpg,162.jpg,salad,.jpg,141.1,1200.0,1800.0,RGB,JPEG,True,
/content/drive/MyDrive/Calorify/dataset/salad/147.jpg,147.jpg,salad,.jpg,159.98,1600.0,1155.0,RGB,JPEG,True,
/content/drive/MyDrive/Calorify/dataset/salad/166.jpg,166.jpg,salad,.jpg,167.95,1300.0,957.0,RGB,JPEG,True,
/content/drive/MyDrive/Calorify/dataset/salad/143.jpg,143.jpg,salad,.jpg,159.66,1332.0,1332.0,RGB,JPEG,True,
/content/drive/MyDrive/Calorify/dataset/salad/145.jpg,145.jpg,salad,.jpg,78.23,599.0,900.0,RGB,JPEG,True,
/content/drive/MyDrive/Calorify/dataset/salad/136.jpg,136.jpg,salad,.jpg,282.33,1800.0,1200.0,RGB,JPEG,True,
/content/drive/MyDrive/Calorify/dataset/salad/168.jpg,168.jpg,salad,.jpg,232.67,1300.0,990.0,RGB,JPEG,True,
/content/drive/MyDrive/Calorify/dataset/salad/141.jpg,141.jpg,salad,.jpg,74.78,600.0,900.0,RGB,JPEG,True,
/content/drive/MyDrive/Calorify/dataset/salad/154.jpg,154.jpg,salad,.jpg,158.51,1160.0,1606.0,RGB,JPEG,True,
/content/drive/MyDrive/Calorify/dataset/salad/159.jpg,159.jpg,salad,.jpg,239.54,1300.0,956.0,RGB,JPEG,True,
/content/drive/MyDrive/Calorify/dataset/salad/138.jpg,138.jpg,salad,.jpg,1991.66,1500.0,1101.0,RGB,JPEG,True,
/content/drive/MyDrive/Calorify/dataset/salad/137.jpg,137.jpg,salad,.jpg,102.81,736.0,736.0,RGB,JPEG,True,
/content/drive/MyDrive/Calorify/dataset/salad/169.jpg,169.jpg,salad,.jpg,418.72,2500.0,3298.0,RGB,JPEG,True,
/content/drive/MyDrive/Calorify/dataset/salad/14.jpg,14.jpg,salad,.jpg,138.16,1000.0,750.0,RGB,JPEG,True,
/content/drive/MyDrive/Calorify/dataset/salad/140.jpg,140.jpg,salad,.jpg,102.14,600.0,900.0,RGB,JPEG,True,
/content/drive/MyDrive/Calorify/dataset/salad/161.jpg,161.jpg,salad,.jpg,92.53,626.0,361.0,RGB,JPEG,True,
/content/drive/MyDrive/Calorify/dataset/salad/153.jpg,153.jpg,salad,.jpg,92.25,626.0,417.0,RGB,JPEG,True,
/content/drive/MyDrive/Calorify/dataset/salad/175.jpg,175.jpg,salad,.jpg,27.21,612.0,408.0,RGB,JPEG,True,
/content/drive/MyDrive/Calorify/dataset/salad/180.jpg,180.jpg,salad,.jpg,108.0,626.0,417.0,RGB,JPEG,True,
/content/drive/MyDrive/Calorify/dataset/salad/188.jpg,188.jpg,salad,.jpg,723.54,1500.0,1026.0,RGB,JPEG,True,
/content/drive/MyDrive/Calorify/dataset/salad/193.jpg,193.jpg,salad,.jpg,103.67,800.0,534.0,RGB,JPEG,True,
/content/drive/MyDrive/Calorify/dataset/salad/198.jpg,198.jpg,salad,.jpg,203.3,1039.0,1390.0,RGB,JPEG,True,
/content/drive/MyDrive/Calorify/dataset/salad/30.jpg,30.jpg,salad,.jpg,242.54,1980.0,1320.0,RGB,JPEG,True,
/content/drive/MyDrive/Calorify/dataset/salad/190.jpg,190.jpg,salad,.jpg,100.6,626.0,417.0,RGB,JPEG,True,
/content/drive/MyDrive/Calorify/dataset/salad/194.jpg,194.jpg,salad,.jpg,118.16,626.0,417.0,RGB,JPEG,True,
/content/drive/MyDrive/Calorify/dataset/salad/192.jpg,192.jpg,salad,.jpg,84.89,800.0,603.0,RGB,JPEG,True,
/content/drive/MyDrive/Calorify/dataset/salad/183.jpg,183.jpg,salad,.jpg,1826.35,1500.0,1101.0,RGB,JPEG,True,
/content/drive/MyDrive/Calorify/dataset/salad/199.jpg,199.jpg,salad,.jpg,26.35,564.0,280.0,RGB,JPEG,True,
/content/drive/MyDrive/Calorify/dataset/salad/195.jpg,195.jpg,salad,.jpg,43.56,626.0,417.0,RGB,JPEG,True,
/content/drive/MyDrive/Calorify/dataset/salad/176.jpg,176.jpg,salad,.jpg,169.73,996.0,560.0,RGB,JPEG,True,
/content/drive/MyDrive/Calorify/dataset/salad/189.jpg,189.jpg,salad,.jpg,92.49,626.0,417.0,RGB,JPEG,True,
/content/drive/MyDrive/Calorify/dataset/salad/2.jpg,2.jpg,salad,.jpg,329.11,2733.0,2793.0,RGB,JPEG,True,
/content/drive/MyDrive/Calorify/dataset/salad/187.jpg,187.jpg,salad,.jpg,1578.86,4100.0,2728.0,RGB,JPEG,True,
/content/drive/MyDrive/Calorify/dataset/salad/179.jpg,179.jpg,salad,.jpg,43.08,612.0,408.0,RGB,JPEG,True,
/content/drive/MyDrive/Calorify/dataset/salad/182.jpg,182.jpg,salad,.jpg,2027.03,1500.0,1101.0,RGB,JPEG,True,
/content/drive/MyDrive/Calorify/dataset/salad/177.jpg,177.jpg,salad,.jpg,80.99,626.0,417.0,RGB,JPEG,True,
/content/drive/MyDrive/Calorify/dataset/salad/196.jpg,196.jpg,salad,.jpg,1846.12,1500.0,1101.0,RGB,JPEG,True,
/content/drive/MyDrive/Calorify/dataset/salad/21.jpg,21.jpg,salad,.jpg,387.98,1775.0,1331.0,RGB,JPEG,True,
/content/drive/MyDrive/Calorify/dataset/salad/17.jpg,17.jpg,salad,.jpg,1509.36,5436.0,3058.0,RGB,JPEG,True,
/content/drive/MyDrive/Calorify/dataset/salad/186.jpg,186.jpg,salad,.jpg,90.32,600.0,420.0,RGB,JPEG,True,
/content/drive/MyDrive/Calorify/dataset/salad/171.jpg,171.jpg,salad,.jpg,1958.86,3000.0,2000.0,RGB,JPEG,True,
/content/drive/MyDrive/Calorify/dataset/salad/197.jpg,197.jpg,salad,.jpg,92.01,626.0,417.0,RGB,JPEG,True,
/content/drive/MyDrive/Calorify/dataset/salad/185.jpg,185.jpg,salad,.jpg,46.04,626.0,351.0,RGB,JPEG,True,
/content/drive/MyDrive/Calorify/dataset/salad/19.jpg,19.jpg,salad,.jpg,132.99,1200.0,1200.0,RGB,JPEG,True,
/content/drive/MyDrive/Calorify/dataset/salad/184.jpg,184.jpg,salad,.jpg,118.69,626.0,417.0,RGB,JPEG,True,
/content/drive/MyDrive/Calorify/dataset/salad/26.jpg,26.jpg,salad,.jpg,103.38,626.0,417.0,RGB,JPEG,True,
/content/drive/MyDrive/Calorify/dataset/salad/178.jpg,178.jpg,salad,.jpg,165.28,1266.0,1390.0,RGB,JPEG,True,
/content/drive/MyDrive/Calorify/dataset/salad/181.jpg,181.jpg,salad,.jpg,1655.05,3024.0,4032.0,RGB,JPEG,True,
/content/drive/MyDrive/Calorify/dataset/salad/191.jpg,191.jpg,salad,.jpg,80.57,800.0,603.0,RGB,JPEG,True,
/content/drive/MyDrive/Calorify/dataset/salad/28.jpg,28.jpg,salad,.jpg,967.6,1200.0,1800.0,RGB,JPEG,True,
/content/drive/MyDrive/Calorify/dataset/salad/174.jpg,174.jpg,salad,.jpg,106.69,680.0,907.0,RGB,JPEG,True,
/content/drive/MyDrive/Calorify/dataset/salad/27.jpg,27.jpg,salad,.jpg,43.83,626.0,401.0,RGB,JPEG,True,
/content/drive/MyDrive/Calorify/dataset/salad/24.jpg,24.jpg,salad,.jpg,174.44,960.0,960.0,RGB,JPEG,True,
/content/drive/MyDrive/Calorify/dataset/salad/74.jpg,74.jpg,salad,.jpg,484.77,1500.0,1072.0,RGB,JPEG,True,
/content/drive/MyDrive/Calorify/dataset/salad/32.jpg,32.jpg,salad,.jpg,490.93,600.0,900.0,RGB,JPEG,True,
/content/drive/MyDrive/Calorify/dataset/salad/57.jpg,57.jpg,salad,.jpg,46.77,1080.0,1080.0,RGB,JPEG,True,
/content/drive/MyDrive/Calorify/dataset/salad/61.jpg,61.jpg,salad,.jpg,109.32,1300.0,956.0,RGB,JPEG,True,
/content/drive/MyDrive/Calorify/dataset/salad/75.jpg,75.jpg,salad,.jpg,55.68,1200.0,800.0,RGB,JPEG,True,
/content/drive/MyDrive/Calorify/dataset/salad/56.jpg,56.jpg,salad,.jpg,81.11,609.0,900.0,RGB,JPEG,True,
/content/drive/MyDrive/Calorify/dataset/salad/8.jpg,8.jpg,salad,.jpg,1994.1,1280.0,1920.0,RGB,JPEG,True,
/content/drive/MyDrive/Calorify/dataset/salad/44.jpg,44.jpg,salad,.jpg,305.93,1200.0,1800.0,RGB,JPEG,True,
/content/drive/MyDrive/Calorify/dataset/salad/35.jpg,35.jpg,salad,.jpg,94.59,1360.0,2040.0,RGB,JPEG,True,
/content/drive/MyDrive/Calorify/dataset/salad/37.jpg,37.jpg,salad,.jpg,199.15,1800.0,1800.0,RGB,JPEG,True,
/content/drive/MyDrive/Calorify/dataset/salad/33.jpg,33.jpg,salad,.jpg,607.59,3000.0,2000.0,RGB,JPEG,True,
/content/drive/MyDrive/Calorify/dataset/salad/63.jpg,63.jpg,salad,.jpg,55.96,1000.0,573.0,RGB,JPEG,True,
/content/drive/MyDrive/Calorify/dataset/salad/70.jpg,70.jpg,salad,.jpg,240.63,2000.0,1334.0,RGB,JPEG,True,
/content/drive/MyDrive/Calorify/dataset/salad/59.jpg,59.jpg,salad,.jpg,696.09,960.0,1200.0,P,PNG,True,
/content/drive/MyDrive/Calorify/dataset/salad/82.jpg,82.jpg,salad,.jpg,57.11,1300.0,956.0,RGB,JPEG,True,
/content/drive/MyDrive/Calorify/dataset/salad/48.jpg,48.jpg,salad,.jpg,261.29,1200.0,1679.0,RGB,JPEG,True,
/content/drive/MyDrive/Calorify/dataset/salad/77.jpg,77.jpg,salad,.jpg,187.39,1300.0,953.0,RGB,JPEG,True,
/content/drive/MyDrive/Calorify/dataset/salad/66.jpg,66.jpg,salad,.jpg,169.03,1300.0,956.0,RGB,JPEG,True,
/content/drive/MyDrive/Calorify/dataset/salad/84.jpg,84.jpg,salad,.jpg,206.09,1080.0,1080.0,RGB,JPEG,True,
/content/drive/MyDrive/Calorify/dataset/salad/53.jpg,53.jpg,salad,.jpg,1609.1,1024.0,1024.0,RGB,PNG,True,
/content/drive/MyDrive/Calorify/dataset/salad/34.jpg,34.jpg,salad,.jpg,51.19,418.0,626.0,RGB,JPEG,True,
/content/drive/MyDrive/Calorify/dataset/salad/41.jpg,41.jpg,salad,.jpg,56.62,1200.0,675.0,RGB,JPEG,True,
/content/drive/MyDrive/Calorify/dataset/salad/7.jpg,7.jpg,salad,.jpg,231.02,1200.0,1800.0,RGB,JPEG,True,
/content/drive/MyDrive/Calorify/dataset/salad/43.jpg,43.jpg,salad,.jpg,141.02,1307.0,1960.0,RGB,JPEG,True,
/content/drive/MyDrive/Calorify/dataset/salad/49.jpg,49.jpg,salad,.jpg,58.91,447.0,626.0,RGB,JPEG,True,
/content/drive/MyDrive/Calorify/dataset/salad/46.jpg,46.jpg,salad,.jpg,99.11,626.0,417.0,RGB,JPEG,True,
/content/drive/MyDrive/Calorify/dataset/salad/45.jpg,45.jpg,salad,.jpg,97.77,1200.0,1200.0,RGB,JPEG,True,
/content/drive/MyDrive/Calorify/dataset/salad/38.jpg,38.jpg,salad,.jpg,50.27,1360.0,1038.0,RGB,JPEG,True,
/content/drive/MyDrive/Calorify/dataset/salad/68.jpg,68.jpg,salad,.jpg,209.32,1300.0,956.0,RGB,JPEG,True,
/content/drive/MyDrive/Calorify/dataset/salad/72.jpg,72.jpg,salad,.jpg,386.61,1200.0,2000.0,RGB,JPEG,True,
/content/drive/MyDrive/Calorify/dataset/salad/47.jpg,47.jpg,salad,.jpg,56.07,626.0,418.0,RGB,JPEG,True,
/content/drive/MyDrive/Calorify/dataset/salad/42.jpg,42.jpg,salad,.jpg,273.95,3497.0,1960.0,RGB,JPEG,True,
/content/drive/MyDrive/Calorify/dataset/salad/5.jpg,5.jpg,salad,.jpg,87.84,1200.0,1200.0,RGB,JPEG,True,
/content/drive/MyDrive/Calorify/dataset/salad/64.jpg,64.jpg,salad,.jpg,99.22,1280.0,1280.0,RGB,WEBP,True,
/content/drive/MyDrive/Calorify/dataset/salad/52.jpg,52.jpg,salad,.jpg,791.55,1200.0,802.0,RGB,PNG,True,
/content/drive/MyDrive/Calorify/dataset/salad/55.jpg,55.jpg,salad,.jpg,150.27,1024.0,1024.0,RGB,JPEG,True,
/content/drive/MyDrive/Calorify/dataset/salad/65.jpg,65.jpg,salad,.jpg,287.74,2048.0,1365.0,RGB,JPEG,True,
/content/drive/MyDrive/Calorify/dataset/salad/69.jpg,69.jpg,salad,.jpg,1183.68,1024.0,1024.0,RGB,PNG,True,
/content/drive/MyDrive/Calorify/dataset/salad/40.jpg,40.jpg,salad,.jpg,640.93,3000.0,2000.0,RGB,JPEG,True,
/content/drive/MyDrive/Calorify/dataset/salad/54.jpg,54.jpg,salad,.jpg,210.86,1024.0,1024.0,RGB,JPEG,True,
/content/drive/MyDrive/Calorify/dataset/salad/salad_171.jpg,salad_171.jpg,salad,.jpg,51.68,512.0,512.0,RGB,JPEG,True,
/content/drive/MyDrive/Calorify/dataset/salad/salad_163.jpg,salad_163.jpg,salad,.jpg,49.04,512.0,512.0,RGB,JPEG,True,
/content/drive/MyDrive/Calorify/dataset/salad/94.jpg,94.jpg,salad,.jpg,246.34,1300.0,957.0,RGB,JPEG,True,
/content/drive/MyDrive/Calorify/dataset/salad/salad_152.jpg,salad_152.jpg,salad,.jpg,41.17,384.0,512.0,RGB,JPEG,True,
/content/drive/MyDrive/Calorify/dataset/salad/salad_168.jpg,salad_168.jpg,salad,.jpg,62.08,512.0,512.0,RGB,JPEG,True,
/content/drive/MyDrive/Calorify/dataset/salad/95.jpg,95.jpg,salad,.jpg,543.08,3504.0,2336.0,RGB,JPEG,True,
/content/drive/MyDrive/Calorify/dataset/salad/salad_177.jpg,salad_177.jpg,salad,.jpg,56.79,512.0,512.0,RGB,JPEG,True,
/content/drive/MyDrive/Calorify/dataset/salad/9.jpg,9.jpg,salad,.jpg,302.68,1600.0,985.0,RGB,JPEG,True,
/content/drive/MyDrive/Calorify/dataset/salad/salad_153.jpg,salad_153.jpg,salad,.jpg,50.13,512.0,512.0,RGB,JPEG,True,
/content/drive/MyDrive/Calorify/dataset/salad/salad_180.jpg,salad_180.jpg,salad,.jpg,71.14,512.0,512.0,RGB,JPEG,True,
/content/drive/MyDrive/Calorify/dataset/salad/salad_154.jpg,salad_154.jpg,salad,.jpg,42.64,512.0,512.0,RGB,JPEG,True,
/content/drive/MyDrive/Calorify/dataset/salad/salad_174.jpg,salad_174.jpg,salad,.jpg,63.93,512.0,512.0,RGB,JPEG,True,
/content/drive/MyDrive/Calorify/dataset/salad/salad_164.jpg,salad_164.jpg,salad,.jpg,42.69,512.0,307.0,RGB,JPEG,True,
/content/drive/MyDrive/Calorify/dataset/salad/salad_181.jpg,salad_181.jpg,salad,.jpg,46.12,512.0,512.0,RGB,JPEG,True,
/content/drive/MyDrive/Calorify/dataset/salad/87.jpg,87.jpg,salad,.jpg,78.75,772.0,900.0,RGB,JPEG,True,
/content/drive/MyDrive/Calorify/dataset/salad/salad_167.jpg,salad_167.jpg,salad,.jpg,73.26,512.0,442.0,RGB,JPEG,True,
/content/drive/MyDrive/Calorify/dataset/salad/salad_175.jpg,salad_175.jpg,salad,.jpg,65.31,512.0,512.0,RGB,JPEG,True,
/content/drive/MyDrive/Calorify/dataset/salad/89.jpg,89.jpg,salad,.jpg,84.44,626.0,417.0,RGB,JPEG,True,
/content/drive/MyDrive/Calorify/dataset/salad/96.jpg,96.jpg,salad,.jpg,147.93,1300.0,950.0,RGB,JPEG,True,
/content/drive/MyDrive/Calorify/dataset/salad/92.jpg,92.jpg,salad,.jpg,49.33,626.0,417.0,RGB,JPEG,True,
/content/drive/MyDrive/Calorify/dataset/salad/salad_178.jpg,salad_178.jpg,salad,.jpg,37.78,512.0,512.0,RGB,JPEG,True,
/content/drive/MyDrive/Calorify/dataset/salad/salad_157.jpg,salad_157.jpg,salad,.jpg,56.69,512.0,512.0,RGB,JPEG,True,
/content/drive/MyDrive/Calorify/dataset/salad/salad_162.jpg,salad_162.jpg,salad,.jpg,53.7,512.0,512.0,RGB,JPEG,True,
/content/drive/MyDrive/Calorify/dataset/salad/salad_179.jpg,salad_179.jpg,salad,.jpg,60.05,512.0,512.0,RGB,JPEG,True,
/content/drive/MyDrive/Calorify/dataset/salad/salad_159.jpg,salad_159.jpg,salad,.jpg,91.37,512.0,341.0,RGB,JPEG,True,
/content/drive/MyDrive/Calorify/dataset/salad/salad_182.jpg,salad_182.jpg,salad,.jpg,76.83,463.0,512.0,RGB,JPEG,True,
/content/drive/MyDrive/Calorify/dataset/salad/salad_165.jpg,salad_165.jpg,salad,.jpg,56.96,512.0,512.0,RGB,JPEG,True,
/content/drive/MyDrive/Calorify/dataset/salad/salad_166.jpg,salad_166.jpg,salad,.jpg,63.06,512.0,512.0,RGB,JPEG,True,
/content/drive/MyDrive/Calorify/dataset/salad/salad_160.jpg,salad_160.jpg,salad,.jpg,44.35,512.0,384.0,RGB,JPEG,True,
/content/drive/MyDrive/Calorify/dataset/salad/salad_173.jpg,salad_173.jpg,salad,.jpg,40.05,512.0,512.0,RGB,JPEG,True,
/content/drive/MyDrive/Calorify/dataset/salad/salad_161.jpg,salad_161.jpg,salad,.jpg,47.35,512.0,512.0,RGB,JPEG,True,
/content/drive/MyDrive/Calorify/dataset/salad/salad_169.jpg,salad_169.jpg,salad,.jpg,55.33,512.0,341.0,RGB,JPEG,True,
/content/drive/MyDrive/Calorify/dataset/salad/salad_158.jpg,salad_158.jpg,salad,.jpg,44.23,512.0,384.0,RGB,JPEG,True,
/content/drive/MyDrive/Calorify/dataset/salad/salad_170.jpg,salad_170.jpg,salad,.jpg,45.53,512.0,512.0,RGB,JPEG,True,
/content/drive/MyDrive/Calorify/dataset/salad/salad_176.jpg,salad_176.jpg,salad,.jpg,52.5,512.0,512.0,RGB,JPEG,True,
/content/drive/MyDrive/Calorify/dataset/salad/86.jpg,86.jpg,salad,.jpg,1081.51,3648.0,5472.0,RGB,JPEG,True,
/content/drive/MyDrive/Calorify/dataset/salad/97.jpg,97.jpg,salad,.jpg,28.97,626.0,419.0,RGB,JPEG,True,
/content/drive/MyDrive/Calorify/dataset/salad/salad_155.jpg,salad_155.jpg,salad,.jpg,46.68,512.0,384.0,RGB,JPEG,True,
/content/drive/MyDrive/Calorify/dataset/salad/salad_156.jpg,salad_156.jpg,salad,.jpg,54.37,512.0,512.0,RGB,JPEG,True,
/content/drive/MyDrive/Calorify/dataset/salad/salad_172.jpg,salad_172.jpg,salad,.jpg,65.58,512.0,512.0,RGB,JPEG,True,
/content/drive/MyDrive/Calorify/dataset/salad/salad_203.jpg,salad_203.jpg,salad,.jpg,55.36,512.0,512.0,RGB,JPEG,True,
/content/drive/MyDrive/Calorify/dataset/salad/salad_199.jpg,salad_199.jpg,salad,.jpg,50.38,512.0,512.0,RGB,JPEG,True,
/content/drive/MyDrive/Calorify/dataset/salad/salad_193.jpg,salad_193.jpg,salad,.jpg,71.49,512.0,512.0,RGB,JPEG,True,
/content/drive/MyDrive/Calorify/dataset/salad/salad_221.jpg,salad_221.jpg,salad,.jpg,62.04,512.0,341.0,RGB,JPEG,True,
/content/drive/MyDrive/Calorify/dataset/salad/salad_225.jpg,salad_225.jpg,salad,.jpg,36.75,512.0,512.0,RGB,JPEG,True,
/content/drive/MyDrive/Calorify/dataset/salad/salad_212.jpg,salad_212.jpg,salad,.jpg,39.58,512.0,384.0,RGB,JPEG,True,
/content/drive/MyDrive/Calorify/dataset/salad/salad_219.jpg,salad_219.jpg,salad,.jpg,54.21,512.0,512.0,RGB,JPEG,True,
/content/drive/MyDrive/Calorify/dataset/salad/salad_190.jpg,salad_190.jpg,salad,.jpg,62.94,512.0,512.0,RGB,JPEG,True,
/content/drive/MyDrive/Calorify/dataset/salad/salad_215.jpg,salad_215.jpg,salad,.jpg,51.28,512.0,512.0,RGB,JPEG,True,
/content/drive/MyDrive/Calorify/dataset/salad/salad_189.jpg,salad_189.jpg,salad,.jpg,54.93,512.0,512.0,RGB,JPEG,True,
/content/drive/MyDrive/Calorify/dataset/salad/salad_208.jpg,salad_208.jpg,salad,.jpg,37.42,512.0,512.0,RGB,JPEG,True,
/content/drive/MyDrive/Calorify/dataset/salad/salad_202.jpg,salad_202.jpg,salad,.jpg,52.2,512.0,384.0,RGB,JPEG,True,
/content/drive/MyDrive/Calorify/dataset/salad/salad_211.jpg,salad_211.jpg,salad,.jpg,41.93,426.0,512.0,RGB,JPEG,True,
/content/drive/MyDrive/Calorify/dataset/salad/salad_198.jpg,salad_198.jpg,salad,.jpg,59.47,512.0,512.0,RGB,JPEG,True,
/content/drive/MyDrive/Calorify/dataset/salad/salad_184.jpg,salad_184.jpg,salad,.jpg,67.81,512.0,512.0,RGB,JPEG,True,
/content/drive/MyDrive/Calorify/dataset/salad/salad_214.jpg,salad_214.jpg,salad,.jpg,49.4,512.0,512.0,RGB,JPEG,True,
/content/drive/MyDrive/Calorify/dataset/salad/salad_223.jpg,salad_223.jpg,salad,.jpg,59.48,512.0,512.0,RGB,JPEG,True,
/content/drive/MyDrive/Calorify/dataset/salad/salad_207.jpg,salad_207.jpg,salad,.jpg,51.97,512.0,512.0,RGB,JPEG,True,
/content/drive/MyDrive/Calorify/dataset/salad/salad_183.jpg,salad_183.jpg,salad,.jpg,56.04,512.0,512.0,RGB,JPEG,True,
/content/drive/MyDrive/Calorify/dataset/salad/salad_217.jpg,salad_217.jpg,salad,.jpg,68.4,512.0,512.0,RGB,JPEG,True,
/content/drive/MyDrive/Calorify/dataset/salad/salad_201.jpg,salad_201.jpg,salad,.jpg,73.97,512.0,512.0,RGB,JPEG,True,
/content/drive/MyDrive/Calorify/dataset/salad/salad_188.jpg,salad_188.jpg,salad,.jpg,39.57,512.0,342.0,RGB,JPEG,True,
/content/drive/MyDrive/Calorify/dataset/salad/salad_226.jpg,salad_226.jpg,salad,.jpg,36.14,512.0,512.0,RGB,JPEG,True,
/content/drive/MyDrive/Calorify/dataset/salad/salad_205.jpg,salad_205.jpg,salad,.jpg,63.13,512.0,512.0,RGB,JPEG,True,
/content/drive/MyDrive/Calorify/dataset/salad/salad_206.jpg,salad_206.jpg,salad,.jpg,53.54,512.0,512.0,RGB,JPEG,True,
/content/drive/MyDrive/Calorify/dataset/salad/salad_218.jpg,salad_218.jpg,salad,.jpg,64.28,512.0,512.0,RGB,JPEG,True,
/content/drive/MyDrive/Calorify/dataset/salad/salad_224.jpg,salad_224.jpg,salad,.jpg,48.09,512.0,512.0,RGB,JPEG,True,
/content/drive/MyDrive/Calorify/dataset/salad/salad_185.jpg,salad_185.jpg,salad,.jpg,48.94,512.0,512.0,RGB,JPEG,True,
/content/drive/MyDrive/Calorify/dataset/salad/salad_220.jpg,salad_220.jpg,salad,.jpg,55.2,512.0,384.0,RGB,JPEG,True,
/content/drive/MyDrive/Calorify/dataset/salad/salad_209.jpg,salad_209.jpg,salad,.jpg,64.75,512.0,512.0,RGB,JPEG,True,
/content/drive/MyDrive/Calorify/dataset/salad/salad_186.jpg,salad_186.jpg,salad,.jpg,59.64,512.0,512.0,RGB,JPEG,True,
/content/drive/MyDrive/Calorify/dataset/salad/salad_213.jpg,salad_213.jpg,salad,.jpg,53.67,512.0,512.0,RGB,JPEG,True,
/content/drive/MyDrive/Calorify/dataset/salad/salad_196.jpg,salad_196.jpg,salad,.jpg,58.69,512.0,384.0,RGB,JPEG,True,
/content/drive/MyDrive/Calorify/dataset/salad/salad_194.jpg,salad_194.jpg,salad,.jpg,61.44,512.0,390.0,RGB,JPEG,True,
/content/drive/MyDrive/Calorify/dataset/salad/salad_200.jpg,salad_200.jpg,salad,.jpg,42.42,384.0,512.0,RGB,JPEG,True,
/content/drive/MyDrive/Calorify/dataset/salad/salad_191.jpg,salad_191.jpg,salad,.jpg,68.38,512.0,512.0,RGB,JPEG,True,
/content/drive/MyDrive/Calorify/dataset/salad/salad_210.jpg,salad_210.jpg,salad,.jpg,42.95,384.0,512.0,RGB,JPEG,True,
/content/drive/MyDrive/Calorify/dataset/salad/salad_192.jpg,salad_192.jpg,salad,.jpg,48.94,512.0,512.0,RGB,JPEG,True,
/content/drive/MyDrive/Calorify/dataset/salad/salad_195.jpg,salad_195.jpg,salad,.jpg,57.47,512.0,512.0,RGB,JPEG,True,
/content/drive/MyDrive/Calorify/dataset/salad/salad_216.jpg,salad_216.jpg,salad,.jpg,58.14,512.0,512.0,RGB,JPEG,True,
/content/drive/MyDrive/Calorify/dataset/salad/salad_197.jpg,salad_197.jpg,salad,.jpg,55.25,512.0,512.0,RGB,JPEG,True,
/content/drive/MyDrive/Calorify/dataset/salad/salad_204.jpg,salad_204.jpg,salad,.jpg,51.73,512.0,384.0,RGB,JPEG,True,
/content/drive/MyDrive/Calorify/dataset/salad/salad_222.jpg,salad_222.jpg,salad,.jpg,42.96,384.0,512.0,RGB,JPEG,True,
/content/drive/MyDrive/Calorify/dataset/salad/salad_187.jpg,salad_187.jpg,salad,.jpg,80.28,512.0,512.0,RGB,JPEG,True,
/content/drive/MyDrive/Calorify/dataset/salad/salad_235.jpg,salad_235.jpg,salad,.jpg,61.86,512.0,512.0,RGB,JPEG,True,
/content/drive/MyDrive/Calorify/dataset/salad/salad_263.jpg,salad_263.jpg,salad,.jpg,56.13,512.0,512.0,RGB,JPEG,True,
/content/drive/MyDrive/Calorify/dataset/salad/salad_255.jpg,salad_255.jpg,salad,.jpg,64.56,512.0,512.0,RGB,JPEG,True,
/content/drive/MyDrive/Calorify/dataset/salad/salad_240.jpg,salad_240.jpg,salad,.jpg,36.4,512.0,384.0,RGB,JPEG,True,
/content/drive/MyDrive/Calorify/dataset/salad/salad_264.jpg,salad_264.jpg,salad,.jpg,53.01,512.0,512.0,RGB,JPEG,True,
/content/drive/MyDrive/Calorify/dataset/salad/salad_242.jpg,salad_242.jpg,salad,.jpg,55.87,512.0,512.0,RGB,JPEG,True,
/content/drive/MyDrive/Calorify/dataset/salad/salad_243.jpg,salad_243.jpg,salad,.jpg,67.6,512.0,512.0,RGB,JPEG,True,
/content/drive/MyDrive/Calorify/dataset/salad/salad_248.jpg,salad_248.jpg,salad,.jpg,57.18,512.0,512.0,RGB,JPEG,True,
/content/drive/MyDrive/Calorify/dataset/salad/salad_270.jpg,salad_270.jpg,salad,.jpg,110.58,512.0,384.0,RGB,JPEG,True,
/content/drive/MyDrive/Calorify/dataset/salad/salad_261.jpg,salad_261.jpg,salad,.jpg,89.62,512.0,384.0,RGB,JPEG,True,
/content/drive/MyDrive/Calorify/dataset/salad/salad_228.jpg,salad_228.jpg,salad,.jpg,99.14,512.0,341.0,RGB,JPEG,True,
/content/drive/MyDrive/Calorify/dataset/salad/salad_266.jpg,salad_266.jpg,salad,.jpg,42.2,512.0,512.0,RGB,JPEG,True,
/content/drive/MyDrive/Calorify/dataset/salad/salad_262.jpg,salad_262.jpg,salad,.jpg,60.65,512.0,512.0,RGB,JPEG,True,
/content/drive/MyDrive/Calorify/dataset/salad/salad_239.jpg,salad_239.jpg,salad,.jpg,53.85,512.0,512.0,RGB,JPEG,True,
/content/drive/MyDrive/Calorify/dataset/salad/salad_251.jpg,salad_251.jpg,salad,.jpg,57.21,512.0,512.0,RGB,JPEG,True,
/content/drive/MyDrive/Calorify/dataset/salad/salad_269.jpg,salad_269.jpg,salad,.jpg,40.39,512.0,384.0,RGB,JPEG,True,
/content/drive/MyDrive/Calorify/dataset/salad/salad_259.jpg,salad_259.jpg,salad,.jpg,55.0,384.0,512.0,RGB,JPEG,True,
/content/drive/MyDrive/Calorify/dataset/salad/salad_258.jpg,salad_258.jpg,salad,.jpg,55.41,512.0,512.0,RGB,JPEG,True,
/content/drive/MyDrive/Calorify/dataset/salad/salad_249.jpg,salad_249.jpg,salad,.jpg,60.75,512.0,512.0,RGB,JPEG,True,
/content/drive/MyDrive/Calorify/dataset/salad/salad_252.jpg,salad_252.jpg,salad,.jpg,59.93,512.0,512.0,RGB,JPEG,True,
/content/drive/MyDrive/Calorify/dataset/salad/salad_265.jpg,salad_265.jpg,salad,.jpg,51.31,512.0,512.0,RGB,JPEG,True,
/content/drive/MyDrive/Calorify/dataset/salad/salad_244.jpg,salad_244.jpg,salad,.jpg,50.64,512.0,344.0,RGB,JPEG,True,
/content/drive/MyDrive/Calorify/dataset/salad/salad_233.jpg,salad_233.jpg,salad,.jpg,31.92,512.0,307.0,RGB,JPEG,True,
/content/drive/MyDrive/Calorify/dataset/salad/salad_267.jpg,salad_267.jpg,salad,.jpg,65.02,512.0,512.0,RGB,JPEG,True,
/content/drive/MyDrive/Calorify/dataset/salad/salad_247.jpg,salad_247.jpg,salad,.jpg,51.79,512.0,512.0,RGB,JPEG,True,
/content/drive/MyDrive/Calorify/dataset/salad/salad_256.jpg,salad_256.jpg,salad,.jpg,41.69,512.0,512.0,RGB,JPEG,True,
/content/drive/MyDrive/Calorify/dataset/salad/salad_241.jpg,salad_241.jpg,salad,.jpg,67.88,512.0,512.0,RGB,JPEG,True,
/content/drive/MyDrive/Calorify/dataset/salad/salad_236.jpg,salad_236.jpg,salad,.jpg,43.5,512.0,384.0,RGB,JPEG,True,
/content/drive/MyDrive/Calorify/dataset/salad/salad_257.jpg,salad_257.jpg,salad,.jpg,61.05,512.0,512.0,RGB,JPEG,True,
/content/drive/MyDrive/Calorify/dataset/salad/salad_230.jpg,salad_230.jpg,salad,.jpg,51.86,512.0,512.0,RGB,JPEG,True,
/content/drive/MyDrive/Calorify/dataset/salad/salad_250.jpg,salad_250.jpg,salad,.jpg,59.43,512.0,512.0,RGB,JPEG,True,
/content/drive/MyDrive/Calorify/dataset/salad/salad_229.jpg,salad_229.jpg,salad,.jpg,62.27,512.0,512.0,RGB,JPEG,True,
/content/drive/MyDrive/Calorify/dataset/salad/salad_227.jpg,salad_227.jpg,salad,.jpg,37.14,512.0,384.0,RGB,JPEG,True,
/content/drive/MyDrive/Calorify/dataset/salad/salad_232.jpg,salad_232.jpg,salad,.jpg,59.49,512.0,512.0,RGB,JPEG,True,
/content/drive/MyDrive/Calorify/dataset/salad/salad_245.jpg,salad_245.jpg,salad,.jpg,49.73,512.0,512.0,RGB,JPEG,True,
/content/drive/MyDrive/Calorify/dataset/salad/salad_246.jpg,salad_246.jpg,salad,.jpg,57.12,512.0,512.0,RGB,JPEG,True,
/content/drive/MyDrive/Calorify/dataset/salad/salad_234.jpg,salad_234.jpg,salad,.jpg,35.42,512.0,289.0,RGB,JPEG,True,
/content/drive/MyDrive/Calorify/dataset/salad/salad_237.jpg,salad_237.jpg,salad,.jpg,39.99,384.0,512.0,RGB,JPEG,True,
/content/drive/MyDrive/Calorify/dataset/salad/salad_238.jpg,salad_238.jpg,salad,.jpg,64.43,512.0,512.0,RGB,JPEG,True,
/content/drive/MyDrive/Calorify/dataset/salad/salad_268.jpg,salad_268.jpg,salad,.jpg,63.17,384.0,512.0,RGB,JPEG,True,
/content/drive/MyDrive/Calorify/dataset/salad/salad_253.jpg,salad_253.jpg,salad,.jpg,64.1,512.0,512.0,RGB,JPEG,True,
/content/drive/MyDrive/Calorify/dataset/salad/salad_254.jpg,salad_254.jpg,salad,.jpg,47.53,512.0,512.0,RGB,JPEG,True,
/content/drive/MyDrive/Calorify/dataset/salad/salad_260.jpg,salad_260.jpg,salad,.jpg,53.22,512.0,382.0,RGB,JPEG,True,
/content/drive/MyDrive/Calorify/dataset/salad/salad_231.jpg,salad_231.jpg,salad,.jpg,58.58,512.0,512.0,RGB,JPEG,True,
/content/drive/MyDrive/Calorify/dataset/salad/salad_305.jpg,salad_305.jpg,salad,.jpg,84.83,512.0,384.0,RGB,JPEG,True,
/content/drive/MyDrive/Calorify/dataset/salad/salad_306.jpg,salad_306.jpg,salad,.jpg,49.02,512.0,384.0,RGB,JPEG,True,
/content/drive/MyDrive/Calorify/dataset/salad/salad_276.jpg,salad_276.jpg,salad,.jpg,66.76,512.0,512.0,RGB,JPEG,True,
/content/drive/MyDrive/Calorify/dataset/salad/salad_284.jpg,salad_284.jpg,salad,.jpg,75.28,512.0,512.0,RGB,JPEG,True,
/content/drive/MyDrive/Calorify/dataset/salad/salad_310.jpg,salad_310.jpg,salad,.jpg,58.72,512.0,512.0,RGB,JPEG,True,
/content/drive/MyDrive/Calorify/dataset/salad/salad_296.jpg,salad_296.jpg,salad,.jpg,53.49,511.0,512.0,RGB,JPEG,True,
/content/drive/MyDrive/Calorify/dataset/salad/salad_309.jpg,salad_309.jpg,salad,.jpg,54.48,512.0,512.0,RGB,JPEG,True,
/content/drive/MyDrive/Calorify/dataset/salad/salad_272.jpg,salad_272.jpg,salad,.jpg,54.91,512.0,512.0,RGB,JPEG,True,
/content/drive/MyDrive/Calorify/dataset/salad/salad_303.jpg,salad_303.jpg,salad,.jpg,54.56,512.0,512.0,RGB,JPEG,True,
/content/drive/MyDrive/Calorify/dataset/salad/salad_298.jpg,salad_298.jpg,salad,.jpg,53.73,512.0,512.0,RGB,JPEG,True,
/content/drive/MyDrive/Calorify/dataset/salad/salad_297.jpg,salad_297.jpg,salad,.jpg,45.88,512.0,512.0,RGB,JPEG,True,
/content/drive/MyDrive/Calorify/dataset/salad/salad_311.jpg,salad_311.jpg,salad,.jpg,34.59,384.0,512.0,RGB,JPEG,True,
/content/drive/MyDrive/Calorify/dataset/salad/salad_271.jpg,salad_271.jpg,salad,.jpg,40.08,512.0,512.0,RGB,JPEG,True,
/content/drive/MyDrive/Calorify/dataset/salad/salad_302.jpg,salad_302.jpg,salad,.jpg,70.74,512.0,512.0,RGB,JPEG,True,
/content/drive/MyDrive/Calorify/dataset/salad/salad_295.jpg,salad_295.jpg,salad,.jpg,65.23,512.0,512.0,RGB,JPEG,True,
/content/drive/MyDrive/Calorify/dataset/salad/salad_300.jpg,salad_300.jpg,salad,.jpg,35.28,384.0,512.0,RGB,JPEG,True,
/content/drive/MyDrive/Calorify/dataset/salad/salad_299.jpg,salad_299.jpg,salad,.jpg,51.82,512.0,512.0,RGB,JPEG,True,
/content/drive/MyDrive/Calorify/dataset/salad/salad_289.jpg,salad_289.jpg,salad,.jpg,40.63,384.0,512.0,RGB,JPEG,True,
/content/drive/MyDrive/Calorify/dataset/salad/salad_307.jpg,salad_307.jpg,salad,.jpg,54.04,512.0,512.0,RGB,JPEG,True,
/content/drive/MyDrive/Calorify/dataset/salad/salad_281.jpg,salad_281.jpg,salad,.jpg,53.11,512.0,512.0,RGB,JPEG,True,
/content/drive/MyDrive/Calorify/dataset/salad/salad_287.jpg,salad_287.jpg,salad,.jpg,50.75,512.0,384.0,RGB,JPEG,True,
/content/drive/MyDrive/Calorify/dataset/salad/salad_278.jpg,salad_278.jpg,salad,.jpg,48.12,512.0,384.0,RGB,JPEG,True,
/content/drive/MyDrive/Calorify/dataset/salad/salad_280.jpg,salad_280.jpg,salad,.jpg,40.04,512.0,512.0,RGB,JPEG,True,
/content/drive/MyDrive/Calorify/dataset/salad/salad_304.jpg,salad_304.jpg,salad,.jpg,58.14,512.0,512.0,RGB,JPEG,True,
/content/drive/MyDrive/Calorify/dataset/salad/salad_279.jpg,salad_279.jpg,salad,.jpg,39.02,384.0,512.0,RGB,JPEG,True,
/content/drive/MyDrive/Calorify/dataset/salad/salad_273.jpg,salad_273.jpg,salad,.jpg,44.34,512.0,512.0,RGB,JPEG,True,
/content/drive/MyDrive/Calorify/dataset/salad/salad_290.jpg,salad_290.jpg,salad,.jpg,63.8,512.0,512.0,RGB,JPEG,True,
/content/drive/MyDrive/Calorify/dataset/salad/salad_277.jpg,salad_277.jpg,salad,.jpg,59.4,512.0,512.0,RGB,JPEG,True,
/content/drive/MyDrive/Calorify/dataset/salad/salad_283.jpg,salad_283.jpg,salad,.jpg,22.65,512.0,289.0,RGB,JPEG,True,
/content/drive/MyDrive/Calorify/dataset/salad/salad_292.jpg,salad_292.jpg,salad,.jpg,31.27,512.0,384.0,RGB,JPEG,True,
/content/drive/MyDrive/Calorify/dataset/salad/salad_286.jpg,salad_286.jpg,salad,.jpg,48.56,512.0,512.0,RGB,JPEG,True,
/content/drive/MyDrive/Calorify/dataset/salad/salad_293.jpg,salad_293.jpg,salad,.jpg,58.72,384.0,512.0,RGB,JPEG,True,
/content/drive/MyDrive/Calorify/dataset/salad/salad_274.jpg,salad_274.jpg,salad,.jpg,56.53,512.0,512.0,RGB,JPEG,True,
/content/drive/MyDrive/Calorify/dataset/salad/salad_285.jpg,salad_285.jpg,salad,.jpg,46.04,512.0,342.0,RGB,JPEG,True,
/content/drive/MyDrive/Calorify/dataset/salad/salad_275.jpg,salad_275.jpg,salad,.jpg,50.75,512.0,382.0,RGB,JPEG,True,
/content/drive/MyDrive/Calorify/dataset/salad/salad_282.jpg,salad_282.jpg,salad,.jpg,51.92,512.0,512.0,RGB,JPEG,True,
/content/drive/MyDrive/Calorify/dataset/salad/salad_294.jpg,salad_294.jpg,salad,.jpg,66.28,512.0,512.0,RGB,JPEG,True,
/content/drive/MyDrive/Calorify/dataset/salad/salad_308.jpg,salad_308.jpg,salad,.jpg,41.43,512.0,384.0,RGB,JPEG,True,
/content/drive/MyDrive/Calorify/dataset/salad/salad_291.jpg,salad_291.jpg,salad,.jpg,38.41,512.0,384.0,RGB,JPEG,True,
/content/drive/MyDrive/Calorify/dataset/salad/salad_301.jpg,salad_301.jpg,salad,.jpg,79.55,512.0,512.0,RGB,JPEG,True,
/content/drive/MyDrive/Calorify/dataset/salad/salad_288.jpg,salad_288.jpg,salad,.jpg,60.13,512.0,512.0,RGB,JPEG,True,
/content/drive/MyDrive/Calorify/dataset/salad/salad_337.jpg,salad_337.jpg,salad,.jpg,51.68,512.0,512.0,RGB,JPEG,True,
/content/drive/MyDrive/Calorify/dataset/salad/salad_326.jpg,salad_326.jpg,salad,.jpg,66.28,512.0,512.0,RGB,JPEG,True,
/content/drive/MyDrive/Calorify/dataset/salad/salad_349.jpg,salad_349.jpg,salad,.jpg,58.8,512.0,512.0,RGB,JPEG,True,
/content/drive/MyDrive/Calorify/dataset/salad/salad_329.jpg,salad_329.jpg,salad,.jpg,49.58,512.0,512.0,RGB,JPEG,True,
/content/drive/MyDrive/Calorify/dataset/salad/salad_347.jpg,salad_347.jpg,salad,.jpg,55.64,512.0,512.0,RGB,JPEG,True,
/content/drive/MyDrive/Calorify/dataset/salad/salad_325.jpg,salad_325.jpg,salad,.jpg,47.54,382.0,512.0,RGB,JPEG,True,
/content/drive/MyDrive/Calorify/dataset/salad/salad_345.jpg,salad_345.jpg,salad,.jpg,43.25,512.0,384.0,RGB,JPEG,True,
/content/drive/MyDrive/Calorify/dataset/salad/salad_330.jpg,salad_330.jpg,salad,.jpg,46.52,384.0,512.0,RGB,JPEG,True,
/content/drive/MyDrive/Calorify/dataset/salad/salad_327.jpg,salad_327.jpg,salad,.jpg,52.8,512.0,512.0,RGB,JPEG,True,
/content/drive/MyDrive/Calorify/dataset/salad/salad_314.jpg,salad_314.jpg,salad,.jpg,50.18,512.0,512.0,RGB,JPEG,True,
/content/drive/MyDrive/Calorify/dataset/salad/salad_319.jpg,salad_319.jpg,salad,.jpg,53.5,512.0,512.0,RGB,JPEG,True,
/content/drive/MyDrive/Calorify/dataset/salad/salad_344.jpg,salad_344.jpg,salad,.jpg,60.85,512.0,512.0,RGB,JPEG,True,
/content/drive/MyDrive/Calorify/dataset/salad/salad_331.jpg,salad_331.jpg,salad,.jpg,68.88,512.0,512.0,RGB,JPEG,True,
/content/drive/MyDrive/Calorify/dataset/salad/salad_322.jpg,salad_322.jpg,salad,.jpg,37.53,512.0,289.0,RGB,JPEG,True,
/content/drive/MyDrive/Calorify/dataset/salad/salad_339.jpg,salad_339.jpg,salad,.jpg,61.49,512.0,512.0,RGB,JPEG,True,
/content/drive/MyDrive/Calorify/dataset/salad/salad_313.jpg,salad_313.jpg,salad,.jpg,57.73,512.0,512.0,RGB,JPEG,True,
/content/drive/MyDrive/Calorify/dataset/salad/salad_341.jpg,salad_341.jpg,salad,.jpg,68.35,512.0,288.0,RGB,JPEG,True,
/content/drive/MyDrive/Calorify/dataset/salad/salad_315.jpg,salad_315.jpg,salad,.jpg,60.14,512.0,512.0,RGB,JPEG,True,
/content/drive/MyDrive/Calorify/dataset/salad/salad_332.jpg,salad_332.jpg,salad,.jpg,32.23,512.0,384.0,RGB,JPEG,True,
/content/drive/MyDrive/Calorify/dataset/salad/salad_312.jpg,salad_312.jpg,salad,.jpg,64.96,512.0,384.0,RGB,JPEG,True,
/content/drive/MyDrive/Calorify/dataset/salad/salad_336.jpg,salad_336.jpg,salad,.jpg,58.63,512.0,512.0,RGB,JPEG,True,
/content/drive/MyDrive/Calorify/dataset/salad/salad_333.jpg,salad_333.jpg,salad,.jpg,41.9,382.0,512.0,RGB,JPEG,True,
/content/drive/MyDrive/Calorify/dataset/salad/salad_328.jpg,salad_328.jpg,salad,.jpg,38.59,512.0,384.0,RGB,JPEG,True,
/content/drive/MyDrive/Calorify/dataset/salad/salad_352.jpg,salad_352.jpg,salad,.jpg,47.76,512.0,384.0,RGB,JPEG,True,
/content/drive/MyDrive/Calorify/dataset/salad/salad_343.jpg,salad_343.jpg,salad,.jpg,54.05,512.0,512.0,RGB,JPEG,True,
/content/drive/MyDrive/Calorify/dataset/salad/salad_321.jpg,salad_321.jpg,salad,.jpg,70.01,512.0,512.0,RGB,JPEG,True,
/content/drive/MyDrive/Calorify/dataset/salad/salad_317.jpg,salad_317.jpg,salad,.jpg,58.77,512.0,512.0,RGB,JPEG,True,
/content/drive/MyDrive/Calorify/dataset/salad/salad_318.jpg,salad_318.jpg,salad,.jpg,34.76,512.0,384.0,RGB,JPEG,True,
/content/drive/MyDrive/Calorify/dataset/salad/salad_353.jpg,salad_353.jpg,salad,.jpg,40.25,512.0,288.0,RGB,JPEG,True,
/content/drive/MyDrive/Calorify/dataset/salad/salad_324.jpg,salad_324.jpg,salad,.jpg,63.24,512.0,512.0,RGB,JPEG,True,
/content/drive/MyDrive/Calorify/dataset/salad/salad_342.jpg,salad_342.jpg,salad,.jpg,45.92,512.0,512.0,RGB,JPEG,True,
/content/drive/MyDrive/Calorify/dataset/salad/salad_334.jpg,salad_334.jpg,salad,.jpg,47.43,512.0,512.0,RGB,JPEG,True,
/content/drive/MyDrive/Calorify/dataset/salad/salad_323.jpg,salad_323.jpg,salad,.jpg,53.03,512.0,512.0,RGB,JPEG,True,
/content/drive/MyDrive/Calorify/dataset/salad/salad_351.jpg,salad_351.jpg,salad,.jpg,68.05,512.0,512.0,RGB,JPEG,True,
/content/drive/MyDrive/Calorify/dataset/salad/salad_346.jpg,salad_346.jpg,salad,.jpg,54.79,512.0,512.0,RGB,JPEG,True,
/content/drive/MyDrive/Calorify/dataset/salad/salad_338.jpg,salad_338.jpg,salad,.jpg,61.87,512.0,288.0,RGB,JPEG,True,
/content/drive/MyDrive/Calorify/dataset/salad/salad_348.jpg,salad_348.jpg,salad,.jpg,57.47,512.0,512.0,RGB,JPEG,True,
/content/drive/MyDrive/Calorify/dataset/salad/salad_316.jpg,salad_316.jpg,salad,.jpg,32.1,384.0,512.0,RGB,JPEG,True,
/content/drive/MyDrive/Calorify/dataset/salad/salad_340.jpg,salad_340.jpg,salad,.jpg,52.66,512.0,512.0,RGB,JPEG,True,
/content/drive/MyDrive/Calorify/dataset/salad/salad_320.jpg,salad_320.jpg,salad,.jpg,53.34,512.0,512.0,RGB,JPEG,True,
/content/drive/MyDrive/Calorify/dataset/salad/salad_335.jpg,salad_335.jpg,salad,.jpg,58.72,512.0,512.0,RGB,JPEG,True,
/content/drive/MyDrive/Calorify/dataset/salad/salad_350.jpg,salad_350.jpg,salad,.jpg,46.45,512.0,512.0,RGB,JPEG,True,
/content/drive/MyDrive/Calorify/dataset/salad/salad_380.jpg,salad_380.jpg,salad,.jpg,73.94,512.0,346.0,RGB,JPEG,True,
/content/drive/MyDrive/Calorify/dataset/salad/salad_366.jpg,salad_366.jpg,salad,.jpg,52.74,512.0,512.0,RGB,JPEG,True,
/content/drive/MyDrive/Calorify/dataset/salad/salad_371.jpg,salad_371.jpg,salad,.jpg,80.88,512.0,306.0,RGB,JPEG,True,
/content/drive/MyDrive/Calorify/dataset/salad/salad_356.jpg,salad_356.jpg,salad,.jpg,45.58,512.0,382.0,RGB,JPEG,True,
/content/drive/MyDrive/Calorify/dataset/salad/salad_377.jpg,salad_377.jpg,salad,.jpg,67.33,512.0,512.0,RGB,JPEG,True,
/content/drive/MyDrive/Calorify/dataset/salad/salad_359.jpg,salad_359.jpg,salad,.jpg,44.96,512.0,384.0,RGB,JPEG,True,
/content/drive/MyDrive/Calorify/dataset/salad/salad_388.jpg,salad_388.jpg,salad,.jpg,57.32,512.0,512.0,RGB,JPEG,True,
/content/drive/MyDrive/Calorify/dataset/salad/salad_360.jpg,salad_360.jpg,salad,.jpg,67.48,512.0,512.0,RGB,JPEG,True,
/content/drive/MyDrive/Calorify/dataset/salad/salad_383.jpg,salad_383.jpg,salad,.jpg,85.96,512.0,287.0,RGB,JPEG,True,
/content/drive/MyDrive/Calorify/dataset/salad/salad_362.jpg,salad_362.jpg,salad,.jpg,72.35,382.0,512.0,RGB,JPEG,True,
/content/drive/MyDrive/Calorify/dataset/salad/salad_370.jpg,salad_370.jpg,salad,.jpg,74.93,512.0,512.0,RGB,JPEG,True,
/content/drive/MyDrive/Calorify/dataset/salad/salad_369.jpg,salad_369.jpg,salad,.jpg,71.37,512.0,512.0,RGB,JPEG,True,
/content/drive/MyDrive/Calorify/dataset/salad/salad_381.jpg,salad_381.jpg,salad,.jpg,58.22,512.0,512.0,RGB,JPEG,True,
/content/drive/MyDrive/Calorify/dataset/salad/salad_378.jpg,salad_378.jpg,salad,.jpg,36.9,512.0,306.0,RGB,JPEG,True,
/content/drive/MyDrive/Calorify/dataset/salad/salad_386.jpg,salad_386.jpg,salad,.jpg,70.57,512.0,512.0,RGB,JPEG,True,
/content/drive/MyDrive/Calorify/dataset/salad/salad_363.jpg,salad_363.jpg,salad,.jpg,62.44,512.0,384.0,RGB,JPEG,True,
/content/drive/MyDrive/Calorify/dataset/salad/salad_385.jpg,salad_385.jpg,salad,.jpg,60.58,512.0,512.0,RGB,JPEG,True,
/content/drive/MyDrive/Calorify/dataset/salad/salad_367.jpg,salad_367.jpg,salad,.jpg,74.61,382.0,512.0,RGB,JPEG,True,
/content/drive/MyDrive/Calorify/dataset/salad/salad_354.jpg,salad_354.jpg,salad,.jpg,39.11,384.0,512.0,RGB,JPEG,True,
/content/drive/MyDrive/Calorify/dataset/salad/salad_389.jpg,salad_389.jpg,salad,.jpg,43.1,512.0,384.0,RGB,JPEG,True,
/content/drive/MyDrive/Calorify/dataset/salad/salad_365.jpg,salad_365.jpg,salad,.jpg,70.91,512.0,512.0,RGB,JPEG,True,
/content/drive/MyDrive/Calorify/dataset/salad/salad_375.jpg,salad_375.jpg,salad,.jpg,43.18,512.0,384.0,RGB,JPEG,True,
/content/drive/MyDrive/Calorify/dataset/salad/salad_357.jpg,salad_357.jpg,salad,.jpg,43.85,512.0,512.0,RGB,JPEG,True,
/content/drive/MyDrive/Calorify/dataset/salad/salad_374.jpg,salad_374.jpg,salad,.jpg,55.59,512.0,512.0,RGB,JPEG,True,
/content/drive/MyDrive/Calorify/dataset/salad/salad_376.jpg,salad_376.jpg,salad,.jpg,63.27,512.0,384.0,RGB,JPEG,True,
/content/drive/MyDrive/Calorify/dataset/salad/salad_372.jpg,salad_372.jpg,salad,.jpg,65.07,512.0,512.0,RGB,JPEG,True,
/content/drive/MyDrive/Calorify/dataset/salad/salad_364.jpg,salad_364.jpg,salad,.jpg,66.11,512.0,384.0,RGB,JPEG,True,
/content/drive/MyDrive/Calorify/dataset/salad/salad_361.jpg,salad_361.jpg,salad,.jpg,65.15,512.0,512.0,RGB,JPEG,True,
/content/drive/MyDrive/Calorify/dataset/salad/salad_382.jpg,salad_382.jpg,salad,.jpg,54.53,512.0,512.0,RGB,JPEG,True,
/content/drive/MyDrive/Calorify/dataset/salad/salad_373.jpg,salad_373.jpg,salad,.jpg,38.03,512.0,306.0,RGB,JPEG,True,
/content/drive/MyDrive/Calorify/dataset/salad/salad_387.jpg,salad_387.jpg,salad,.jpg,73.54,512.0,512.0,RGB,JPEG,True,
/content/drive/MyDrive/Calorify/dataset/salad/salad_379.jpg,salad_379.jpg,salad,.jpg,77.89,512.0,512.0,RGB,JPEG,True,
/content/drive/MyDrive/Calorify/dataset/salad/salad_368.jpg,salad_368.jpg,salad,.jpg,40.66,512.0,512.0,RGB,JPEG,True,
/content/drive/MyDrive/Calorify/dataset/salad/salad_358.jpg,salad_358.jpg,salad,.jpg,59.15,512.0,512.0,RGB,JPEG,True,
/content/drive/MyDrive/Calorify/dataset/salad/salad_355.jpg,salad_355.jpg,salad,.jpg,42.06,512.0,384.0,RGB,JPEG,True,
/content/drive/MyDrive/Calorify/dataset/salad/salad_384.jpg,salad_384.jpg,salad,.jpg,61.43,512.0,512.0,RGB,JPEG,True,
/content/drive/MyDrive/Calorify/dataset/salad/salad_395.jpg,salad_395.jpg,salad,.jpg,48.18,512.0,512.0,RGB,JPEG,True,
/content/drive/MyDrive/Calorify/dataset/salad/salad_393.jpg,salad_393.jpg,salad,.jpg,47.16,512.0,512.0,RGB,JPEG,True,
/content/drive/MyDrive/Calorify/dataset/salad/salad_394.jpg,salad_394.jpg,salad,.jpg,74.74,512.0,512.0,RGB,JPEG,True,
/content/drive/MyDrive/Calorify/dataset/salad/salad_392.jpg,salad_392.jpg,salad,.jpg,40.29,384.0,512.0,RGB,JPEG,True,
/content/drive/MyDrive/Calorify/dataset/salad/salad_390.jpg,salad_390.jpg,salad,.jpg,53.69,512.0,512.0,RGB,JPEG,True,
/content/drive/MyDrive/Calorify/dataset/salad/salad_391.jpg,salad_391.jpg,salad,.jpg,70.8,512.0,512.0,RGB,JPEG,True,
/content/drive/MyDrive/Calorify/dataset/salad/salad_396.jpg,salad_396.jpg,salad,.jpg,62.41,512.0,512.0,RGB,JPEG,True,
/content/drive/MyDrive/Calorify/dataset/salad/398.jpg,398.jpg,salad,.jpg,142.63,1200.0,900.0,RGB,JPEG,True,
/content/drive/MyDrive/Calorify/dataset/salad/399.jpg,399.jpg,salad,.jpg,387.98,1775.0,1331.0,RGB,JPEG,True,
/content/drive/MyDrive/Calorify/dataset/salad/400.jpg,400.jpg,salad,.jpg,390.96,4096.0,2304.0,RGB,JPEG,True,
/content/drive/MyDrive/Calorify/dataset/salad/401.jpg,401.jpg,salad,.jpg,186.37,850.0,1197.0,RGB,JPEG,True,
/content/drive/MyDrive/Calorify/dataset/salad/404.jpg,404.jpg,salad,.jpg,302.68,1600.0,985.0,RGB,JPEG,True,
/content/drive/MyDrive/Calorify/dataset/salad/406.jpg,406.jpg,salad,.jpg,1130.54,1800.0,1800.0,RGB,JPEG,True,
/content/drive/MyDrive/Calorify/dataset/salad/407.jpg,407.jpg,salad,.jpg,174.44,960.0,960.0,RGB,JPEG,True,
/content/drive/MyDrive/Calorify/dataset/salad/408.jpg,408.jpg,salad,.jpg,267.09,1200.0,1200.0,RGB,JPEG,True,
/content/drive/MyDrive/Calorify/dataset/salad/411.jpg,411.jpg,salad,.jpg,87.84,1200.0,1200.0,RGB,JPEG,True,
/content/drive/MyDrive/Calorify/dataset/salad/415.jpg,415.jpg,salad,.jpg,53.33,626.0,351.0,RGB,JPEG,True,
/content/drive/MyDrive/Calorify/dataset/salad/419.jpg,419.jpg,salad,.jpg,201.9,1200.0,1800.0,RGB,JPEG,True,
/content/drive/MyDrive/Calorify/dataset/salad/421.jpg,421.jpg,salad,.jpg,79.84,1300.0,957.0,RGB,JPEG,True,
/content/drive/MyDrive/Calorify/dataset/salad/422.jpg,422.jpg,salad,.jpg,53.08,800.0,634.0,RGB,JPEG,True,
/content/drive/MyDrive/Calorify/dataset/salad/423.jpg,423.jpg,salad,.jpg,81.75,626.0,417.0,RGB,JPEG,True,
/content/drive/MyDrive/Calorify/dataset/salad/424.jpg,424.jpg,salad,.jpg,199.15,1800.0,1800.0,RGB,JPEG,True,
/content/drive/MyDrive/Calorify/dataset/salad/425.jpg,425.jpg,salad,.jpg,52.58,800.0,534.0,RGB,JPEG,True,
/content/drive/MyDrive/Calorify/dataset/salad/426.jpg,426.jpg,salad,.jpg,142.47,1200.0,1800.0,RGB,JPEG,True,
/content/drive/MyDrive/Calorify/dataset/salad/428.jpg,428.jpg,salad,.jpg,97.77,1200.0,1200.0,RGB,JPEG,True,
/content/drive/MyDrive/Calorify/dataset/salad/429.jpg,429.jpg,salad,.jpg,58.91,447.0,626.0,RGB,JPEG,True,
/content/drive/MyDrive/Calorify/dataset/salad/430.jpg,430.jpg,salad,.jpg,70.86,466.0,626.0,RGB,JPEG,True,
/content/drive/MyDrive/Calorify/dataset/salad/431.jpg,431.jpg,salad,.jpg,607.59,3000.0,2000.0,RGB,JPEG,True,
/content/drive/MyDrive/Calorify/dataset/salad/432.jpg,432.jpg,salad,.jpg,56.62,1200.0,675.0,RGB,JPEG,True,
/content/drive/MyDrive/Calorify/dataset/salad/434.jpg,434.jpg,salad,.jpg,242.54,1980.0,1320.0,RGB,JPEG,True,
/content/drive/MyDrive/Calorify/dataset/salad/435.jpg,435.jpg,salad,.jpg,63.96,1200.0,1500.0,RGB,JPEG,True,
/content/drive/MyDrive/Calorify/dataset/salad/436.jpg,436.jpg,salad,.jpg,270.88,2400.0,1599.0,RGB,JPEG,True,
/content/drive/MyDrive/Calorify/dataset/salad/437.jpg,437.jpg,salad,.jpg,94.59,1360.0,2040.0,RGB,JPEG,True,
/content/drive/MyDrive/Calorify/dataset/salad/438.jpg,438.jpg,salad,.jpg,43.83,626.0,401.0,RGB,JPEG,True,
/content/drive/MyDrive/Calorify/dataset/salad/439.jpg,439.jpg,salad,.jpg,56.14,626.0,418.0,RGB,JPEG,True,
/content/drive/MyDrive/Calorify/dataset/salad/441.jpg,441.jpg,salad,.jpg,490.93,600.0,900.0,RGB,JPEG,True,
/content/drive/MyDrive/Calorify/dataset/salad/442.jpg,442.jpg,salad,.jpg,141.02,1307.0,1960.0,RGB,JPEG,True,
/content/drive/MyDrive/Calorify/dataset/salad/443.jpg,443.jpg,salad,.jpg,76.66,626.0,411.0,RGB,JPEG,True,
/content/drive/MyDrive/Calorify/dataset/salad/444.jpg,444.jpg,salad,.jpg,56.07,626.0,418.0,RGB,JPEG,True,
/content/drive/MyDrive/Calorify/dataset/salad/446.jpg,446.jpg,salad,.jpg,131.76,1200.0,1675.0,RGB,JPEG,True,
/content/drive/MyDrive/Calorify/dataset/salad/449.jpg,449.jpg,salad,.jpg,305.93,1200.0,1800.0,RGB,JPEG,True,
/content/drive/MyDrive/Calorify/dataset/salad/451.jpg,451.jpg,salad,.jpg,279.83,1458.0,820.0,RGB,JPEG,True,
/content/drive/MyDrive/Calorify/dataset/salad/450.jpg,450.jpg,salad,.jpg,171.18,1200.0,1200.0,RGB,JPEG,True,
/content/drive/MyDrive/Calorify/dataset/salad/452.jpg,452.jpg,salad,.jpg,77.47,720.0,480.0,RGB,JPEG,True,
/content/drive/MyDrive/Calorify/dataset/salad/453.jpg,453.jpg,salad,.jpg,153.6,960.0,960.0,RGB,JPEG,True,
/content/drive/MyDrive/Calorify/dataset/salad/454.jpg,454.jpg,salad,.jpg,120.14,1200.0,1200.0,RGB,JPEG,True,
/content/drive/MyDrive/Calorify/dataset/salad/455.jpg,455.jpg,salad,.jpg,142.47,1200.0,1800.0,RGB,JPEG,True,
/content/drive/MyDrive/Calorify/dataset/salad/457.jpg,457.jpg,salad,.jpg,37.14,680.0,1021.0,RGB,JPEG,True,
/content/drive/MyDrive/Calorify/dataset/salad/458.jpg,458.jpg,salad,.jpg,139.97,1200.0,630.0,RGB,JPEG,True,
/content/drive/MyDrive/Calorify/dataset/salad/459.jpg,459.jpg,salad,.jpg,97.77,1200.0,1200.0,RGB,JPEG,True,
/content/drive/MyDrive/Calorify/dataset/salad/460.jpg,460.jpg,salad,.jpg,141.82,866.0,1390.0,RGB,JPEG,True,
/content/drive/MyDrive/Calorify/dataset/salad/461.jpg,461.jpg,salad,.jpg,540.09,3000.0,2000.0,RGB,JPEG,True,
/content/drive/MyDrive/Calorify/dataset/salad/462.jpg,462.jpg,salad,.jpg,144.93,750.0,1125.0,RGB,JPEG,True,
/content/drive/MyDrive/Calorify/dataset/salad/463.jpg,463.jpg,salad,.jpg,607.59,3000.0,2000.0,RGB,JPEG,True,
/content/drive/MyDrive/Calorify/dataset/salad/464.jpg,464.jpg,salad,.jpg,56.62,1200.0,675.0,RGB,JPEG,True,
/content/drive/MyDrive/Calorify/dataset/salad/466.jpg,466.jpg,salad,.jpg,162.96,1300.0,956.0,RGB,JPEG,True,
/content/drive/MyDrive/Calorify/dataset/salad/467.jpg,467.jpg,salad,.jpg,468.09,1392.0,2088.0,RGB,JPEG,True,
/content/drive/MyDrive/Calorify/dataset/salad/468.jpg,468.jpg,salad,.jpg,214.38,1500.0,1120.0,RGB,JPEG,True,
/content/drive/MyDrive/Calorify/dataset/salad/470.jpg,470.jpg,salad,.jpg,164.48,900.0,1350.0,RGB,JPEG,True,
/content/drive/MyDrive/Calorify/dataset/salad/472.jpg,472.jpg,salad,.jpg,68.18,626.0,417.0,RGB,JPEG,True,
/content/drive/MyDrive/Calorify/dataset/salad/474.jpg,474.jpg,salad,.jpg,31.07,1300.0,978.0,RGB,JPEG,True,
/content/drive/MyDrive/Calorify/dataset/salad/473.jpg,473.jpg,salad,.jpg,551.04,2000.0,2000.0,RGB,JPEG,True,
/content/drive/MyDrive/Calorify/dataset/salad/475.jpg,475.jpg,salad,.jpg,57.11,1300.0,956.0,RGB,JPEG,True,
/content/drive/MyDrive/Calorify/dataset/salad/476.jpg,476.jpg,salad,.jpg,28.97,626.0,419.0,RGB,JPEG,True,
/content/drive/MyDrive/Calorify/dataset/salad/477.jpg,477.jpg,salad,.jpg,6.29,821.0,641.0,RGB,JPEG,True,
/content/drive/MyDrive/Calorify/dataset/salad/479.jpg,479.jpg,salad,.jpg,181.78,1080.0,1350.0,RGB,JPEG,True,
/content/drive/MyDrive/Calorify/dataset/salad/478.jpg,478.jpg,salad,.jpg,187.39,1300.0,953.0,RGB,JPEG,True,
/content/drive/MyDrive/Calorify/dataset/salad/480.jpg,480.jpg,salad,.jpg,98.26,1500.0,1000.0,RGB,JPEG,True,
/content/drive/MyDrive/Calorify/dataset/salad/481.jpg,481.jpg,salad,.jpg,31.88,980.0,1307.0,RGB,JPEG,True,
/content/drive/MyDrive/Calorify/dataset/salad/482.jpg,482.jpg,salad,.jpg,147.93,1300.0,950.0,RGB,JPEG,True,
/content/drive/MyDrive/Calorify/dataset/salad/484.jpg,484.jpg,salad,.jpg,49.33,626.0,417.0,RGB,JPEG,True,
/content/drive/MyDrive/Calorify/dataset/salad/486.jpg,486.jpg,salad,.jpg,246.34,1300.0,957.0,RGB,JPEG,True,
/content/drive/MyDrive/Calorify/dataset/salad/485.jpg,485.jpg,salad,.jpg,256.41,2000.0,2000.0,RGB,JPEG,True,
/content/drive/MyDrive/Calorify/dataset/salad/487.jpg,487.jpg,salad,.jpg,28.04,764.0,1000.0,RGB,JPEG,True,
/content/drive/MyDrive/Calorify/dataset/salad/488.jpg,488.jpg,salad,.jpg,195.88,2000.0,2001.0,RGB,JPEG,True,
/content/drive/MyDrive/Calorify/dataset/salad/490.jpg,490.jpg,salad,.jpg,78.75,772.0,900.0,RGB,JPEG,True,
/content/drive/MyDrive/Calorify/dataset/salad/491.jpg,491.jpg,salad,.jpg,63.38,1200.0,1200.0,RGB,JPEG,True,
/content/drive/MyDrive/Calorify/dataset/salad/492.jpg,492.jpg,salad,.jpg,57.02,523.0,523.0,RGB,JPEG,True,
/content/drive/MyDrive/Calorify/dataset/salad/494.jpg,494.jpg,salad,.jpg,48.65,626.0,437.0,RGB,JPEG,True,
/content/drive/MyDrive/Calorify/dataset/salad/495.jpg,495.jpg,salad,.jpg,1081.51,3648.0,5472.0,RGB,JPEG,True,
/content/drive/MyDrive/Calorify/dataset/salad/496.jpg,496.jpg,salad,.jpg,2.67,547.0,547.0,RGB,JPEG,True,
/content/drive/MyDrive/Calorify/dataset/salad/497.jpg,497.jpg,salad,.jpg,224.15,866.0,1390.0,RGB,JPEG,True,
/content/drive/MyDrive/Calorify/dataset/salad/498.jpg,498.jpg,salad,.jpg,172.54,1600.0,1462.0,RGB,JPEG,True,
/content/drive/MyDrive/Calorify/dataset/salad/499.jpg,499.jpg,salad,.jpg,166.6,1600.0,1153.0,RGB,JPEG,True,
/content/drive/MyDrive/Calorify/dataset/salad/500.jpg,500.jpg,salad,.jpg,2403.71,6720.0,4480.0,RGB,JPEG,True,
/content/drive/MyDrive/Calorify/dataset/salad/501.jpg,501.jpg,salad,.jpg,692.0,4608.0,3072.0,RGB,JPEG,True,
/content/drive/MyDrive/Calorify/dataset/salad/502.jpg,502.jpg,salad,.jpg,188.0,1600.0,1155.0,RGB,JPEG,True,
/content/drive/MyDrive/Calorify/dataset/salad/503.jpg,503.jpg,salad,.jpg,173.47,1300.0,989.0,RGB,JPEG,True,
/content/drive/MyDrive/Calorify/dataset/salad/504.jpg,504.jpg,salad,.jpg,189.41,1600.0,1157.0,RGB,JPEG,True,
/content/drive/MyDrive/Calorify/dataset/salad/506.jpg,506.jpg,salad,.jpg,134.25,1300.0,1043.0,RGB,JPEG,True,
/content/drive/MyDrive/Calorify/dataset/salad/505.jpg,505.jpg,salad,.jpg,116.16,626.0,626.0,RGB,JPEG,True,
/content/drive/MyDrive/Calorify/dataset/salad/507.jpg,507.jpg,salad,.jpg,136.14,866.0,1390.0,RGB,JPEG,True,
/content/drive/MyDrive/Calorify/dataset/salad/508.jpg,508.jpg,salad,.jpg,55.1,417.0,626.0,RGB,JPEG,True,
/content/drive/MyDrive/Calorify/dataset/salad/509.jpg,509.jpg,salad,.jpg,159.58,1300.0,956.0,RGB,JPEG,True,
/content/drive/MyDrive/Calorify/dataset/salad/510.jpg,510.jpg,salad,.jpg,72.99,1200.0,627.0,RGB,JPEG,True,
/content/drive/MyDrive/Calorify/dataset/salad/511.jpg,511.jpg,salad,.jpg,57.32,626.0,511.0,RGB,JPEG,True,
/content/drive/MyDrive/Calorify/dataset/salad/512.jpg,512.jpg,salad,.jpg,259.42,1960.0,980.0,RGB,JPEG,True,
/content/drive/MyDrive/Calorify/dataset/salad/514.jpg,514.jpg,salad,.jpg,38.88,626.0,417.0,RGB,JPEG,True,
/content/drive/MyDrive/Calorify/dataset/salad/515.jpg,515.jpg,salad,.jpg,193.78,1300.0,960.0,RGB,JPEG,True,
/content/drive/MyDrive/Calorify/dataset/salad/516.jpg,516.jpg,salad,.jpg,48.44,800.0,530.0,RGB,JPEG,True,
/content/drive/MyDrive/Calorify/dataset/salad/517.jpg,517.jpg,salad,.jpg,844.24,3468.0,4624.0,RGB,JPEG,True,
/content/drive/MyDrive/Calorify/dataset/salad/518.jpg,518.jpg,salad,.jpg,1146.1,1500.0,1519.0,RGB,JPEG,True,
/content/drive/MyDrive/Calorify/dataset/salad/519.jpg,519.jpg,salad,.jpg,43.73,626.0,419.0,RGB,JPEG,True,
/content/drive/MyDrive/Calorify/dataset/salad/520.jpg,520.jpg,salad,.jpg,167.41,1600.0,1298.0,RGB,JPEG,True,
/content/drive/MyDrive/Calorify/dataset/salad/521.jpg,521.jpg,salad,.jpg,115.38,626.0,626.0,RGB,JPEG,True,
/content/drive/MyDrive/Calorify/dataset/salad/522.jpg,522.jpg,salad,.jpg,68.82,644.0,900.0,RGB,JPEG,True,
/content/drive/MyDrive/Calorify/dataset/salad/523.jpg,523.jpg,salad,.jpg,60.16,600.0,900.0,RGB,JPEG,True,
/content/drive/MyDrive/Calorify/dataset/salad/524.jpg,524.jpg,salad,.jpg,131.87,1600.0,1157.0,RGB,JPEG,True,
/content/drive/MyDrive/Calorify/dataset/salad/525.jpg,525.jpg,salad,.jpg,125.22,481.0,626.0,RGB,JPEG,True,
/content/drive/MyDrive/Calorify/dataset/salad/526.jpg,526.jpg,salad,.jpg,81.09,512.0,512.0,RGB,JPEG,True,
/content/drive/MyDrive/Calorify/dataset/salad/527.jpg,527.jpg,salad,.jpg,68.17,680.0,1020.0,RGB,JPEG,True,
/content/drive/MyDrive/Calorify/dataset/salad/528.jpg,528.jpg,salad,.jpg,349.55,1200.0,1800.0,RGB,JPEG,True,
/content/drive/MyDrive/Calorify/dataset/salad/529.jpg,529.jpg,salad,.jpg,139.97,1200.0,630.0,RGB,JPEG,True,
/content/drive/MyDrive/Calorify/dataset/salad/530.jpg,530.jpg,salad,.jpg,282.33,1800.0,1200.0,RGB,JPEG,True,
/content/drive/MyDrive/Calorify/dataset/salad/531.jpg,531.jpg,salad,.jpg,60.27,626.0,417.0,RGB,JPEG,True,
/content/drive/MyDrive/Calorify/dataset/salad/532.jpg,532.jpg,salad,.jpg,172.89,1600.0,1155.0,RGB,JPEG,True,
/content/drive/MyDrive/Calorify/dataset/salad/533.jpg,533.jpg,salad,.jpg,102.81,736.0,736.0,RGB,JPEG,True,
/content/drive/MyDrive/Calorify/dataset/salad/534.jpg,534.jpg,salad,.jpg,260.62,1600.0,1200.0,RGB,JPEG,True,
/content/drive/MyDrive/Calorify/dataset/salad/535.jpg,535.jpg,salad,.jpg,82.74,635.0,900.0,RGB,JPEG,True,
/content/drive/MyDrive/Calorify/dataset/salad/537.jpg,537.jpg,salad,.jpg,162.42,1300.0,957.0,RGB,JPEG,True,
/content/drive/MyDrive/Calorify/dataset/salad/538.jpg,538.jpg,salad,.jpg,128.43,1500.0,998.0,RGB,JPEG,True,
/content/drive/MyDrive/Calorify/dataset/salad/540.jpg,540.jpg,salad,.jpg,256.84,863.0,1390.0,RGB,JPEG,True,
/content/drive/MyDrive/Calorify/dataset/salad/539.jpg,539.jpg,salad,.jpg,34.61,626.0,417.0,RGB,JPEG,True,
/content/drive/MyDrive/Calorify/dataset/salad/541.jpg,541.jpg,salad,.jpg,66.94,638.0,900.0,RGB,JPEG,True,
/content/drive/MyDrive/Calorify/dataset/salad/542.jpg,542.jpg,salad,.jpg,61.69,1024.0,704.0,RGB,JPEG,True,
/content/drive/MyDrive/Calorify/dataset/salad/543.jpg,543.jpg,salad,.jpg,301.57,898.0,1390.0,RGB,JPEG,True,
/content/drive/MyDrive/Calorify/dataset/salad/545.jpg,545.jpg,salad,.jpg,50.02,626.0,351.0,RGB,JPEG,True,
/content/drive/MyDrive/Calorify/dataset/salad/546.jpg,546.jpg,salad,.jpg,145.15,527.0,626.0,RGB,JPEG,True,
/content/drive/MyDrive/Calorify/dataset/salad/548.jpg,548.jpg,salad,.jpg,208.28,1300.0,923.0,RGB,JPEG,True,
/content/drive/MyDrive/Calorify/dataset/salad/550.jpg,550.jpg,salad,.jpg,56.33,655.0,900.0,RGB,JPEG,True,
/content/drive/MyDrive/Calorify/dataset/salad/551.jpg,551.jpg,salad,.jpg,239.54,1300.0,956.0,RGB,JPEG,True,
/content/drive/MyDrive/Calorify/dataset/salad/552.jpg,552.jpg,salad,.jpg,232.67,1300.0,990.0,RGB,JPEG,True,
/content/drive/MyDrive/Calorify/dataset/salad/553.jpg,553.jpg,salad,.jpg,1958.86,3000.0,2000.0,RGB,JPEG,True,
/content/drive/MyDrive/Calorify/dataset/salad/554.jpg,554.jpg,salad,.jpg,90.1,736.0,920.0,RGB,JPEG,True,
/content/drive/MyDrive/Calorify/dataset/salad/555.jpg,555.jpg,salad,.jpg,223.83,1300.0,956.0,RGB,JPEG,True,
/content/drive/MyDrive/Calorify/dataset/salad/557.jpg,557.jpg,salad,.jpg,229.99,943.0,1390.0,RGB,JPEG,True,
/content/drive/MyDrive/Calorify/dataset/salad/556.jpg,556.jpg,salad,.jpg,997.15,3362.0,3362.0,RGB,JPEG,True,
/content/drive/MyDrive/Calorify/dataset/salad/558.jpg,558.jpg,salad,.jpg,111.75,736.0,736.0,RGB,JPEG,True,
/content/drive/MyDrive/Calorify/dataset/salad/559.jpg,559.jpg,salad,.jpg,115.77,1300.0,1390.0,RGB,JPEG,True,
/content/drive/MyDrive/Calorify/dataset/salad/560.jpg,560.jpg,salad,.jpg,649.94,800.0,1200.0,RGB,JPEG,True,
/content/drive/MyDrive/Calorify/dataset/salad/562.jpg,562.jpg,salad,.jpg,259.15,1300.0,1145.0,RGB,JPEG,True,
/content/drive/MyDrive/Calorify/dataset/salad/563.jpg,563.jpg,salad,.jpg,53.43,626.0,417.0,RGB,JPEG,True,
/content/drive/MyDrive/Calorify/dataset/salad/565.jpg,565.jpg,salad,.jpg,224.84,915.0,1390.0,RGB,JPEG,True,
/content/drive/MyDrive/Calorify/dataset/salad/564.jpg,564.jpg,salad,.jpg,172.19,736.0,736.0,RGB,JPEG,True,
/content/drive/MyDrive/Calorify/dataset/salad/566.jpg,566.jpg,salad,.jpg,230.16,1300.0,990.0,RGB,JPEG,True,
/content/drive/MyDrive/Calorify/dataset/salad/568.jpg,568.jpg,salad,.jpg,72.62,626.0,361.0,RGB,JPEG,True,
/content/drive/MyDrive/Calorify/dataset/salad/569.jpg,569.jpg,salad,.jpg,167.95,1300.0,957.0,RGB,JPEG,True,
/content/drive/MyDrive/Calorify/dataset/salad/570.jpg,570.jpg,salad,.jpg,418.72,2500.0,3298.0,RGB,JPEG,True,
/content/drive/MyDrive/Calorify/dataset/salad/571.jpg,571.jpg,salad,.jpg,92.25,626.0,417.0,RGB,JPEG,True,
/content/drive/MyDrive/Calorify/dataset/salad/572.jpg,572.jpg,salad,.jpg,219.04,1300.0,956.0,RGB,JPEG,True,
/content/drive/MyDrive/Calorify/dataset/salad/573.jpg,573.jpg,salad,.jpg,38.83,626.0,586.0,RGB,JPEG,True,
/content/drive/MyDrive/Calorify/dataset/salad/574.jpg,574.jpg,salad,.jpg,170.13,996.0,560.0,RGB,JPEG,True,
/content/drive/MyDrive/Calorify/dataset/salad/575.jpg,575.jpg,salad,.jpg,46.04,626.0,351.0,RGB,JPEG,True,
/content/drive/MyDrive/Calorify/dataset/salad/576.jpg,576.jpg,salad,.jpg,294.15,1500.0,1164.0,RGB,JPEG,True,
/content/drive/MyDrive/Calorify/dataset/salad/577.jpg,577.jpg,salad,.jpg,26.35,564.0,280.0,RGB,JPEG,True,
/content/drive/MyDrive/Calorify/dataset/salad/578.jpg,578.jpg,salad,.jpg,76.83,626.0,418.0,RGB,JPEG,True,
/content/drive/MyDrive/Calorify/dataset/salad/579.jpg,579.jpg,salad,.jpg,80.99,626.0,417.0,RGB,JPEG,True,
/content/drive/MyDrive/Calorify/dataset/salad/580.jpg,580.jpg,salad,.jpg,50.77,626.0,351.0,RGB,JPEG,True,
/content/drive/MyDrive/Calorify/dataset/salad/581.jpg,581.jpg,salad,.jpg,165.28,1266.0,1390.0,RGB,JPEG,True,
/content/drive/MyDrive/Calorify/dataset/salad/582.jpg,582.jpg,salad,.jpg,481.01,2000.0,1334.0,RGB,JPEG,True,
/content/drive/MyDrive/Calorify/dataset/salad/583.jpg,583.jpg,salad,.jpg,121.63,626.0,417.0,RGB,JPEG,True,
/content/drive/MyDrive/Calorify/dataset/salad/584.jpg,584.jpg,salad,.jpg,1655.05,3024.0,4032.0,RGB,JPEG,True,
/content/drive/MyDrive/Calorify/dataset/salad/585.jpg,585.jpg,salad,.jpg,694.58,1500.0,1101.0,RGB,JPEG,True,
/content/drive/MyDrive/Calorify/dataset/salad/586.jpg,586.jpg,salad,.jpg,1846.12,1500.0,1101.0,RGB,JPEG,True,
/content/drive/MyDrive/Calorify/dataset/salad/587.jpg,587.jpg,salad,.jpg,88.15,626.0,417.0,RGB,JPEG,True,
/content/drive/MyDrive/Calorify/dataset/salad/588.jpg,588.jpg,salad,.jpg,60.1,626.0,626.0,RGB,JPEG,True,
/content/drive/MyDrive/Calorify/dataset/salad/589.jpg,589.jpg,salad,.jpg,72.99,626.0,417.0,RGB,JPEG,True,
/content/drive/MyDrive/Calorify/dataset/salad/590.jpg,590.jpg,salad,.jpg,103.67,800.0,534.0,RGB,JPEG,True,
/content/drive/MyDrive/Calorify/dataset/salad/591.jpg,591.jpg,salad,.jpg,86.45,626.0,417.0,RGB,JPEG,True,
/content/drive/MyDrive/Calorify/dataset/salad/592.jpg,592.jpg,salad,.jpg,2027.03,1500.0,1101.0,RGB,JPEG,True,
/content/drive/MyDrive/Calorify/dataset/salad/593.jpg,593.jpg,salad,.jpg,100.33,418.0,626.0,RGB,JPEG,True,
/content/drive/MyDrive/Calorify/dataset/salad/594.jpg,594.jpg,salad,.jpg,93.96,626.0,417.0,RGB,JPEG,True,
/content/drive/MyDrive/Calorify/dataset/salad/595.jpg,595.jpg,salad,.jpg,73.19,626.0,417.0,RGB,JPEG,True,
/content/drive/MyDrive/Calorify/dataset/salad/596.jpg,596.jpg,salad,.jpg,109.23,626.0,418.0,RGB,JPEG,True,
/content/drive/MyDrive/Calorify/dataset/sandwich/106.jpg,106.jpg,sandwich,.jpg,84.28,680.0,1020.0,RGB,JPEG,True,
/content/drive/MyDrive/Calorify/dataset/sandwich/127.jpg,127.jpg,sandwich,.jpg,69.85,900.0,1125.0,RGB,JPEG,True,
/content/drive/MyDrive/Calorify/dataset/sandwich/104.jpg,104.jpg,sandwich,.jpg,256.32,1536.0,2048.0,RGB,JPEG,True,
/content/drive/MyDrive/Calorify/dataset/sandwich/123.jpg,123.jpg,sandwich,.jpg,194.37,1200.0,1200.0,RGB,JPEG,True,
/content/drive/MyDrive/Calorify/dataset/sandwich/117.jpg,117.jpg,sandwich,.jpg,88.26,1280.0,720.0,RGB,JPEG,True,
/content/drive/MyDrive/Calorify/dataset/sandwich/102.jpg,102.jpg,sandwich,.jpg,311.17,1280.0,853.0,RGB,JPEG,True,
/content/drive/MyDrive/Calorify/dataset/sandwich/129.jpg,129.jpg,sandwich,.jpg,77.92,800.0,449.0,RGB,JPEG,True,
/content/drive/MyDrive/Calorify/dataset/sandwich/109.jpg,109.jpg,sandwich,.jpg,53.18,1087.0,720.0,RGB,JPEG,True,
/content/drive/MyDrive/Calorify/dataset/sandwich/112.jpg,112.jpg,sandwich,.jpg,359.08,2560.0,1695.0,RGB,JPEG,True,
/content/drive/MyDrive/Calorify/dataset/sandwich/126.jpg,126.jpg,sandwich,.jpg,259.7,1200.0,900.0,RGB,JPEG,True,
/content/drive/MyDrive/Calorify/dataset/sandwich/130.jpg,130.jpg,sandwich,.jpg,228.48,896.0,1344.0,RGB,WEBP,True,
/content/drive/MyDrive/Calorify/dataset/sandwich/107.jpg,107.jpg,sandwich,.jpg,77.79,500.0,500.0,RGB,JPEG,True,
/content/drive/MyDrive/Calorify/dataset/sandwich/1.jpg,1.jpg,sandwich,.jpg,140.63,828.0,828.0,RGB,JPEG,True,
/content/drive/MyDrive/Calorify/dataset/sandwich/114.jpg,114.jpg,sandwich,.jpg,492.68,1707.0,2560.0,RGB,JPEG,True,
/content/drive/MyDrive/Calorify/dataset/sandwich/100.jpg,100.jpg,sandwich,.jpg,177.65,1920.0,1280.0,RGB,JPEG,True,
/content/drive/MyDrive/Calorify/dataset/sandwich/111.jpg,111.jpg,sandwich,.jpg,77.15,417.0,626.0,RGB,JPEG,True,
/content/drive/MyDrive/Calorify/dataset/sandwich/105.jpg,105.jpg,sandwich,.jpg,382.98,2666.0,4000.0,RGB,JPEG,True,
/content/drive/MyDrive/Calorify/dataset/sandwich/128.jpg,128.jpg,sandwich,.jpg,152.22,960.0,1200.0,RGB,JPEG,True,
/content/drive/MyDrive/Calorify/dataset/sandwich/120.jpg,120.jpg,sandwich,.jpg,351.32,1248.0,832.0,RGB,JPEG,True,
/content/drive/MyDrive/Calorify/dataset/sandwich/108.jpg,108.jpg,sandwich,.jpg,61.42,680.0,510.0,RGB,JPEG,True,
/content/drive/MyDrive/Calorify/dataset/sandwich/121.jpg,121.jpg,sandwich,.jpg,223.09,1400.0,933.0,RGB,JPEG,True,
/content/drive/MyDrive/Calorify/dataset/sandwich/118.jpg,118.jpg,sandwich,.jpg,478.17,1280.0,1600.0,RGB,JPEG,True,
/content/drive/MyDrive/Calorify/dataset/sandwich/113.jpg,113.jpg,sandwich,.jpg,1781.17,2600.0,1733.0,RGB,JPEG,True,
/content/drive/MyDrive/Calorify/dataset/sandwich/119.jpg,119.jpg,sandwich,.jpg,340.92,1600.0,900.0,RGB,JPEG,True,
/content/drive/MyDrive/Calorify/dataset/sandwich/110.jpg,110.jpg,sandwich,.jpg,195.31,1600.0,1177.0,RGB,JPEG,True,
/content/drive/MyDrive/Calorify/dataset/sandwich/124.jpg,124.jpg,sandwich,.jpg,106.83,1280.0,720.0,RGB,JPEG,True,
/content/drive/MyDrive/Calorify/dataset/sandwich/148.jpg,148.jpg,sandwich,.jpg,935.84,740.0,925.0,RGB,PNG,True,
/content/drive/MyDrive/Calorify/dataset/sandwich/165.jpg,165.jpg,sandwich,.jpg,602.38,960.0,1200.0,P,PNG,True,
/content/drive/MyDrive/Calorify/dataset/sandwich/158.jpg,158.jpg,sandwich,.jpg,612.94,2560.0,1920.0,RGB,JPEG,True,
/content/drive/MyDrive/Calorify/dataset/sandwich/151.jpg,151.jpg,sandwich,.jpg,128.37,735.0,735.0,RGB,JPEG,True,
/content/drive/MyDrive/Calorify/dataset/sandwich/144.jpg,144.jpg,sandwich,.jpg,968.32,683.0,1024.0,RGB,PNG,True,
/content/drive/MyDrive/Calorify/dataset/sandwich/17.jpg,17.jpg,sandwich,.jpg,99.69,2048.0,1536.0,RGB,WEBP,True,
/content/drive/MyDrive/Calorify/dataset/sandwich/157.jpg,157.jpg,sandwich,.jpg,550.5,1344.0,896.0,P,PNG,True,
/content/drive/MyDrive/Calorify/dataset/sandwich/138.jpg,138.jpg,sandwich,.jpg,76.33,533.0,800.0,RGB,JPEG,True,
/content/drive/MyDrive/Calorify/dataset/sandwich/131.jpg,131.jpg,sandwich,.jpg,134.87,768.0,1024.0,RGB,JPEG,True,
/content/drive/MyDrive/Calorify/dataset/sandwich/137.jpg,137.jpg,sandwich,.jpg,1993.89,1080.0,1920.0,RGB,PNG,True,
/content/drive/MyDrive/Calorify/dataset/sandwich/167.jpg,167.jpg,sandwich,.jpg,91.92,1000.0,667.0,RGB,JPEG,True,
/content/drive/MyDrive/Calorify/dataset/sandwich/14.jpg,14.jpg,sandwich,.jpg,60.27,2048.0,1152.0,RGB,WEBP,True,
/content/drive/MyDrive/Calorify/dataset/sandwich/160.jpg,160.jpg,sandwich,.jpg,64.46,750.0,546.0,RGB,JPEG,True,
/content/drive/MyDrive/Calorify/dataset/sandwich/136.jpg,136.jpg,sandwich,.jpg,289.29,1200.0,900.0,RGB,JPEG,True,
/content/drive/MyDrive/Calorify/dataset/sandwich/147.jpg,147.jpg,sandwich,.jpg,1830.58,1600.0,1600.0,RGB,JPEG,True,
/content/drive/MyDrive/Calorify/dataset/sandwich/164.jpg,164.jpg,sandwich,.jpg,51.96,720.0,1080.0,RGB,JPEG,True,
/content/drive/MyDrive/Calorify/dataset/sandwich/149.jpg,149.jpg,sandwich,.jpg,37.45,680.0,1020.0,RGB,JPEG,True,
/content/drive/MyDrive/Calorify/dataset/sandwich/162.jpg,162.jpg,sandwich,.jpg,81.6,1300.0,957.0,RGB,JPEG,True,
/content/drive/MyDrive/Calorify/dataset/sandwich/143.jpg,143.jpg,sandwich,.jpg,165.29,1080.0,1080.0,RGB,JPEG,True,
/content/drive/MyDrive/Calorify/dataset/sandwich/140.jpg,140.jpg,sandwich,.jpg,104.88,900.0,1125.0,RGB,JPEG,True,
/content/drive/MyDrive/Calorify/dataset/sandwich/141.jpg,141.jpg,sandwich,.jpg,131.78,1200.0,1800.0,RGB,JPEG,True,
/content/drive/MyDrive/Calorify/dataset/sandwich/132.jpg,132.jpg,sandwich,.jpg,78.42,819.0,1024.0,RGB,JPEG,True,
/content/drive/MyDrive/Calorify/dataset/sandwich/142.jpg,142.jpg,sandwich,.jpg,1129.21,683.0,1024.0,RGB,PNG,True,
/content/drive/MyDrive/Calorify/dataset/sandwich/156.jpg,156.jpg,sandwich,.jpg,1298.17,3024.0,4032.0,RGB,JPEG,True,
/content/drive/MyDrive/Calorify/dataset/sandwich/155.jpg,155.jpg,sandwich,.jpg,377.64,1000.0,1500.0,RGB,JPEG,True,
/content/drive/MyDrive/Calorify/dataset/sandwich/168.jpg,168.jpg,sandwich,.jpg,279.65,2048.0,1475.0,RGB,JPEG,True,
/content/drive/MyDrive/Calorify/dataset/sandwich/145.jpg,145.jpg,sandwich,.jpg,73.02,900.0,1125.0,RGB,JPEG,True,
/content/drive/MyDrive/Calorify/dataset/sandwich/135.jpg,135.jpg,sandwich,.jpg,244.11,1200.0,900.0,RGB,JPEG,True,
/content/drive/MyDrive/Calorify/dataset/sandwich/186.jpg,186.jpg,sandwich,.jpg,48.9,626.0,418.0,RGB,JPEG,True,
/content/drive/MyDrive/Calorify/dataset/sandwich/27.jpg,27.jpg,sandwich,.jpg,36.18,579.0,626.0,RGB,JPEG,True,
/content/drive/MyDrive/Calorify/dataset/sandwich/197.jpg,197.jpg,sandwich,.jpg,112.35,1300.0,956.0,RGB,JPEG,True,
/content/drive/MyDrive/Calorify/dataset/sandwich/176.jpg,176.jpg,sandwich,.jpg,97.94,1300.0,956.0,RGB,JPEG,True,
/content/drive/MyDrive/Calorify/dataset/sandwich/177.jpg,177.jpg,sandwich,.jpg,60.04,626.0,626.0,RGB,JPEG,True,
/content/drive/MyDrive/Calorify/dataset/sandwich/191.jpg,191.jpg,sandwich,.jpg,94.81,626.0,626.0,RGB,JPEG,True,
/content/drive/MyDrive/Calorify/dataset/sandwich/195.jpg,195.jpg,sandwich,.jpg,73.47,501.0,626.0,RGB,JPEG,True,
/content/drive/MyDrive/Calorify/dataset/sandwich/190.jpg,190.jpg,sandwich,.jpg,820.47,1500.0,943.0,RGB,JPEG,True,
/content/drive/MyDrive/Calorify/dataset/sandwich/179.jpg,179.jpg,sandwich,.jpg,1596.53,4000.0,3000.0,RGB,JPEG,True,
/content/drive/MyDrive/Calorify/dataset/sandwich/26.jpg,26.jpg,sandwich,.jpg,63.95,470.0,626.0,RGB,JPEG,True,
/content/drive/MyDrive/Calorify/dataset/sandwich/194.jpg,194.jpg,sandwich,.jpg,47.62,626.0,417.0,RGB,JPEG,True,
/content/drive/MyDrive/Calorify/dataset/sandwich/18.jpg,18.jpg,sandwich,.jpg,60.75,2048.0,1152.0,RGB,WEBP,True,
/content/drive/MyDrive/Calorify/dataset/sandwich/189.jpg,189.jpg,sandwich,.jpg,21.04,800.0,534.0,RGB,JPEG,True,
/content/drive/MyDrive/Calorify/dataset/sandwich/172.jpg,172.jpg,sandwich,.jpg,42.7,626.0,417.0,RGB,JPEG,True,
/content/drive/MyDrive/Calorify/dataset/sandwich/175.jpg,175.jpg,sandwich,.jpg,44.27,800.0,450.0,RGB,JPEG,True,
/content/drive/MyDrive/Calorify/dataset/sandwich/183.jpg,183.jpg,sandwich,.jpg,40.62,800.0,450.0,RGB,JPEG,True,
/content/drive/MyDrive/Calorify/dataset/sandwich/199.jpg,199.jpg,sandwich,.jpg,145.98,1300.0,956.0,RGB,JPEG,True,
/content/drive/MyDrive/Calorify/dataset/sandwich/28.jpg,28.jpg,sandwich,.jpg,188.93,1300.0,953.0,RGB,JPEG,True,
/content/drive/MyDrive/Calorify/dataset/sandwich/193.jpg,193.jpg,sandwich,.jpg,131.64,1300.0,956.0,RGB,JPEG,True,
/content/drive/MyDrive/Calorify/dataset/sandwich/196.jpg,196.jpg,sandwich,.jpg,182.21,960.0,954.0,RGB,JPEG,True,
/content/drive/MyDrive/Calorify/dataset/sandwich/180.jpg,180.jpg,sandwich,.jpg,159.3,768.0,1024.0,RGB,JPEG,True,
/content/drive/MyDrive/Calorify/dataset/sandwich/185.jpg,185.jpg,sandwich,.jpg,188.05,1600.0,1157.0,RGB,JPEG,True,
/content/drive/MyDrive/Calorify/dataset/sandwich/25.jpg,25.jpg,sandwich,.jpg,18.67,626.0,617.0,RGB,JPEG,True,
/content/drive/MyDrive/Calorify/dataset/sandwich/188.jpg,188.jpg,sandwich,.jpg,141.83,1300.0,956.0,RGB,JPEG,True,
/content/drive/MyDrive/Calorify/dataset/sandwich/198.jpg,198.jpg,sandwich,.jpg,52.27,626.0,417.0,RGB,JPEG,True,
/content/drive/MyDrive/Calorify/dataset/sandwich/171.jpg,171.jpg,sandwich,.jpg,526.61,2736.0,3648.0,RGB,JPEG,True,
/content/drive/MyDrive/Calorify/dataset/sandwich/184.jpg,184.jpg,sandwich,.jpg,148.82,1600.0,1109.0,RGB,JPEG,True,
/content/drive/MyDrive/Calorify/dataset/sandwich/192.jpg,192.jpg,sandwich,.jpg,69.76,1280.0,720.0,RGB,JPEG,True,
/content/drive/MyDrive/Calorify/dataset/sandwich/181.jpg,181.jpg,sandwich,.jpg,74.62,600.0,900.0,RGB,JPEG,True,
/content/drive/MyDrive/Calorify/dataset/sandwich/178.jpg,178.jpg,sandwich,.jpg,179.63,1600.0,1264.0,RGB,JPEG,True,
/content/drive/MyDrive/Calorify/dataset/sandwich/182.jpg,182.jpg,sandwich,.jpg,194.44,1300.0,953.0,RGB,JPEG,True,
/content/drive/MyDrive/Calorify/dataset/sandwich/170.jpg,170.jpg,sandwich,.jpg,271.55,1020.0,680.0,RGB,JPEG,True,
/content/drive/MyDrive/Calorify/dataset/sandwich/22.jpg,22.jpg,sandwich,.jpg,197.36,768.0,1024.0,RGB,JPEG,True,
/content/drive/MyDrive/Calorify/dataset/sandwich/32.jpg,32.jpg,sandwich,.jpg,139.21,1480.0,1311.0,RGB,JPEG,True,
/content/drive/MyDrive/Calorify/dataset/sandwich/463.jpg,463.jpg,sandwich,.jpg,56.42,800.0,534.0,RGB,JPEG,True,
/content/drive/MyDrive/Calorify/dataset/sandwich/467.jpg,467.jpg,sandwich,.jpg,39.9,626.0,418.0,RGB,JPEG,True,
/content/drive/MyDrive/Calorify/dataset/sandwich/43.jpg,43.jpg,sandwich,.jpg,114.81,1469.0,980.0,RGB,JPEG,True,
/content/drive/MyDrive/Calorify/dataset/sandwich/464.jpg,464.jpg,sandwich,.jpg,33.18,581.0,626.0,RGB,JPEG,True,
/content/drive/MyDrive/Calorify/dataset/sandwich/479.jpg,479.jpg,sandwich,.jpg,581.68,1880.0,1060.0,RGB,JPEG,True,
/content/drive/MyDrive/Calorify/dataset/sandwich/487.jpg,487.jpg,sandwich,.jpg,178.08,1280.0,720.0,RGB,JPEG,True,
/content/drive/MyDrive/Calorify/dataset/sandwich/473.jpg,473.jpg,sandwich,.jpg,180.71,1600.0,1157.0,RGB,JPEG,True,
/content/drive/MyDrive/Calorify/dataset/sandwich/488.jpg,488.jpg,sandwich,.jpg,261.67,1200.0,1587.0,RGB,JPEG,True,
/content/drive/MyDrive/Calorify/dataset/sandwich/471.jpg,471.jpg,sandwich,.jpg,689.9,4160.0,6240.0,RGB,JPEG,True,
/content/drive/MyDrive/Calorify/dataset/sandwich/470.jpg,470.jpg,sandwich,.jpg,55.43,512.0,626.0,RGB,JPEG,True,
/content/drive/MyDrive/Calorify/dataset/sandwich/478.jpg,478.jpg,sandwich,.jpg,194.86,1280.0,720.0,RGB,JPEG,True,
/content/drive/MyDrive/Calorify/dataset/sandwich/44.jpg,44.jpg,sandwich,.jpg,205.81,1642.0,980.0,RGB,JPEG,True,
/content/drive/MyDrive/Calorify/dataset/sandwich/480.jpg,480.jpg,sandwich,.jpg,275.8,780.0,438.0,RGB,JPEG,True,
/content/drive/MyDrive/Calorify/dataset/sandwich/38.jpg,38.jpg,sandwich,.jpg,54.0,626.0,418.0,RGB,JPEG,True,
/content/drive/MyDrive/Calorify/dataset/sandwich/36.jpg,36.jpg,sandwich,.jpg,75.97,626.0,626.0,RGB,JPEG,True,
/content/drive/MyDrive/Calorify/dataset/sandwich/468.jpg,468.jpg,sandwich,.jpg,154.39,1380.0,943.0,RGB,JPEG,True,
/content/drive/MyDrive/Calorify/dataset/sandwich/42.jpg,42.jpg,sandwich,.jpg,121.88,1469.0,980.0,RGB,JPEG,True,
/content/drive/MyDrive/Calorify/dataset/sandwich/462.jpg,462.jpg,sandwich,.jpg,74.89,1200.0,627.0,RGB,JPEG,True,
/content/drive/MyDrive/Calorify/dataset/sandwich/35.jpg,35.jpg,sandwich,.jpg,138.23,870.0,1390.0,RGB,JPEG,True,
/content/drive/MyDrive/Calorify/dataset/sandwich/474.jpg,474.jpg,sandwich,.jpg,113.75,1469.0,980.0,RGB,JPEG,True,
/content/drive/MyDrive/Calorify/dataset/sandwich/486.jpg,486.jpg,sandwich,.jpg,227.6,1500.0,1072.0,RGB,JPEG,True,
/content/drive/MyDrive/Calorify/dataset/sandwich/29.jpg,29.jpg,sandwich,.jpg,84.45,417.0,626.0,RGB,JPEG,True,
/content/drive/MyDrive/Calorify/dataset/sandwich/461.jpg,461.jpg,sandwich,.jpg,77.81,417.0,626.0,RGB,JPEG,True,
/content/drive/MyDrive/Calorify/dataset/sandwich/45.jpg,45.jpg,sandwich,.jpg,90.37,626.0,626.0,RGB,JPEG,True,
/content/drive/MyDrive/Calorify/dataset/sandwich/477.jpg,477.jpg,sandwich,.jpg,482.88,1600.0,900.0,RGB,JPEG,True,
/content/drive/MyDrive/Calorify/dataset/sandwich/34.jpg,34.jpg,sandwich,.jpg,325.14,1604.0,2000.0,RGB,JPEG,True,
/content/drive/MyDrive/Calorify/dataset/sandwich/33.jpg,33.jpg,sandwich,.jpg,58.46,1300.0,955.0,RGB,JPEG,True,
/content/drive/MyDrive/Calorify/dataset/sandwich/37.jpg,37.jpg,sandwich,.jpg,19.41,626.0,417.0,RGB,JPEG,True,
/content/drive/MyDrive/Calorify/dataset/sandwich/40.jpg,40.jpg,sandwich,.jpg,134.99,1469.0,980.0,RGB,JPEG,True,
/content/drive/MyDrive/Calorify/dataset/sandwich/39.jpg,39.jpg,sandwich,.jpg,129.3,1300.0,955.0,RGB,JPEG,True,
/content/drive/MyDrive/Calorify/dataset/sandwich/30.jpg,30.jpg,sandwich,.jpg,1535.29,3456.0,5184.0,RGB,JPEG,True,
/content/drive/MyDrive/Calorify/dataset/sandwich/31.jpg,31.jpg,sandwich,.jpg,161.41,1067.0,1690.0,RGB,JPEG,True,
/content/drive/MyDrive/Calorify/dataset/sandwich/505.jpg,505.jpg,sandwich,.jpg,145.93,866.0,1390.0,RGB,JPEG,True,
/content/drive/MyDrive/Calorify/dataset/sandwich/500.jpg,500.jpg,sandwich,.jpg,340.07,1200.0,800.0,RGB,JPEG,True,
/content/drive/MyDrive/Calorify/dataset/sandwich/515.jpg,515.jpg,sandwich,.jpg,127.1,1300.0,956.0,RGB,JPEG,True,
/content/drive/MyDrive/Calorify/dataset/sandwich/493.jpg,493.jpg,sandwich,.jpg,142.72,1024.0,682.0,RGB,JPEG,True,
/content/drive/MyDrive/Calorify/dataset/sandwich/492.jpg,492.jpg,sandwich,.jpg,223.64,1500.0,1875.0,RGB,JPEG,True,
/content/drive/MyDrive/Calorify/dataset/sandwich/508.jpg,508.jpg,sandwich,.jpg,46.64,800.0,449.0,RGB,JPEG,True,
/content/drive/MyDrive/Calorify/dataset/sandwich/51.jpg,51.jpg,sandwich,.jpg,103.57,778.0,578.0,RGB,JPEG,True,
/content/drive/MyDrive/Calorify/dataset/sandwich/491.jpg,491.jpg,sandwich,.jpg,71.76,680.0,954.0,RGB,JPEG,True,
/content/drive/MyDrive/Calorify/dataset/sandwich/510.jpg,510.jpg,sandwich,.jpg,141.02,1300.0,956.0,RGB,JPEG,True,
/content/drive/MyDrive/Calorify/dataset/sandwich/502.jpg,502.jpg,sandwich,.jpg,198.81,1469.0,1200.0,RGB,JPEG,True,
/content/drive/MyDrive/Calorify/dataset/sandwich/49.jpg,49.jpg,sandwich,.jpg,47.28,800.0,533.0,RGB,JPEG,True,
/content/drive/MyDrive/Calorify/dataset/sandwich/495.jpg,495.jpg,sandwich,.jpg,251.97,1200.0,1200.0,RGB,JPEG,True,
/content/drive/MyDrive/Calorify/dataset/sandwich/518.jpg,518.jpg,sandwich,.jpg,135.37,1024.0,1024.0,RGB,JPEG,True,
/content/drive/MyDrive/Calorify/dataset/sandwich/513.jpg,513.jpg,sandwich,.jpg,58.08,800.0,450.0,RGB,JPEG,True,
/content/drive/MyDrive/Calorify/dataset/sandwich/514.jpg,514.jpg,sandwich,.jpg,137.99,1300.0,956.0,RGB,JPEG,True,
/content/drive/MyDrive/Calorify/dataset/sandwich/506.jpg,506.jpg,sandwich,.jpg,676.47,1526.0,1455.0,RGB,JPEG,True,
/content/drive/MyDrive/Calorify/dataset/sandwich/494.jpg,494.jpg,sandwich,.jpg,180.55,1920.0,1920.0,RGB,JPEG,True,
/content/drive/MyDrive/Calorify/dataset/sandwich/499.jpg,499.jpg,sandwich,.jpg,47.78,800.0,449.0,RGB,JPEG,True,
/content/drive/MyDrive/Calorify/dataset/sandwich/504.jpg,504.jpg,sandwich,.jpg,124.3,1300.0,956.0,RGB,JPEG,True,
/content/drive/MyDrive/Calorify/dataset/sandwich/5.jpg,5.jpg,sandwich,.jpg,96.93,640.0,872.0,RGB,JPEG,True,
/content/drive/MyDrive/Calorify/dataset/sandwich/511.jpg,511.jpg,sandwich,.jpg,738.24,1500.0,1101.0,RGB,JPEG,True,
/content/drive/MyDrive/Calorify/dataset/sandwich/496.jpg,496.jpg,sandwich,.jpg,264.41,2450.0,3264.0,RGB,JPEG,True,
/content/drive/MyDrive/Calorify/dataset/sandwich/516.jpg,516.jpg,sandwich,.jpg,221.75,1600.0,1087.0,RGB,JPEG,True,
/content/drive/MyDrive/Calorify/dataset/sandwich/503.jpg,503.jpg,sandwich,.jpg,207.29,1300.0,956.0,RGB,JPEG,True,
/content/drive/MyDrive/Calorify/dataset/sandwich/497.jpg,497.jpg,sandwich,.jpg,183.79,1600.0,1157.0,RGB,JPEG,True,
/content/drive/MyDrive/Calorify/dataset/sandwich/498.jpg,498.jpg,sandwich,.jpg,135.86,1300.0,956.0,RGB,JPEG,True,
/content/drive/MyDrive/Calorify/dataset/sandwich/526.jpg,526.jpg,sandwich,.jpg,181.94,1225.0,980.0,RGB,JPEG,True,
/content/drive/MyDrive/Calorify/dataset/sandwich/512.jpg,512.jpg,sandwich,.jpg,47.25,800.0,449.0,RGB,JPEG,True,
/content/drive/MyDrive/Calorify/dataset/sandwich/531.jpg,531.jpg,sandwich,.jpg,211.21,1200.0,1800.0,RGB,JPEG,True,
/content/drive/MyDrive/Calorify/dataset/sandwich/507.jpg,507.jpg,sandwich,.jpg,104.42,664.0,996.0,RGB,JPEG,True,
/content/drive/MyDrive/Calorify/dataset/sandwich/501.jpg,501.jpg,sandwich,.jpg,163.83,1280.0,720.0,RGB,JPEG,True,
/content/drive/MyDrive/Calorify/dataset/sandwich/596.jpg,596.jpg,sandwich,.jpg,1153.36,3024.0,4032.0,RGB,JPEG,True,
/content/drive/MyDrive/Calorify/dataset/sandwich/607.jpg,607.jpg,sandwich,.jpg,906.28,3840.0,5760.0,RGB,JPEG,True,
/content/drive/MyDrive/Calorify/dataset/sandwich/598.jpg,598.jpg,sandwich,.jpg,28.72,463.0,280.0,RGB,JPEG,True,
/content/drive/MyDrive/Calorify/dataset/sandwich/597.jpg,597.jpg,sandwich,.jpg,256.62,1200.0,800.0,RGB,JPEG,True,
/content/drive/MyDrive/Calorify/dataset/sandwich/604.jpg,604.jpg,sandwich,.jpg,1139.07,1093.0,727.0,RGB,PNG,True,
/content/drive/MyDrive/Calorify/dataset/sandwich/59.jpg,59.jpg,sandwich,.jpg,123.56,1200.0,1800.0,RGB,JPEG,True,
/content/drive/MyDrive/Calorify/dataset/sandwich/6.jpg,6.jpg,sandwich,.jpg,21.81,640.0,360.0,RGB,JPEG,True,
/content/drive/MyDrive/Calorify/dataset/sandwich/601.jpg,601.jpg,sandwich,.jpg,1091.97,2500.0,1667.0,RGB,JPEG,True,
/content/drive/MyDrive/Calorify/dataset/sandwich/602.jpg,602.jpg,sandwich,.jpg,94.68,1125.0,864.0,RGB,JPEG,True,
/content/drive/MyDrive/Calorify/dataset/sandwich/605.jpg,605.jpg,sandwich,.jpg,4518.16,2967.0,3492.0,RGB,JPEG,True,
/content/drive/MyDrive/Calorify/dataset/sandwich/609.jpg,609.jpg,sandwich,.jpg,705.21,1500.0,1245.0,RGB,JPEG,True,
/content/drive/MyDrive/Calorify/dataset/sandwich/603.jpg,603.jpg,sandwich,.jpg,314.96,1200.0,1800.0,RGB,JPEG,True,
/content/drive/MyDrive/Calorify/dataset/sandwich/606.jpg,606.jpg,sandwich,.jpg,690.67,980.0,980.0,RGBA,PNG,True,
/content/drive/MyDrive/Calorify/dataset/sandwich/608.jpg,608.jpg,sandwich,.jpg,22.08,390.0,280.0,RGB,JPEG,True,
/content/drive/MyDrive/Calorify/dataset/sandwich/60.jpg,60.jpg,sandwich,.jpg,248.69,2450.0,3264.0,RGB,JPEG,True,
/content/drive/MyDrive/Calorify/dataset/sandwich/599.jpg,599.jpg,sandwich,.jpg,63.55,750.0,480.0,RGB,JPEG,True,
/content/drive/MyDrive/Calorify/dataset/sandwich/600.jpg,600.jpg,sandwich,.jpg,177.69,404.0,316.0,RGB,JPEG,True,
/content/drive/MyDrive/Calorify/dataset/sandwich/sandwich_162.jpg,sandwich_162.jpg,sandwich,.jpg,8.58,183.0,275.0,RGB,JPEG,True,
/content/drive/MyDrive/Calorify/dataset/sandwich/83.jpg,83.jpg,sandwich,.jpg,436.48,1638.0,2048.0,RGB,JPEG,True,
/content/drive/MyDrive/Calorify/dataset/sandwich/sandwich_167.jpg,sandwich_167.jpg,sandwich,.jpg,5.31,225.0,225.0,RGB,JPEG,True,
/content/drive/MyDrive/Calorify/dataset/sandwich/81.jpg,81.jpg,sandwich,.jpg,138.59,1280.0,720.0,RGB,JPEG,True,
/content/drive/MyDrive/Calorify/dataset/sandwich/sandwich_161.jpg,sandwich_161.jpg,sandwich,.jpg,8.05,183.0,275.0,RGB,JPEG,True,
/content/drive/MyDrive/Calorify/dataset/sandwich/78.jpg,78.jpg,sandwich,.jpg,194.72,1456.0,2184.0,RGB,JPEG,True,
/content/drive/MyDrive/Calorify/dataset/sandwich/611.jpg,611.jpg,sandwich,.jpg,49.67,800.0,533.0,RGB,JPEG,True,
/content/drive/MyDrive/Calorify/dataset/sandwich/77.jpg,77.jpg,sandwich,.jpg,173.43,1080.0,1080.0,RGB,JPEG,True,
/content/drive/MyDrive/Calorify/dataset/sandwich/88.jpg,88.jpg,sandwich,.jpg,666.14,1638.0,2048.0,RGB,JPEG,True,
/content/drive/MyDrive/Calorify/dataset/sandwich/610.jpg,610.jpg,sandwich,.jpg,154.96,626.0,626.0,RGB,JPEG,True,
/content/drive/MyDrive/Calorify/dataset/sandwich/65.jpg,65.jpg,sandwich,.jpg,1912.28,2048.0,2560.0,RGB,JPEG,True,
/content/drive/MyDrive/Calorify/dataset/sandwich/64.jpg,64.jpg,sandwich,.jpg,127.27,1200.0,1200.0,RGB,JPEG,True,
/content/drive/MyDrive/Calorify/dataset/sandwich/97.jpg,97.jpg,sandwich,.jpg,246.68,1200.0,1202.0,RGB,JPEG,True,
/content/drive/MyDrive/Calorify/dataset/sandwich/89.jpg,89.jpg,sandwich,.jpg,59.52,1200.0,1200.0,RGB,JPEG,True,
/content/drive/MyDrive/Calorify/dataset/sandwich/76.jpg,76.jpg,sandwich,.jpg,177.9,1280.0,1920.0,RGB,JPEG,True,
/content/drive/MyDrive/Calorify/dataset/sandwich/85.jpg,85.jpg,sandwich,.jpg,306.82,2450.0,3264.0,RGB,JPEG,True,
/content/drive/MyDrive/Calorify/dataset/sandwich/sandwich_168.jpg,sandwich_168.jpg,sandwich,.jpg,8.21,275.0,183.0,RGB,JPEG,True,
/content/drive/MyDrive/Calorify/dataset/sandwich/616.jpg,616.jpg,sandwich,.jpg,63.12,626.0,626.0,RGB,JPEG,True,
/content/drive/MyDrive/Calorify/dataset/sandwich/75.jpg,75.jpg,sandwich,.jpg,208.67,1600.0,1066.0,RGB,JPEG,True,
/content/drive/MyDrive/Calorify/dataset/sandwich/93.jpg,93.jpg,sandwich,.jpg,81.6,1000.0,706.0,RGB,JPEG,True,
/content/drive/MyDrive/Calorify/dataset/sandwich/614.jpg,614.jpg,sandwich,.jpg,65.74,736.0,963.0,RGB,JPEG,True,
/content/drive/MyDrive/Calorify/dataset/sandwich/91.jpg,91.jpg,sandwich,.jpg,90.48,1000.0,1500.0,RGB,JPEG,True,
/content/drive/MyDrive/Calorify/dataset/sandwich/sandwich_164.jpg,sandwich_164.jpg,sandwich,.jpg,1.91,100.0,100.0,RGB,JPEG,True,
/content/drive/MyDrive/Calorify/dataset/sandwich/615.jpg,615.jpg,sandwich,.jpg,349.43,3593.0,1960.0,RGB,JPEG,True,
/content/drive/MyDrive/Calorify/dataset/sandwich/612.jpg,612.jpg,sandwich,.jpg,38.11,960.0,540.0,RGB,JPEG,True,
/content/drive/MyDrive/Calorify/dataset/sandwich/67.jpg,67.jpg,sandwich,.jpg,169.31,1440.0,800.0,RGB,JPEG,True,
/content/drive/MyDrive/Calorify/dataset/sandwich/sandwich_163.jpg,sandwich_163.jpg,sandwich,.jpg,10.0,259.0,194.0,RGB,JPEG,True,
/content/drive/MyDrive/Calorify/dataset/sandwich/613.jpg,613.jpg,sandwich,.jpg,131.58,626.0,626.0,RGB,JPEG,True,
/content/drive/MyDrive/Calorify/dataset/sandwich/sandwich_160.jpg,sandwich_160.jpg,sandwich,.jpg,13.85,243.0,207.0,RGB,JPEG,True,
/content/drive/MyDrive/Calorify/dataset/sandwich/62.jpg,62.jpg,sandwich,.jpg,178.43,1365.0,1024.0,RGB,JPEG,True,
/content/drive/MyDrive/Calorify/dataset/sandwich/87.jpg,87.jpg,sandwich,.jpg,84.12,1200.0,900.0,RGB,JPEG,True,
/content/drive/MyDrive/Calorify/dataset/sandwich/86.jpg,86.jpg,sandwich,.jpg,169.04,1000.0,1500.0,RGB,JPEG,True,
/content/drive/MyDrive/Calorify/dataset/sandwich/94.jpg,94.jpg,sandwich,.jpg,216.56,1200.0,1800.0,RGB,JPEG,True,
/content/drive/MyDrive/Calorify/dataset/sandwich/8.jpg,8.jpg,sandwich,.jpg,83.25,474.0,590.0,RGB,JPEG,True,
/content/drive/MyDrive/Calorify/dataset/sandwich/61.jpg,61.jpg,sandwich,.jpg,197.03,1600.0,1290.0,RGB,JPEG,True,
/content/drive/MyDrive/Calorify/dataset/sandwich/74.jpg,74.jpg,sandwich,.jpg,91.3,576.0,576.0,RGB,JPEG,True,
/content/drive/MyDrive/Calorify/dataset/sandwich/sandwich_166.jpg,sandwich_166.jpg,sandwich,.jpg,2.8,100.0,100.0,RGB,JPEG,True,
/content/drive/MyDrive/Calorify/dataset/sandwich/84.jpg,84.jpg,sandwich,.jpg,219.78,1600.0,1144.0,RGB,JPEG,True,
/content/drive/MyDrive/Calorify/dataset/sandwich/sandwich_165.jpg,sandwich_165.jpg,sandwich,.jpg,3.41,100.0,100.0,RGB,JPEG,True,
/content/drive/MyDrive/Calorify/dataset/sandwich/sandwich_178.jpg,sandwich_178.jpg,sandwich,.jpg,8.04,266.0,190.0,RGB,JPEG,True,
/content/drive/MyDrive/Calorify/dataset/sandwich/sandwich_196.jpg,sandwich_196.jpg,sandwich,.jpg,5.57,275.0,183.0,RGB,JPEG,True,
/content/drive/MyDrive/Calorify/dataset/sandwich/sandwich_188.jpg,sandwich_188.jpg,sandwich,.jpg,8.16,201.0,251.0,RGB,JPEG,True,
/content/drive/MyDrive/Calorify/dataset/sandwich/sandwich_181.jpg,sandwich_181.jpg,sandwich,.jpg,7.81,300.0,168.0,RGB,JPEG,True,
/content/drive/MyDrive/Calorify/dataset/sandwich/sandwich_169.jpg,sandwich_169.jpg,sandwich,.jpg,4.49,275.0,183.0,RGB,JPEG,True,
/content/drive/MyDrive/Calorify/dataset/sandwich/sandwich_193.jpg,sandwich_193.jpg,sandwich,.jpg,9.94,183.0,275.0,RGB,JPEG,True,
/content/drive/MyDrive/Calorify/dataset/sandwich/sandwich_202.jpg,sandwich_202.jpg,sandwich,.jpg,11.42,197.0,256.0,RGB,JPEG,True,
/content/drive/MyDrive/Calorify/dataset/sandwich/sandwich_191.jpg,sandwich_191.jpg,sandwich,.jpg,9.44,267.0,189.0,RGB,JPEG,True,
/content/drive/MyDrive/Calorify/dataset/sandwich/sandwich_176.jpg,sandwich_176.jpg,sandwich,.jpg,11.94,225.0,225.0,RGB,JPEG,True,
/content/drive/MyDrive/Calorify/dataset/sandwich/sandwich_177.jpg,sandwich_177.jpg,sandwich,.jpg,8.73,175.0,288.0,RGB,JPEG,True,
/content/drive/MyDrive/Calorify/dataset/sandwich/sandwich_197.jpg,sandwich_197.jpg,sandwich,.jpg,11.25,168.0,300.0,RGB,JPEG,True,
/content/drive/MyDrive/Calorify/dataset/sandwich/sandwich_192.jpg,sandwich_192.jpg,sandwich,.jpg,14.41,194.0,259.0,RGB,JPEG,True,
/content/drive/MyDrive/Calorify/dataset/sandwich/sandwich_198.jpg,sandwich_198.jpg,sandwich,.jpg,6.56,183.0,276.0,RGB,JPEG,True,
/content/drive/MyDrive/Calorify/dataset/sandwich/sandwich_183.jpg,sandwich_183.jpg,sandwich,.jpg,11.98,183.0,275.0,RGB,JPEG,True,
/content/drive/MyDrive/Calorify/dataset/sandwich/sandwich_180.jpg,sandwich_180.jpg,sandwich,.jpg,11.12,301.0,167.0,RGB,JPEG,True,
/content/drive/MyDrive/Calorify/dataset/sandwich/sandwich_190.jpg,sandwich_190.jpg,sandwich,.jpg,10.85,311.0,162.0,RGB,JPEG,True,
/content/drive/MyDrive/Calorify/dataset/sandwich/sandwich_201.jpg,sandwich_201.jpg,sandwich,.jpg,9.29,275.0,183.0,RGB,JPEG,True,
/content/drive/MyDrive/Calorify/dataset/sandwich/sandwich_186.jpg,sandwich_186.jpg,sandwich,.jpg,9.41,225.0,225.0,RGB,JPEG,True,
/content/drive/MyDrive/Calorify/dataset/sandwich/sandwich_195.jpg,sandwich_195.jpg,sandwich,.jpg,10.74,183.0,275.0,RGB,JPEG,True,
/content/drive/MyDrive/Calorify/dataset/sandwich/sandwich_171.jpg,sandwich_171.jpg,sandwich,.jpg,7.33,194.0,259.0,RGB,JPEG,True,
/content/drive/MyDrive/Calorify/dataset/sandwich/sandwich_173.jpg,sandwich_173.jpg,sandwich,.jpg,10.09,246.0,205.0,RGB,JPEG,True,
/content/drive/MyDrive/Calorify/dataset/sandwich/sandwich_199.jpg,sandwich_199.jpg,sandwich,.jpg,9.89,259.0,194.0,RGB,JPEG,True,
/content/drive/MyDrive/Calorify/dataset/sandwich/sandwich_170.jpg,sandwich_170.jpg,sandwich,.jpg,11.0,206.0,244.0,RGB,JPEG,True,
/content/drive/MyDrive/Calorify/dataset/sandwich/sandwich_184.jpg,sandwich_184.jpg,sandwich,.jpg,8.31,225.0,225.0,RGB,JPEG,True,
/content/drive/MyDrive/Calorify/dataset/sandwich/sandwich_179.jpg,sandwich_179.jpg,sandwich,.jpg,8.25,276.0,183.0,RGB,JPEG,True,
/content/drive/MyDrive/Calorify/dataset/sandwich/sandwich_187.jpg,sandwich_187.jpg,sandwich,.jpg,11.68,183.0,275.0,RGB,JPEG,True,
/content/drive/MyDrive/Calorify/dataset/sandwich/sandwich_185.jpg,sandwich_185.jpg,sandwich,.jpg,7.56,275.0,183.0,RGB,JPEG,True,
/content/drive/MyDrive/Calorify/dataset/sandwich/sandwich_172.jpg,sandwich_172.jpg,sandwich,.jpg,11.95,183.0,275.0,RGB,JPEG,True,
/content/drive/MyDrive/Calorify/dataset/sandwich/sandwich_200.jpg,sandwich_200.jpg,sandwich,.jpg,11.47,225.0,225.0,RGB,JPEG,True,
/content/drive/MyDrive/Calorify/dataset/sandwich/sandwich_194.jpg,sandwich_194.jpg,sandwich,.jpg,6.6,299.0,168.0,RGB,JPEG,True,
/content/drive/MyDrive/Calorify/dataset/sandwich/sandwich_175.jpg,sandwich_175.jpg,sandwich,.jpg,12.82,300.0,168.0,RGB,JPEG,True,
/content/drive/MyDrive/Calorify/dataset/sandwich/sandwich_189.jpg,sandwich_189.jpg,sandwich,.jpg,11.3,229.0,220.0,RGB,JPEG,True,
/content/drive/MyDrive/Calorify/dataset/sandwich/sandwich_203.jpg,sandwich_203.jpg,sandwich,.jpg,6.17,265.0,190.0,RGB,JPEG,True,
/content/drive/MyDrive/Calorify/dataset/sandwich/sandwich_182.jpg,sandwich_182.jpg,sandwich,.jpg,8.33,225.0,225.0,RGB,JPEG,True,
/content/drive/MyDrive/Calorify/dataset/sandwich/sandwich_174.jpg,sandwich_174.jpg,sandwich,.jpg,10.14,202.0,249.0,RGB,JPEG,True,
/content/drive/MyDrive/Calorify/dataset/sandwich/sandwich_246.jpg,sandwich_246.jpg,sandwich,.jpg,8.32,183.0,275.0,RGB,JPEG,True,
/content/drive/MyDrive/Calorify/dataset/sandwich/sandwich_236.jpg,sandwich_236.jpg,sandwich,.jpg,10.17,275.0,183.0,RGB,JPEG,True,
/content/drive/MyDrive/Calorify/dataset/sandwich/sandwich_209.jpg,sandwich_209.jpg,sandwich,.jpg,8.68,300.0,168.0,RGB,JPEG,True,
/content/drive/MyDrive/Calorify/dataset/sandwich/sandwich_225.jpg,sandwich_225.jpg,sandwich,.jpg,10.81,224.0,224.0,RGB,JPEG,True,
/content/drive/MyDrive/Calorify/dataset/sandwich/sandwich_241.jpg,sandwich_241.jpg,sandwich,.jpg,13.54,183.0,275.0,RGB,JPEG,True,
/content/drive/MyDrive/Calorify/dataset/sandwich/sandwich_240.jpg,sandwich_240.jpg,sandwich,.jpg,10.8,225.0,225.0,RGB,JPEG,True,
/content/drive/MyDrive/Calorify/dataset/sandwich/sandwich_219.jpg,sandwich_219.jpg,sandwich,.jpg,7.46,268.0,188.0,RGB,JPEG,True,
/content/drive/MyDrive/Calorify/dataset/sandwich/sandwich_233.jpg,sandwich_233.jpg,sandwich,.jpg,6.59,275.0,183.0,RGB,JPEG,True,
/content/drive/MyDrive/Calorify/dataset/sandwich/sandwich_243.jpg,sandwich_243.jpg,sandwich,.jpg,10.37,265.0,190.0,RGB,JPEG,True,
/content/drive/MyDrive/Calorify/dataset/sandwich/sandwich_230.jpg,sandwich_230.jpg,sandwich,.jpg,7.7,259.0,194.0,RGB,JPEG,True,
/content/drive/MyDrive/Calorify/dataset/sandwich/sandwich_211.jpg,sandwich_211.jpg,sandwich,.jpg,13.07,183.0,275.0,RGB,JPEG,True,
/content/drive/MyDrive/Calorify/dataset/sandwich/sandwich_245.jpg,sandwich_245.jpg,sandwich,.jpg,4.92,183.0,276.0,RGB,JPEG,True,
/content/drive/MyDrive/Calorify/dataset/sandwich/sandwich_207.jpg,sandwich_207.jpg,sandwich,.jpg,10.25,259.0,194.0,RGB,JPEG,True,
/content/drive/MyDrive/Calorify/dataset/sandwich/sandwich_213.jpg,sandwich_213.jpg,sandwich,.jpg,9.08,258.0,195.0,RGB,JPEG,True,
/content/drive/MyDrive/Calorify/dataset/sandwich/sandwich_239.jpg,sandwich_239.jpg,sandwich,.jpg,9.68,275.0,183.0,RGB,JPEG,True,
/content/drive/MyDrive/Calorify/dataset/sandwich/sandwich_205.jpg,sandwich_205.jpg,sandwich,.jpg,6.64,261.0,193.0,RGB,JPEG,True,
/content/drive/MyDrive/Calorify/dataset/sandwich/sandwich_212.jpg,sandwich_212.jpg,sandwich,.jpg,9.4,195.0,259.0,RGB,JPEG,True,
/content/drive/MyDrive/Calorify/dataset/sandwich/sandwich_208.jpg,sandwich_208.jpg,sandwich,.jpg,7.71,225.0,225.0,RGB,JPEG,True,
/content/drive/MyDrive/Calorify/dataset/sandwich/sandwich_214.jpg,sandwich_214.jpg,sandwich,.jpg,13.19,183.0,275.0,RGB,JPEG,True,
/content/drive/MyDrive/Calorify/dataset/sandwich/sandwich_210.jpg,sandwich_210.jpg,sandwich,.jpg,10.5,200.0,252.0,RGB,JPEG,True,
/content/drive/MyDrive/Calorify/dataset/sandwich/sandwich_244.jpg,sandwich_244.jpg,sandwich,.jpg,3.66,128.0,176.0,RGB,JPEG,True,
/content/drive/MyDrive/Calorify/dataset/sandwich/sandwich_237.jpg,sandwich_237.jpg,sandwich,.jpg,7.91,225.0,225.0,RGB,JPEG,True,
/content/drive/MyDrive/Calorify/dataset/sandwich/sandwich_232.jpg,sandwich_232.jpg,sandwich,.jpg,6.4,275.0,183.0,RGB,JPEG,True,
/content/drive/MyDrive/Calorify/dataset/sandwich/sandwich_224.jpg,sandwich_224.jpg,sandwich,.jpg,6.3,275.0,183.0,RGB,JPEG,True,
/content/drive/MyDrive/Calorify/dataset/sandwich/sandwich_216.jpg,sandwich_216.jpg,sandwich,.jpg,8.44,275.0,183.0,RGB,JPEG,True,
/content/drive/MyDrive/Calorify/dataset/sandwich/sandwich_218.jpg,sandwich_218.jpg,sandwich,.jpg,11.1,275.0,183.0,RGB,JPEG,True,
/content/drive/MyDrive/Calorify/dataset/sandwich/sandwich_222.jpg,sandwich_222.jpg,sandwich,.jpg,8.39,183.0,275.0,RGB,JPEG,True,
/content/drive/MyDrive/Calorify/dataset/sandwich/sandwich_223.jpg,sandwich_223.jpg,sandwich,.jpg,8.7,275.0,183.0,RGB,JPEG,True,
/content/drive/MyDrive/Calorify/dataset/sandwich/sandwich_235.jpg,sandwich_235.jpg,sandwich,.jpg,8.38,194.0,259.0,RGB,JPEG,True,
/content/drive/MyDrive/Calorify/dataset/sandwich/sandwich_221.jpg,sandwich_221.jpg,sandwich,.jpg,7.44,280.0,180.0,RGB,JPEG,True,
/content/drive/MyDrive/Calorify/dataset/sandwich/sandwich_242.jpg,sandwich_242.jpg,sandwich,.jpg,9.56,275.0,183.0,RGB,JPEG,True,
/content/drive/MyDrive/Calorify/dataset/sandwich/sandwich_229.jpg,sandwich_229.jpg,sandwich,.jpg,9.94,275.0,183.0,RGB,JPEG,True,
/content/drive/MyDrive/Calorify/dataset/sandwich/sandwich_227.jpg,sandwich_227.jpg,sandwich,.jpg,12.37,275.0,183.0,RGB,JPEG,True,
/content/drive/MyDrive/Calorify/dataset/sandwich/sandwich_234.jpg,sandwich_234.jpg,sandwich,.jpg,6.94,275.0,183.0,RGB,JPEG,True,
/content/drive/MyDrive/Calorify/dataset/sandwich/sandwich_220.jpg,sandwich_220.jpg,sandwich,.jpg,6.49,225.0,225.0,RGB,JPEG,True,
/content/drive/MyDrive/Calorify/dataset/sandwich/sandwich_215.jpg,sandwich_215.jpg,sandwich,.jpg,9.53,259.0,194.0,RGB,JPEG,True,
/content/drive/MyDrive/Calorify/dataset/sandwich/sandwich_206.jpg,sandwich_206.jpg,sandwich,.jpg,8.83,259.0,194.0,RGB,JPEG,True,
/content/drive/MyDrive/Calorify/dataset/sandwich/sandwich_238.jpg,sandwich_238.jpg,sandwich,.jpg,10.77,259.0,194.0,RGB,JPEG,True,
/content/drive/MyDrive/Calorify/dataset/sandwich/sandwich_217.jpg,sandwich_217.jpg,sandwich,.jpg,8.82,183.0,275.0,RGB,JPEG,True,
/content/drive/MyDrive/Calorify/dataset/sandwich/sandwich_204.jpg,sandwich_204.jpg,sandwich,.jpg,7.17,290.0,174.0,RGB,JPEG,True,
/content/drive/MyDrive/Calorify/dataset/sandwich/sandwich_231.jpg,sandwich_231.jpg,sandwich,.jpg,5.22,275.0,183.0,RGB,JPEG,True,
/content/drive/MyDrive/Calorify/dataset/sandwich/sandwich_228.jpg,sandwich_228.jpg,sandwich,.jpg,10.92,225.0,225.0,RGB,JPEG,True,
/content/drive/MyDrive/Calorify/dataset/sandwich/sandwich_226.jpg,sandwich_226.jpg,sandwich,.jpg,9.16,310.0,163.0,RGB,JPEG,True,
/content/drive/MyDrive/Calorify/dataset/sandwich/sandwich_251.jpg,sandwich_251.jpg,sandwich,.jpg,7.74,279.0,181.0,RGB,JPEG,True,
/content/drive/MyDrive/Calorify/dataset/sandwich/sandwich_269.jpg,sandwich_269.jpg,sandwich,.jpg,9.75,310.0,163.0,RGB,JPEG,True,
/content/drive/MyDrive/Calorify/dataset/sandwich/sandwich_255.jpg,sandwich_255.jpg,sandwich,.jpg,7.69,275.0,183.0,RGB,JPEG,True,
/content/drive/MyDrive/Calorify/dataset/sandwich/sandwich_275.jpg,sandwich_275.jpg,sandwich,.jpg,6.4,183.0,275.0,RGB,JPEG,True,
/content/drive/MyDrive/Calorify/dataset/sandwich/sandwich_260.jpg,sandwich_260.jpg,sandwich,.jpg,8.14,259.0,194.0,RGB,JPEG,True,
/content/drive/MyDrive/Calorify/dataset/sandwich/sandwich_267.jpg,sandwich_267.jpg,sandwich,.jpg,11.69,197.0,256.0,RGB,JPEG,True,
/content/drive/MyDrive/Calorify/dataset/sandwich/sandwich_279.jpg,sandwich_279.jpg,sandwich,.jpg,8.38,270.0,187.0,RGB,JPEG,True,
/content/drive/MyDrive/Calorify/dataset/sandwich/sandwich_283.jpg,sandwich_283.jpg,sandwich,.jpg,7.22,183.0,275.0,RGB,JPEG,True,
/content/drive/MyDrive/Calorify/dataset/sandwich/sandwich_264.jpg,sandwich_264.jpg,sandwich,.jpg,8.77,242.0,208.0,RGB,JPEG,True,
/content/drive/MyDrive/Calorify/dataset/sandwich/sandwich_257.jpg,sandwich_257.jpg,sandwich,.jpg,11.72,155.0,326.0,RGB,JPEG,True,
/content/drive/MyDrive/Calorify/dataset/sandwich/sandwich_258.jpg,sandwich_258.jpg,sandwich,.jpg,10.21,244.0,206.0,RGB,JPEG,True,
/content/drive/MyDrive/Calorify/dataset/sandwich/sandwich_280.jpg,sandwich_280.jpg,sandwich,.jpg,7.17,275.0,183.0,RGB,JPEG,True,
/content/drive/MyDrive/Calorify/dataset/sandwich/sandwich_270.jpg,sandwich_270.jpg,sandwich,.jpg,8.4,310.0,163.0,RGB,JPEG,True,
/content/drive/MyDrive/Calorify/dataset/sandwich/sandwich_263.jpg,sandwich_263.jpg,sandwich,.jpg,10.27,225.0,225.0,RGB,JPEG,True,
/content/drive/MyDrive/Calorify/dataset/sandwich/sandwich_271.jpg,sandwich_271.jpg,sandwich,.jpg,15.8,183.0,275.0,RGB,JPEG,True,
/content/drive/MyDrive/Calorify/dataset/sandwich/sandwich_250.jpg,sandwich_250.jpg,sandwich,.jpg,9.51,310.0,163.0,RGB,JPEG,True,
/content/drive/MyDrive/Calorify/dataset/sandwich/sandwich_249.jpg,sandwich_249.jpg,sandwich,.jpg,7.43,220.0,229.0,RGB,JPEG,True,
/content/drive/MyDrive/Calorify/dataset/sandwich/sandwich_252.jpg,sandwich_252.jpg,sandwich,.jpg,10.69,299.0,168.0,RGB,JPEG,True,
/content/drive/MyDrive/Calorify/dataset/sandwich/sandwich_247.jpg,sandwich_247.jpg,sandwich,.jpg,9.9,235.0,214.0,RGB,JPEG,True,
/content/drive/MyDrive/Calorify/dataset/sandwich/sandwich_272.jpg,sandwich_272.jpg,sandwich,.jpg,9.86,225.0,225.0,RGB,JPEG,True,
/content/drive/MyDrive/Calorify/dataset/sandwich/sandwich_278.jpg,sandwich_278.jpg,sandwich,.jpg,12.08,201.0,250.0,RGB,JPEG,True,
/content/drive/MyDrive/Calorify/dataset/sandwich/sandwich_282.jpg,sandwich_282.jpg,sandwich,.jpg,6.52,300.0,168.0,RGB,JPEG,True,
/content/drive/MyDrive/Calorify/dataset/sandwich/sandwich_284.jpg,sandwich_284.jpg,sandwich,.jpg,11.18,300.0,168.0,RGB,JPEG,True,
/content/drive/MyDrive/Calorify/dataset/sandwich/sandwich_281.jpg,sandwich_281.jpg,sandwich,.jpg,6.17,260.0,194.0,RGB,JPEG,True,
/content/drive/MyDrive/Calorify/dataset/sandwich/sandwich_286.jpg,sandwich_286.jpg,sandwich,.jpg,8.25,270.0,187.0,RGB,JPEG,True,
/content/drive/MyDrive/Calorify/dataset/sandwich/sandwich_266.jpg,sandwich_266.jpg,sandwich,.jpg,14.01,300.0,168.0,RGB,JPEG,True,
/content/drive/MyDrive/Calorify/dataset/sandwich/sandwich_261.jpg,sandwich_261.jpg,sandwich,.jpg,8.35,308.0,164.0,RGB,JPEG,True,
/content/drive/MyDrive/Calorify/dataset/sandwich/sandwich_277.jpg,sandwich_277.jpg,sandwich,.jpg,8.66,300.0,168.0,RGB,JPEG,True,
/content/drive/MyDrive/Calorify/dataset/sandwich/sandwich_268.jpg,sandwich_268.jpg,sandwich,.jpg,10.02,264.0,191.0,RGB,JPEG,True,
/content/drive/MyDrive/Calorify/dataset/sandwich/sandwich_273.jpg,sandwich_273.jpg,sandwich,.jpg,8.15,275.0,183.0,RGB,JPEG,True,
/content/drive/MyDrive/Calorify/dataset/sandwich/sandwich_262.jpg,sandwich_262.jpg,sandwich,.jpg,6.04,183.0,275.0,RGB,JPEG,True,
/content/drive/MyDrive/Calorify/dataset/sandwich/sandwich_274.jpg,sandwich_274.jpg,sandwich,.jpg,9.52,197.0,256.0,RGB,JPEG,True,
/content/drive/MyDrive/Calorify/dataset/sandwich/sandwich_276.jpg,sandwich_276.jpg,sandwich,.jpg,11.82,324.0,155.0,RGB,JPEG,True,
/content/drive/MyDrive/Calorify/dataset/sandwich/sandwich_265.jpg,sandwich_265.jpg,sandwich,.jpg,11.42,225.0,225.0,RGB,JPEG,True,
/content/drive/MyDrive/Calorify/dataset/sandwich/sandwich_254.jpg,sandwich_254.jpg,sandwich,.jpg,12.04,197.0,256.0,RGB,JPEG,True,
/content/drive/MyDrive/Calorify/dataset/sandwich/sandwich_259.jpg,sandwich_259.jpg,sandwich,.jpg,9.17,284.0,177.0,RGB,JPEG,True,
/content/drive/MyDrive/Calorify/dataset/sandwich/sandwich_256.jpg,sandwich_256.jpg,sandwich,.jpg,7.22,225.0,225.0,RGB,JPEG,True,
/content/drive/MyDrive/Calorify/dataset/sandwich/sandwich_248.jpg,sandwich_248.jpg,sandwich,.jpg,9.63,259.0,194.0,RGB,JPEG,True,
/content/drive/MyDrive/Calorify/dataset/sandwich/sandwich_285.jpg,sandwich_285.jpg,sandwich,.jpg,9.72,275.0,183.0,RGB,JPEG,True,
/content/drive/MyDrive/Calorify/dataset/sandwich/sandwich_253.jpg,sandwich_253.jpg,sandwich,.jpg,7.5,275.0,183.0,RGB,JPEG,True,
/content/drive/MyDrive/Calorify/dataset/sandwich/sandwich_290.jpg,sandwich_290.jpg,sandwich,.jpg,9.29,259.0,194.0,RGB,JPEG,True,
/content/drive/MyDrive/Calorify/dataset/sandwich/sandwich_297.jpg,sandwich_297.jpg,sandwich,.jpg,13.92,300.0,168.0,RGB,JPEG,True,
/content/drive/MyDrive/Calorify/dataset/sandwich/sandwich_316.jpg,sandwich_316.jpg,sandwich,.jpg,11.7,300.0,168.0,RGB,JPEG,True,
/content/drive/MyDrive/Calorify/dataset/sandwich/sandwich_303.jpg,sandwich_303.jpg,sandwich,.jpg,10.2,190.0,266.0,RGB,JPEG,True,
/content/drive/MyDrive/Calorify/dataset/sandwich/sandwich_291.jpg,sandwich_291.jpg,sandwich,.jpg,10.33,270.0,187.0,RGB,JPEG,True,
/content/drive/MyDrive/Calorify/dataset/sandwich/sandwich_309.jpg,sandwich_309.jpg,sandwich,.jpg,11.28,300.0,168.0,RGB,JPEG,True,
/content/drive/MyDrive/Calorify/dataset/sandwich/sandwich_306.jpg,sandwich_306.jpg,sandwich,.jpg,8.96,197.0,256.0,RGB,JPEG,True,
/content/drive/MyDrive/Calorify/dataset/sandwich/sandwich_304.jpg,sandwich_304.jpg,sandwich,.jpg,7.67,300.0,168.0,RGB,JPEG,True,
/content/drive/MyDrive/Calorify/dataset/sandwich/sandwich_311.jpg,sandwich_311.jpg,sandwich,.jpg,9.42,300.0,168.0,RGB,JPEG,True,
/content/drive/MyDrive/Calorify/dataset/sandwich/sandwich_288.jpg,sandwich_288.jpg,sandwich,.jpg,10.32,275.0,183.0,RGB,JPEG,True,
/content/drive/MyDrive/Calorify/dataset/sandwich/sandwich_324.jpg,sandwich_324.jpg,sandwich,.jpg,13.62,300.0,168.0,RGB,JPEG,True,
/content/drive/MyDrive/Calorify/dataset/sandwich/sandwich_289.jpg,sandwich_289.jpg,sandwich,.jpg,8.67,197.0,256.0,RGB,JPEG,True,
/content/drive/MyDrive/Calorify/dataset/sandwich/sandwich_313.jpg,sandwich_313.jpg,sandwich,.jpg,14.22,197.0,256.0,RGB,JPEG,True,
/content/drive/MyDrive/Calorify/dataset/sandwich/sandwich_302.jpg,sandwich_302.jpg,sandwich,.jpg,8.63,275.0,183.0,RGB,JPEG,True,
/content/drive/MyDrive/Calorify/dataset/sandwich/sandwich_315.jpg,sandwich_315.jpg,sandwich,.jpg,8.83,300.0,168.0,RGB,JPEG,True,
/content/drive/MyDrive/Calorify/dataset/sandwich/sandwich_323.jpg,sandwich_323.jpg,sandwich,.jpg,7.13,300.0,168.0,RGB,JPEG,True,
/content/drive/MyDrive/Calorify/dataset/sandwich/sandwich_287.jpg,sandwich_287.jpg,sandwich,.jpg,19.28,300.0,168.0,RGB,JPEG,True,
/content/drive/MyDrive/Calorify/dataset/sandwich/sandwich_305.jpg,sandwich_305.jpg,sandwich,.jpg,10.72,300.0,168.0,RGB,JPEG,True,
/content/drive/MyDrive/Calorify/dataset/sandwich/sandwich_317.jpg,sandwich_317.jpg,sandwich,.jpg,12.85,197.0,256.0,RGB,JPEG,True,
/content/drive/MyDrive/Calorify/dataset/sandwich/sandwich_319.jpg,sandwich_319.jpg,sandwich,.jpg,13.37,300.0,168.0,RGB,JPEG,True,
/content/drive/MyDrive/Calorify/dataset/sandwich/sandwich_301.jpg,sandwich_301.jpg,sandwich,.jpg,10.41,300.0,168.0,RGB,JPEG,True,
/content/drive/MyDrive/Calorify/dataset/sandwich/sandwich_314.jpg,sandwich_314.jpg,sandwich,.jpg,8.49,205.0,246.0,RGB,JPEG,True,
/content/drive/MyDrive/Calorify/dataset/sandwich/sandwich_293.jpg,sandwich_293.jpg,sandwich,.jpg,6.54,224.0,224.0,RGB,JPEG,True,
/content/drive/MyDrive/Calorify/dataset/sandwich/sandwich_318.jpg,sandwich_318.jpg,sandwich,.jpg,12.16,300.0,168.0,RGB,JPEG,True,
/content/drive/MyDrive/Calorify/dataset/sandwich/sandwich_308.jpg,sandwich_308.jpg,sandwich,.jpg,7.89,197.0,256.0,RGB,JPEG,True,
/content/drive/MyDrive/Calorify/dataset/sandwich/sandwich_299.jpg,sandwich_299.jpg,sandwich,.jpg,7.06,224.0,224.0,RGB,JPEG,True,
/content/drive/MyDrive/Calorify/dataset/sandwich/sandwich_321.jpg,sandwich_321.jpg,sandwich,.jpg,9.89,300.0,168.0,RGB,JPEG,True,
/content/drive/MyDrive/Calorify/dataset/sandwich/sandwich_320.jpg,sandwich_320.jpg,sandwich,.jpg,10.58,300.0,168.0,RGB,JPEG,True,
/content/drive/MyDrive/Calorify/dataset/sandwich/sandwich_296.jpg,sandwich_296.jpg,sandwich,.jpg,9.82,197.0,256.0,RGB,JPEG,True,
/content/drive/MyDrive/Calorify/dataset/sandwich/sandwich_295.jpg,sandwich_295.jpg,sandwich,.jpg,5.66,300.0,168.0,RGB,JPEG,True,
/content/drive/MyDrive/Calorify/dataset/sandwich/sandwich_294.jpg,sandwich_294.jpg,sandwich,.jpg,6.17,168.0,94.0,RGB,JPEG,True,
/content/drive/MyDrive/Calorify/dataset/sandwich/sandwich_298.jpg,sandwich_298.jpg,sandwich,.jpg,9.4,270.0,187.0,RGB,JPEG,True,
/content/drive/MyDrive/Calorify/dataset/sandwich/sandwich_312.jpg,sandwich_312.jpg,sandwich,.jpg,10.46,197.0,256.0,RGB,JPEG,True,
/content/drive/MyDrive/Calorify/dataset/sandwich/sandwich_292.jpg,sandwich_292.jpg,sandwich,.jpg,11.51,183.0,275.0,RGB,JPEG,True,
/content/drive/MyDrive/Calorify/dataset/sandwich/sandwich_310.jpg,sandwich_310.jpg,sandwich,.jpg,4.75,300.0,168.0,RGB,JPEG,True,
/content/drive/MyDrive/Calorify/dataset/sandwich/sandwich_300.jpg,sandwich_300.jpg,sandwich,.jpg,10.76,270.0,187.0,RGB,JPEG,True,
/content/drive/MyDrive/Calorify/dataset/sandwich/sandwich_307.jpg,sandwich_307.jpg,sandwich,.jpg,8.58,224.0,224.0,RGB,JPEG,True,
/content/drive/MyDrive/Calorify/dataset/sandwich/sandwich_322.jpg,sandwich_322.jpg,sandwich,.jpg,12.29,300.0,168.0,RGB,JPEG,True,
/content/drive/MyDrive/Calorify/dataset/sandwich/sandwich_356.jpg,sandwich_356.jpg,sandwich,.jpg,8.69,259.0,194.0,RGB,JPEG,True,
/content/drive/MyDrive/Calorify/dataset/sandwich/sandwich_330.jpg,sandwich_330.jpg,sandwich,.jpg,3.17,100.0,100.0,RGB,JPEG,True,
/content/drive/MyDrive/Calorify/dataset/sandwich/sandwich_369.jpg,sandwich_369.jpg,sandwich,.jpg,10.76,259.0,194.0,RGB,JPEG,True,
/content/drive/MyDrive/Calorify/dataset/sandwich/sandwich_355.jpg,sandwich_355.jpg,sandwich,.jpg,10.98,259.0,194.0,RGB,JPEG,True,
/content/drive/MyDrive/Calorify/dataset/sandwich/sandwich_335.jpg,sandwich_335.jpg,sandwich,.jpg,3.1,100.0,100.0,RGB,JPEG,True,
/content/drive/MyDrive/Calorify/dataset/sandwich/sandwich_336.jpg,sandwich_336.jpg,sandwich,.jpg,11.72,311.0,162.0,RGB,JPEG,True,
/content/drive/MyDrive/Calorify/dataset/sandwich/sandwich_339.jpg,sandwich_339.jpg,sandwich,.jpg,9.84,225.0,225.0,RGB,JPEG,True,
/content/drive/MyDrive/Calorify/dataset/sandwich/sandwich_351.jpg,sandwich_351.jpg,sandwich,.jpg,9.82,300.0,168.0,RGB,JPEG,True,
/content/drive/MyDrive/Calorify/dataset/sandwich/sandwich_334.jpg,sandwich_334.jpg,sandwich,.jpg,2.4,100.0,100.0,RGB,JPEG,True,
/content/drive/MyDrive/Calorify/dataset/sandwich/sandwich_365.jpg,sandwich_365.jpg,sandwich,.jpg,3.45,100.0,100.0,RGB,JPEG,True,
/content/drive/MyDrive/Calorify/dataset/sandwich/sandwich_327.jpg,sandwich_327.jpg,sandwich,.jpg,10.65,300.0,168.0,RGB,JPEG,True,
/content/drive/MyDrive/Calorify/dataset/sandwich/sandwich_333.jpg,sandwich_333.jpg,sandwich,.jpg,2.08,100.0,100.0,RGB,JPEG,True,
/content/drive/MyDrive/Calorify/dataset/sandwich/sandwich_347.jpg,sandwich_347.jpg,sandwich,.jpg,6.87,275.0,183.0,RGB,JPEG,True,
/content/drive/MyDrive/Calorify/dataset/sandwich/sandwich_359.jpg,sandwich_359.jpg,sandwich,.jpg,2.84,100.0,100.0,RGB,JPEG,True,
/content/drive/MyDrive/Calorify/dataset/sandwich/sandwich_362.jpg,sandwich_362.jpg,sandwich,.jpg,3.2,100.0,100.0,RGB,JPEG,True,
/content/drive/MyDrive/Calorify/dataset/sandwich/sandwich_348.jpg,sandwich_348.jpg,sandwich,.jpg,9.29,189.0,267.0,RGB,JPEG,True,
/content/drive/MyDrive/Calorify/dataset/sandwich/sandwich_350.jpg,sandwich_350.jpg,sandwich,.jpg,7.9,300.0,168.0,RGB,JPEG,True,
/content/drive/MyDrive/Calorify/dataset/sandwich/sandwich_368.jpg,sandwich_368.jpg,sandwich,.jpg,3.16,100.0,100.0,RGB,JPEG,True,
/content/drive/MyDrive/Calorify/dataset/sandwich/sandwich_326.jpg,sandwich_326.jpg,sandwich,.jpg,12.58,300.0,168.0,RGB,JPEG,True,
/content/drive/MyDrive/Calorify/dataset/sandwich/sandwich_364.jpg,sandwich_364.jpg,sandwich,.jpg,3.3,100.0,100.0,RGB,JPEG,True,
/content/drive/MyDrive/Calorify/dataset/sandwich/sandwich_357.jpg,sandwich_357.jpg,sandwich,.jpg,9.2,225.0,225.0,RGB,JPEG,True,
/content/drive/MyDrive/Calorify/dataset/sandwich/sandwich_342.jpg,sandwich_342.jpg,sandwich,.jpg,12.52,225.0,225.0,RGB,JPEG,True,
/content/drive/MyDrive/Calorify/dataset/sandwich/sandwich_352.jpg,sandwich_352.jpg,sandwich,.jpg,9.59,259.0,194.0,RGB,JPEG,True,
/content/drive/MyDrive/Calorify/dataset/sandwich/sandwich_328.jpg,sandwich_328.jpg,sandwich,.jpg,9.99,225.0,225.0,RGB,JPEG,True,
/content/drive/MyDrive/Calorify/dataset/sandwich/sandwich_367.jpg,sandwich_367.jpg,sandwich,.jpg,2.83,100.0,100.0,RGB,JPEG,True,
/content/drive/MyDrive/Calorify/dataset/sandwich/sandwich_346.jpg,sandwich_346.jpg,sandwich,.jpg,10.13,261.0,193.0,RGB,JPEG,True,
/content/drive/MyDrive/Calorify/dataset/sandwich/sandwich_349.jpg,sandwich_349.jpg,sandwich,.jpg,11.57,225.0,225.0,RGB,JPEG,True,
/content/drive/MyDrive/Calorify/dataset/sandwich/sandwich_363.jpg,sandwich_363.jpg,sandwich,.jpg,2.26,100.0,100.0,RGB,JPEG,True,
/content/drive/MyDrive/Calorify/dataset/sandwich/sandwich_341.jpg,sandwich_341.jpg,sandwich,.jpg,9.0,225.0,225.0,RGB,JPEG,True,
/content/drive/MyDrive/Calorify/dataset/sandwich/sandwich_337.jpg,sandwich_337.jpg,sandwich,.jpg,9.54,225.0,225.0,RGB,JPEG,True,
/content/drive/MyDrive/Calorify/dataset/sandwich/sandwich_358.jpg,sandwich_358.jpg,sandwich,.jpg,8.67,246.0,205.0,RGB,JPEG,True,
/content/drive/MyDrive/Calorify/dataset/sandwich/sandwich_332.jpg,sandwich_332.jpg,sandwich,.jpg,3.76,100.0,100.0,RGB,JPEG,True,
/content/drive/MyDrive/Calorify/dataset/sandwich/sandwich_338.jpg,sandwich_338.jpg,sandwich,.jpg,8.88,183.0,275.0,RGB,JPEG,True,
/content/drive/MyDrive/Calorify/dataset/sandwich/sandwich_370.jpg,sandwich_370.jpg,sandwich,.jpg,6.99,318.0,159.0,RGB,JPEG,True,
/content/drive/MyDrive/Calorify/dataset/sandwich/sandwich_360.jpg,sandwich_360.jpg,sandwich,.jpg,3.25,100.0,100.0,RGB,JPEG,True,
/content/drive/MyDrive/Calorify/dataset/sandwich/sandwich_325.jpg,sandwich_325.jpg,sandwich,.jpg,12.82,183.0,275.0,RGB,JPEG,True,
/content/drive/MyDrive/Calorify/dataset/sandwich/sandwich_329.jpg,sandwich_329.jpg,sandwich,.jpg,2.53,100.0,100.0,RGB,JPEG,True,
/content/drive/MyDrive/Calorify/dataset/sandwich/sandwich_344.jpg,sandwich_344.jpg,sandwich,.jpg,13.65,183.0,275.0,RGB,JPEG,True,
/content/drive/MyDrive/Calorify/dataset/sandwich/sandwich_331.jpg,sandwich_331.jpg,sandwich,.jpg,3.92,100.0,100.0,RGB,JPEG,True,
/content/drive/MyDrive/Calorify/dataset/sandwich/sandwich_345.jpg,sandwich_345.jpg,sandwich,.jpg,13.15,225.0,225.0,RGB,JPEG,True,
/content/drive/MyDrive/Calorify/dataset/sandwich/sandwich_366.jpg,sandwich_366.jpg,sandwich,.jpg,2.48,100.0,100.0,RGB,JPEG,True,
/content/drive/MyDrive/Calorify/dataset/sandwich/sandwich_343.jpg,sandwich_343.jpg,sandwich,.jpg,5.34,291.0,173.0,RGB,JPEG,True,
/content/drive/MyDrive/Calorify/dataset/sandwich/sandwich_361.jpg,sandwich_361.jpg,sandwich,.jpg,3.78,100.0,100.0,RGB,JPEG,True,
/content/drive/MyDrive/Calorify/dataset/sandwich/sandwich_354.jpg,sandwich_354.jpg,sandwich,.jpg,8.23,259.0,194.0,RGB,JPEG,True,
/content/drive/MyDrive/Calorify/dataset/sandwich/sandwich_388.jpg,sandwich_388.jpg,sandwich,.jpg,9.39,225.0,225.0,RGB,JPEG,True,
/content/drive/MyDrive/Calorify/dataset/sandwich/sandwich_371.jpg,sandwich_371.jpg,sandwich,.jpg,2.75,100.0,100.0,RGB,JPEG,True,
/content/drive/MyDrive/Calorify/dataset/sandwich/sandwich_378.jpg,sandwich_378.jpg,sandwich,.jpg,3.1,100.0,100.0,RGB,JPEG,True,
/content/drive/MyDrive/Calorify/dataset/sandwich/sandwich_394.jpg,sandwich_394.jpg,sandwich,.jpg,8.74,259.0,194.0,RGB,JPEG,True,
/content/drive/MyDrive/Calorify/dataset/sandwich/sandwich_381.jpg,sandwich_381.jpg,sandwich,.jpg,7.93,265.0,190.0,RGB,JPEG,True,
/content/drive/MyDrive/Calorify/dataset/sandwich/sandwich_395.jpg,sandwich_395.jpg,sandwich,.jpg,10.07,275.0,183.0,RGB,JPEG,True,
/content/drive/MyDrive/Calorify/dataset/sandwich/sandwich_393.jpg,sandwich_393.jpg,sandwich,.jpg,10.75,225.0,225.0,RGB,JPEG,True,
/content/drive/MyDrive/Calorify/dataset/sandwich/sandwich_385.jpg,sandwich_385.jpg,sandwich,.jpg,11.47,225.0,225.0,RGB,JPEG,True,
/content/drive/MyDrive/Calorify/dataset/sandwich/sandwich_374.jpg,sandwich_374.jpg,sandwich,.jpg,4.09,100.0,100.0,RGB,JPEG,True,
/content/drive/MyDrive/Calorify/dataset/sandwich/sandwich_389.jpg,sandwich_389.jpg,sandwich,.jpg,9.9,225.0,225.0,RGB,JPEG,True,
/content/drive/MyDrive/Calorify/dataset/sandwich/sandwich_408.jpg,sandwich_408.jpg,sandwich,.jpg,6.05,305.0,165.0,RGB,JPEG,True,
/content/drive/MyDrive/Calorify/dataset/sandwich/sandwich_398.jpg,sandwich_398.jpg,sandwich,.jpg,8.33,225.0,225.0,RGB,JPEG,True,
/content/drive/MyDrive/Calorify/dataset/sandwich/sandwich_414.jpg,sandwich_414.jpg,sandwich,.jpg,8.16,299.0,168.0,RGB,JPEG,True,
/content/drive/MyDrive/Calorify/dataset/sandwich/sandwich_379.jpg,sandwich_379.jpg,sandwich,.jpg,9.83,225.0,225.0,RGB,JPEG,True,
/content/drive/MyDrive/Calorify/dataset/sandwich/sandwich_391.jpg,sandwich_391.jpg,sandwich,.jpg,13.02,225.0,225.0,RGB,JPEG,True,
/content/drive/MyDrive/Calorify/dataset/sandwich/sandwich_396.jpg,sandwich_396.jpg,sandwich,.jpg,6.44,225.0,225.0,RGB,JPEG,True,
/content/drive/MyDrive/Calorify/dataset/sandwich/sandwich_383.jpg,sandwich_383.jpg,sandwich,.jpg,3.21,100.0,100.0,RGB,JPEG,True,
/content/drive/MyDrive/Calorify/dataset/sandwich/sandwich_377.jpg,sandwich_377.jpg,sandwich,.jpg,3.08,100.0,100.0,RGB,JPEG,True,
/content/drive/MyDrive/Calorify/dataset/sandwich/sandwich_407.jpg,sandwich_407.jpg,sandwich,.jpg,9.23,225.0,225.0,RGB,JPEG,True,
/content/drive/MyDrive/Calorify/dataset/sandwich/sandwich_373.jpg,sandwich_373.jpg,sandwich,.jpg,2.98,100.0,100.0,RGB,JPEG,True,
/content/drive/MyDrive/Calorify/dataset/sandwich/sandwich_392.jpg,sandwich_392.jpg,sandwich,.jpg,8.19,225.0,225.0,RGB,JPEG,True,
/content/drive/MyDrive/Calorify/dataset/sandwich/sandwich_380.jpg,sandwich_380.jpg,sandwich,.jpg,11.52,299.0,169.0,RGB,JPEG,True,
/content/drive/MyDrive/Calorify/dataset/sandwich/sandwich_376.jpg,sandwich_376.jpg,sandwich,.jpg,3.35,100.0,100.0,RGB,JPEG,True,
/content/drive/MyDrive/Calorify/dataset/sandwich/sandwich_384.jpg,sandwich_384.jpg,sandwich,.jpg,17.41,225.0,225.0,RGB,JPEG,True,
/content/drive/MyDrive/Calorify/dataset/sandwich/sandwich_404.jpg,sandwich_404.jpg,sandwich,.jpg,11.42,197.0,256.0,RGB,JPEG,True,
/content/drive/MyDrive/Calorify/dataset/sandwich/sandwich_375.jpg,sandwich_375.jpg,sandwich,.jpg,3.91,100.0,100.0,RGB,JPEG,True,
/content/drive/MyDrive/Calorify/dataset/sandwich/sandwich_410.jpg,sandwich_410.jpg,sandwich,.jpg,14.37,300.0,168.0,RGB,JPEG,True,
/content/drive/MyDrive/Calorify/dataset/sandwich/sandwich_372.jpg,sandwich_372.jpg,sandwich,.jpg,3.71,100.0,100.0,RGB,JPEG,True,
/content/drive/MyDrive/Calorify/dataset/sandwich/sandwich_397.jpg,sandwich_397.jpg,sandwich,.jpg,10.26,275.0,183.0,RGB,JPEG,True,
/content/drive/MyDrive/Calorify/dataset/sandwich/sandwich_390.jpg,sandwich_390.jpg,sandwich,.jpg,12.15,197.0,256.0,RGB,JPEG,True,
/content/drive/MyDrive/Calorify/dataset/sandwich/sandwich_401.jpg,sandwich_401.jpg,sandwich,.jpg,11.26,286.0,176.0,RGB,JPEG,True,
/content/drive/MyDrive/Calorify/dataset/sandwich/sandwich_399.jpg,sandwich_399.jpg,sandwich,.jpg,9.85,300.0,168.0,RGB,JPEG,True,
/content/drive/MyDrive/Calorify/dataset/sandwich/sandwich_409.jpg,sandwich_409.jpg,sandwich,.jpg,8.8,225.0,225.0,RGB,JPEG,True,
/content/drive/MyDrive/Calorify/dataset/sandwich/sandwich_386.jpg,sandwich_386.jpg,sandwich,.jpg,3.29,100.0,100.0,RGB,JPEG,True,
/content/drive/MyDrive/Calorify/dataset/sandwich/sandwich_411.jpg,sandwich_411.jpg,sandwich,.jpg,12.64,275.0,183.0,RGB,JPEG,True,
/content/drive/MyDrive/Calorify/dataset/sandwich/sandwich_415.jpg,sandwich_415.jpg,sandwich,.jpg,3.36,100.0,100.0,RGB,JPEG,True,
/content/drive/MyDrive/Calorify/dataset/sandwich/sandwich_412.jpg,sandwich_412.jpg,sandwich,.jpg,10.68,275.0,183.0,RGB,JPEG,True,
/content/drive/MyDrive/Calorify/dataset/sandwich/sandwich_406.jpg,sandwich_406.jpg,sandwich,.jpg,8.55,240.0,210.0,RGB,JPEG,True,
/content/drive/MyDrive/Calorify/dataset/sandwich/sandwich_403.jpg,sandwich_403.jpg,sandwich,.jpg,11.24,276.0,182.0,RGB,JPEG,True,
/content/drive/MyDrive/Calorify/dataset/sandwich/sandwich_405.jpg,sandwich_405.jpg,sandwich,.jpg,8.66,251.0,201.0,RGB,JPEG,True,
/content/drive/MyDrive/Calorify/dataset/sandwich/sandwich_402.jpg,sandwich_402.jpg,sandwich,.jpg,12.11,284.0,177.0,RGB,JPEG,True,
/content/drive/MyDrive/Calorify/dataset/sandwich/sandwich_413.jpg,sandwich_413.jpg,sandwich,.jpg,3.34,100.0,100.0,RGB,JPEG,True,
/content/drive/MyDrive/Calorify/dataset/sandwich/sandwich_457.jpg,sandwich_457.jpg,sandwich,.jpg,4.92,287.0,176.0,RGB,JPEG,True,
/content/drive/MyDrive/Calorify/dataset/sandwich/sandwich_433.jpg,sandwich_433.jpg,sandwich,.jpg,13.99,300.0,168.0,RGB,JPEG,True,
/content/drive/MyDrive/Calorify/dataset/sandwich/sandwich_438.jpg,sandwich_438.jpg,sandwich,.jpg,12.73,259.0,194.0,RGB,JPEG,True,
/content/drive/MyDrive/Calorify/dataset/sandwich/sandwich_419.jpg,sandwich_419.jpg,sandwich,.jpg,10.9,259.0,194.0,RGB,JPEG,True,
/content/drive/MyDrive/Calorify/dataset/sandwich/sandwich_456.jpg,sandwich_456.jpg,sandwich,.jpg,7.23,225.0,225.0,RGB,JPEG,True,
/content/drive/MyDrive/Calorify/dataset/sandwich/sandwich_427.jpg,sandwich_427.jpg,sandwich,.jpg,7.02,183.0,275.0,RGB,JPEG,True,
/content/drive/MyDrive/Calorify/dataset/sandwich/sandwich_449.jpg,sandwich_449.jpg,sandwich,.jpg,9.4,264.0,191.0,RGB,JPEG,True,
/content/drive/MyDrive/Calorify/dataset/sandwich/sandwich_443.jpg,sandwich_443.jpg,sandwich,.jpg,8.21,259.0,194.0,RGB,JPEG,True,
/content/drive/MyDrive/Calorify/dataset/sandwich/sandwich_437.jpg,sandwich_437.jpg,sandwich,.jpg,10.03,225.0,225.0,RGB,JPEG,True,
/content/drive/MyDrive/Calorify/dataset/sandwich/sandwich_434.jpg,sandwich_434.jpg,sandwich,.jpg,14.73,183.0,275.0,RGB,JPEG,True,
/content/drive/MyDrive/Calorify/dataset/sandwich/sandwich_430.jpg,sandwich_430.jpg,sandwich,.jpg,10.76,193.0,262.0,RGB,JPEG,True,
/content/drive/MyDrive/Calorify/dataset/sandwich/sandwich_459.jpg,sandwich_459.jpg,sandwich,.jpg,7.44,225.0,225.0,RGB,JPEG,True,
/content/drive/MyDrive/Calorify/dataset/sandwich/sandwich_436.jpg,sandwich_436.jpg,sandwich,.jpg,6.69,194.0,259.0,RGB,JPEG,True,
/content/drive/MyDrive/Calorify/dataset/sandwich/sandwich_455.jpg,sandwich_455.jpg,sandwich,.jpg,8.38,194.0,259.0,RGB,JPEG,True,
/content/drive/MyDrive/Calorify/dataset/sandwich/sandwich_442.jpg,sandwich_442.jpg,sandwich,.jpg,8.85,225.0,225.0,RGB,JPEG,True,
/content/drive/MyDrive/Calorify/dataset/sandwich/sandwich_458.jpg,sandwich_458.jpg,sandwich,.jpg,11.73,225.0,225.0,RGB,JPEG,True,
/content/drive/MyDrive/Calorify/dataset/sandwich/sandwich_435.jpg,sandwich_435.jpg,sandwich,.jpg,10.26,300.0,168.0,RGB,JPEG,True,
/content/drive/MyDrive/Calorify/dataset/sandwich/sandwich_426.jpg,sandwich_426.jpg,sandwich,.jpg,7.18,183.0,275.0,RGB,JPEG,True,
/content/drive/MyDrive/Calorify/dataset/sandwich/sandwich_421.jpg,sandwich_421.jpg,sandwich,.jpg,10.48,300.0,168.0,RGB,JPEG,True,
/content/drive/MyDrive/Calorify/dataset/sandwich/sandwich_429.jpg,sandwich_429.jpg,sandwich,.jpg,13.25,194.0,259.0,RGB,JPEG,True,
/content/drive/MyDrive/Calorify/dataset/sandwich/sandwich_447.jpg,sandwich_447.jpg,sandwich,.jpg,6.55,225.0,225.0,RGB,JPEG,True,
/content/drive/MyDrive/Calorify/dataset/sandwich/sandwich_444.jpg,sandwich_444.jpg,sandwich,.jpg,12.31,275.0,183.0,RGB,JPEG,True,
/content/drive/MyDrive/Calorify/dataset/sandwich/sandwich_452.jpg,sandwich_452.jpg,sandwich,.jpg,11.11,300.0,168.0,RGB,JPEG,True,
/content/drive/MyDrive/Calorify/dataset/sandwich/sandwich_425.jpg,sandwich_425.jpg,sandwich,.jpg,7.16,183.0,275.0,RGB,JPEG,True,
/content/drive/MyDrive/Calorify/dataset/sandwich/sandwich_422.jpg,sandwich_422.jpg,sandwich,.jpg,9.33,259.0,194.0,RGB,JPEG,True,
/content/drive/MyDrive/Calorify/dataset/sandwich/sandwich_450.jpg,sandwich_450.jpg,sandwich,.jpg,7.95,225.0,225.0,RGB,JPEG,True,
/content/drive/MyDrive/Calorify/dataset/sandwich/sandwich_424.jpg,sandwich_424.jpg,sandwich,.jpg,8.84,259.0,194.0,RGB,JPEG,True,
/content/drive/MyDrive/Calorify/dataset/sandwich/sandwich_416.jpg,sandwich_416.jpg,sandwich,.jpg,9.9,259.0,194.0,RGB,JPEG,True,
/content/drive/MyDrive/Calorify/dataset/sandwich/sandwich_439.jpg,sandwich_439.jpg,sandwich,.jpg,11.01,259.0,194.0,RGB,JPEG,True,
/content/drive/MyDrive/Calorify/dataset/sandwich/sandwich_440.jpg,sandwich_440.jpg,sandwich,.jpg,11.77,225.0,225.0,RGB,JPEG,True,
/content/drive/MyDrive/Calorify/dataset/sandwich/sandwich_423.jpg,sandwich_423.jpg,sandwich,.jpg,8.89,259.0,194.0,RGB,JPEG,True,
/content/drive/MyDrive/Calorify/dataset/sandwich/sandwich_453.jpg,sandwich_453.jpg,sandwich,.jpg,10.89,310.0,162.0,RGB,JPEG,True,
/content/drive/MyDrive/Calorify/dataset/sandwich/sandwich_431.jpg,sandwich_431.jpg,sandwich,.jpg,7.81,225.0,225.0,RGB,JPEG,True,
/content/drive/MyDrive/Calorify/dataset/sandwich/sandwich_451.jpg,sandwich_451.jpg,sandwich,.jpg,7.2,300.0,168.0,RGB,JPEG,True,
/content/drive/MyDrive/Calorify/dataset/sandwich/sandwich_428.jpg,sandwich_428.jpg,sandwich,.jpg,11.95,275.0,183.0,RGB,JPEG,True,
/content/drive/MyDrive/Calorify/dataset/sandwich/sandwich_420.jpg,sandwich_420.jpg,sandwich,.jpg,8.57,259.0,194.0,RGB,JPEG,True,
/content/drive/MyDrive/Calorify/dataset/sandwich/sandwich_448.jpg,sandwich_448.jpg,sandwich,.jpg,1.92,100.0,100.0,RGB,JPEG,True,
/content/drive/MyDrive/Calorify/dataset/sandwich/sandwich_417.jpg,sandwich_417.jpg,sandwich,.jpg,13.88,275.0,183.0,RGB,JPEG,True,
/content/drive/MyDrive/Calorify/dataset/sandwich/sandwich_432.jpg,sandwich_432.jpg,sandwich,.jpg,9.18,259.0,194.0,RGB,JPEG,True,
/content/drive/MyDrive/Calorify/dataset/sandwich/sandwich_418.jpg,sandwich_418.jpg,sandwich,.jpg,16.17,277.0,182.0,RGB,JPEG,True,
/content/drive/MyDrive/Calorify/dataset/sandwich/sandwich_454.jpg,sandwich_454.jpg,sandwich,.jpg,11.51,183.0,275.0,RGB,JPEG,True,
/content/drive/MyDrive/Calorify/dataset/sandwich/sandwich_441.jpg,sandwich_441.jpg,sandwich,.jpg,3.72,100.0,100.0,RGB,JPEG,True,
/content/drive/MyDrive/Calorify/dataset/sandwich/sandwich_446.jpg,sandwich_446.jpg,sandwich,.jpg,4.25,100.0,100.0,RGB,JPEG,True,
/content/drive/MyDrive/Calorify/dataset/sandwich/sandwich_477.jpg,sandwich_477.jpg,sandwich,.jpg,9.08,259.0,194.0,RGB,JPEG,True,
/content/drive/MyDrive/Calorify/dataset/sandwich/sandwich_476.jpg,sandwich_476.jpg,sandwich,.jpg,12.12,300.0,168.0,RGB,JPEG,True,
/content/drive/MyDrive/Calorify/dataset/sandwich/sandwich_478.jpg,sandwich_478.jpg,sandwich,.jpg,7.7,225.0,225.0,RGB,JPEG,True,
/content/drive/MyDrive/Calorify/dataset/sandwich/sandwich_467.jpg,sandwich_467.jpg,sandwich,.jpg,12.64,225.0,225.0,RGB,JPEG,True,
/content/drive/MyDrive/Calorify/dataset/sandwich/sandwich_469.jpg,sandwich_469.jpg,sandwich,.jpg,7.85,300.0,168.0,RGB,JPEG,True,
/content/drive/MyDrive/Calorify/dataset/sandwich/sandwich_471.jpg,sandwich_471.jpg,sandwich,.jpg,8.85,225.0,225.0,RGB,JPEG,True,
/content/drive/MyDrive/Calorify/dataset/sandwich/sandwich_470.jpg,sandwich_470.jpg,sandwich,.jpg,5.5,100.0,100.0,RGB,JPEG,True,
/content/drive/MyDrive/Calorify/dataset/sandwich/sandwich_461.jpg,sandwich_461.jpg,sandwich,.jpg,10.9,183.0,275.0,RGB,JPEG,True,
/content/drive/MyDrive/Calorify/dataset/sandwich/sandwich_460.jpg,sandwich_460.jpg,sandwich,.jpg,9.0,275.0,183.0,RGB,JPEG,True,
/content/drive/MyDrive/Calorify/dataset/sandwich/sandwich_473.jpg,sandwich_473.jpg,sandwich,.jpg,3.48,100.0,100.0,RGB,JPEG,True,
/content/drive/MyDrive/Calorify/dataset/sandwich/sandwich_466.jpg,sandwich_466.jpg,sandwich,.jpg,11.89,194.0,259.0,RGB,JPEG,True,
/content/drive/MyDrive/Calorify/dataset/sandwich/sandwich_472.jpg,sandwich_472.jpg,sandwich,.jpg,14.56,299.0,169.0,RGB,JPEG,True,
/content/drive/MyDrive/Calorify/dataset/sandwich/sandwich_462.jpg,sandwich_462.jpg,sandwich,.jpg,9.0,194.0,259.0,RGB,JPEG,True,
/content/drive/MyDrive/Calorify/dataset/sandwich/sandwich_479.jpg,sandwich_479.jpg,sandwich,.jpg,7.54,225.0,225.0,RGB,JPEG,True,
/content/drive/MyDrive/Calorify/dataset/sandwich/sandwich_465.jpg,sandwich_465.jpg,sandwich,.jpg,7.33,259.0,194.0,RGB,JPEG,True,
/content/drive/MyDrive/Calorify/dataset/sandwich/sandwich_464.jpg,sandwich_464.jpg,sandwich,.jpg,8.89,257.0,196.0,RGB,JPEG,True,
/content/drive/MyDrive/Calorify/dataset/sandwich/sandwich_475.jpg,sandwich_475.jpg,sandwich,.jpg,11.22,224.0,224.0,RGB,JPEG,True,
/content/drive/MyDrive/Calorify/dataset/sandwich/sandwich_468.jpg,sandwich_468.jpg,sandwich,.jpg,8.74,263.0,191.0,RGB,JPEG,True,
/content/drive/MyDrive/Calorify/dataset/sandwich/sandwich_463.jpg,sandwich_463.jpg,sandwich,.jpg,10.51,259.0,194.0,RGB,JPEG,True,
/content/drive/MyDrive/Calorify/dataset/sandwich/536.jpg,536.jpg,sandwich,.jpg,129.3,1300.0,955.0,RGB,JPEG,True,
/content/drive/MyDrive/Calorify/dataset/sandwich/537.jpg,537.jpg,sandwich,.jpg,18.67,626.0,617.0,RGB,JPEG,True,
/content/drive/MyDrive/Calorify/dataset/sandwich/538.jpg,538.jpg,sandwich,.jpg,58.46,1300.0,955.0,RGB,JPEG,True,
/content/drive/MyDrive/Calorify/dataset/sandwich/540.jpg,540.jpg,sandwich,.jpg,122.47,1469.0,980.0,RGB,JPEG,True,
/content/drive/MyDrive/Calorify/dataset/sandwich/539.jpg,539.jpg,sandwich,.jpg,180.71,1600.0,1157.0,RGB,JPEG,True,
/content/drive/MyDrive/Calorify/dataset/sandwich/541.jpg,541.jpg,sandwich,.jpg,100.42,866.0,1390.0,RGB,JPEG,True,
/content/drive/MyDrive/Calorify/dataset/sandwich/542.jpg,542.jpg,sandwich,.jpg,169.85,1480.0,1311.0,RGB,JPEG,True,
/content/drive/MyDrive/Calorify/dataset/sandwich/543.jpg,543.jpg,sandwich,.jpg,247.98,1800.0,1231.0,RGB,JPEG,True,
/content/drive/MyDrive/Calorify/dataset/sandwich/544.jpg,544.jpg,sandwich,.jpg,90.37,626.0,626.0,RGB,JPEG,True,
/content/drive/MyDrive/Calorify/dataset/sandwich/545.jpg,545.jpg,sandwich,.jpg,74.89,1200.0,627.0,RGB,JPEG,True,
/content/drive/MyDrive/Calorify/dataset/sandwich/546.jpg,546.jpg,sandwich,.jpg,194.6,1380.0,943.0,RGB,JPEG,True,
/content/drive/MyDrive/Calorify/dataset/sandwich/547.jpg,547.jpg,sandwich,.jpg,66.64,626.0,626.0,RGB,JPEG,True,
/content/drive/MyDrive/Calorify/dataset/sandwich/549.jpg,549.jpg,sandwich,.jpg,117.7,1469.0,980.0,RGB,JPEG,True,
/content/drive/MyDrive/Calorify/dataset/sandwich/548.jpg,548.jpg,sandwich,.jpg,114.81,1469.0,980.0,RGB,JPEG,True,
/content/drive/MyDrive/Calorify/dataset/sandwich/550.jpg,550.jpg,sandwich,.jpg,108.4,1469.0,980.0,RGB,JPEG,True,
/content/drive/MyDrive/Calorify/dataset/sandwich/551.jpg,551.jpg,sandwich,.jpg,180.55,1920.0,1920.0,RGB,JPEG,True,
/content/drive/MyDrive/Calorify/dataset/sandwich/552.jpg,552.jpg,sandwich,.jpg,248.72,1200.0,1200.0,RGB,JPEG,True,
/content/drive/MyDrive/Calorify/dataset/sandwich/553.jpg,553.jpg,sandwich,.jpg,482.88,1600.0,900.0,RGB,JPEG,True,
/content/drive/MyDrive/Calorify/dataset/sandwich/554.jpg,554.jpg,sandwich,.jpg,178.08,1280.0,720.0,RGB,JPEG,True,
/content/drive/MyDrive/Calorify/dataset/sandwich/555.jpg,555.jpg,sandwich,.jpg,43.07,680.0,994.0,RGB,JPEG,True,
/content/drive/MyDrive/Calorify/dataset/sandwich/556.jpg,556.jpg,sandwich,.jpg,142.72,1024.0,682.0,RGB,JPEG,True,
/content/drive/MyDrive/Calorify/dataset/sandwich/558.jpg,558.jpg,sandwich,.jpg,223.64,1500.0,1875.0,RGB,JPEG,True,
/content/drive/MyDrive/Calorify/dataset/sandwich/559.jpg,559.jpg,sandwich,.jpg,153.79,1160.0,1107.0,RGB,JPEG,True,
/content/drive/MyDrive/Calorify/dataset/sandwich/560.jpg,560.jpg,sandwich,.jpg,215.41,1500.0,1072.0,RGB,JPEG,True,
/content/drive/MyDrive/Calorify/dataset/sandwich/561.jpg,561.jpg,sandwich,.jpg,213.66,1280.0,720.0,RGB,JPEG,True,
/content/drive/MyDrive/Calorify/dataset/sandwich/562.jpg,562.jpg,sandwich,.jpg,105.83,1200.0,1800.0,RGB,JPEG,True,
/content/drive/MyDrive/Calorify/dataset/sandwich/563.jpg,563.jpg,sandwich,.jpg,127.27,1200.0,1200.0,RGB,JPEG,True,
/content/drive/MyDrive/Calorify/dataset/sandwich/564.jpg,564.jpg,sandwich,.jpg,100.87,800.0,1198.0,RGB,JPEG,True,
/content/drive/MyDrive/Calorify/dataset/sandwich/565.jpg,565.jpg,sandwich,.jpg,351.54,1959.0,1361.0,RGB,JPEG,True,
/content/drive/MyDrive/Calorify/dataset/sandwich/566.jpg,566.jpg,sandwich,.jpg,780.03,1200.0,1200.0,P,PNG,True,
/content/drive/MyDrive/Calorify/dataset/sandwich/567.jpg,567.jpg,sandwich,.jpg,1429.06,1200.0,1200.0,RGB,PNG,True,
/content/drive/MyDrive/Calorify/dataset/sandwich/568.jpg,568.jpg,sandwich,.jpg,290.95,1200.0,1194.0,RGB,JPEG,True,
/content/drive/MyDrive/Calorify/dataset/sandwich/570.jpg,570.jpg,sandwich,.jpg,115.84,1500.0,844.0,RGB,JPEG,True,
/content/drive/MyDrive/Calorify/dataset/sandwich/571.jpg,571.jpg,sandwich,.jpg,82.29,750.0,480.0,RGB,JPEG,True,
/content/drive/MyDrive/Calorify/dataset/sandwich/572.jpg,572.jpg,sandwich,.jpg,22.08,390.0,280.0,RGB,JPEG,True,
/content/drive/MyDrive/Calorify/dataset/sandwich/573.jpg,573.jpg,sandwich,.jpg,217.34,1377.0,1643.0,RGB,JPEG,True,
/content/drive/MyDrive/Calorify/dataset/sandwich/574.jpg,574.jpg,sandwich,.jpg,906.28,3840.0,5760.0,RGB,JPEG,True,
/content/drive/MyDrive/Calorify/dataset/sandwich/575.jpg,575.jpg,sandwich,.jpg,71.31,735.0,490.0,RGB,JPEG,True,
/content/drive/MyDrive/Calorify/dataset/sandwich/576.jpg,576.jpg,sandwich,.jpg,28.72,463.0,280.0,RGB,JPEG,True,
/content/drive/MyDrive/Calorify/dataset/sandwich/577.jpg,577.jpg,sandwich,.jpg,43.96,626.0,351.0,RGB,JPEG,True,
/content/drive/MyDrive/Calorify/dataset/sandwich/578.jpg,578.jpg,sandwich,.jpg,258.52,2000.0,2000.0,RGB,JPEG,True,
/content/drive/MyDrive/Calorify/dataset/sandwich/579.jpg,579.jpg,sandwich,.jpg,38.11,960.0,540.0,RGB,JPEG,True,
/content/drive/MyDrive/Calorify/dataset/sandwich/580.jpg,580.jpg,sandwich,.jpg,63.55,750.0,480.0,RGB,JPEG,True,
/content/drive/MyDrive/Calorify/dataset/sandwich/581.jpg,581.jpg,sandwich,.jpg,65.05,750.0,480.0,RGB,JPEG,True,
/content/drive/MyDrive/Calorify/dataset/sandwich/582.jpg,582.jpg,sandwich,.jpg,72.27,768.0,549.0,RGB,JPEG,True,
/content/drive/MyDrive/Calorify/dataset/sandwich/583.jpg,583.jpg,sandwich,.jpg,705.21,1500.0,1245.0,RGB,JPEG,True,
/content/drive/MyDrive/Calorify/dataset/sandwich/584.jpg,584.jpg,sandwich,.jpg,1372.54,3441.0,5161.0,RGB,JPEG,True,
/content/drive/MyDrive/Calorify/dataset/sandwich/585.jpg,585.jpg,sandwich,.jpg,41.65,626.0,351.0,RGB,JPEG,True,
/content/drive/MyDrive/Calorify/dataset/sandwich/586.jpg,586.jpg,sandwich,.jpg,114.78,1000.0,667.0,RGB,JPEG,True,
/content/drive/MyDrive/Calorify/dataset/sandwich/587.jpg,587.jpg,sandwich,.jpg,4518.16,2967.0,3492.0,RGB,JPEG,True,
/content/drive/MyDrive/Calorify/dataset/sandwich/589.jpg,589.jpg,sandwich,.jpg,177.69,404.0,316.0,RGB,JPEG,True,
/content/drive/MyDrive/Calorify/dataset/sandwich/588.jpg,588.jpg,sandwich,.jpg,18.92,146.0,280.0,RGB,JPEG,True,
/content/drive/MyDrive/Calorify/dataset/sandwich/590.jpg,590.jpg,sandwich,.jpg,118.19,404.0,316.0,RGB,JPEG,True,
/content/drive/MyDrive/Calorify/dataset/sandwich/591.jpg,591.jpg,sandwich,.jpg,334.48,3593.0,1960.0,RGB,JPEG,True,
/content/drive/MyDrive/Calorify/dataset/sandwich/592.jpg,592.jpg,sandwich,.jpg,53.97,626.0,351.0,RGB,JPEG,True,
/content/drive/MyDrive/Calorify/dataset/sandwich/593.jpg,593.jpg,sandwich,.jpg,1091.97,2500.0,1667.0,RGB,JPEG,True,
/content/drive/MyDrive/Calorify/dataset/sandwich/594.jpg,594.jpg,sandwich,.jpg,1139.07,1093.0,727.0,RGB,PNG,True,
/content/drive/MyDrive/Calorify/dataset/sandwich/595.jpg,595.jpg,sandwich,.jpg,175.55,1715.0,980.0,RGB,JPEG,True,
/content/drive/MyDrive/Calorify/dataset/sushi/1.jpg,1.jpg,sushi,.jpg,269.98,1600.0,1165.0,RGB,JPEG,True,
/content/drive/MyDrive/Calorify/dataset/sushi/126.jpg,126.jpg,sushi,.jpg,192.88,1050.0,700.0,RGB,JPEG,True,
/content/drive/MyDrive/Calorify/dataset/sushi/117.jpg,117.jpg,sushi,.jpg,1289.97,1920.0,1277.0,RGB,JPEG,True,
/content/drive/MyDrive/Calorify/dataset/sushi/101.jpg,101.jpg,sushi,.jpg,262.58,1600.0,1165.0,RGB,JPEG,True,
/content/drive/MyDrive/Calorify/dataset/sushi/110.jpg,110.jpg,sushi,.jpg,106.71,626.0,417.0,RGB,JPEG,True,
/content/drive/MyDrive/Calorify/dataset/sushi/123.jpg,123.jpg,sushi,.jpg,689.45,4500.0,3000.0,RGB,WEBP,True,
/content/drive/MyDrive/Calorify/dataset/sushi/125.jpg,125.jpg,sushi,.jpg,61.39,626.0,417.0,RGB,JPEG,True,
/content/drive/MyDrive/Calorify/dataset/sushi/0.jpg,0.jpg,sushi,.jpg,85.41,626.0,417.0,RGB,JPEG,True,
/content/drive/MyDrive/Calorify/dataset/sushi/122.jpg,122.jpg,sushi,.jpg,135.95,1016.0,1390.0,RGB,JPEG,True,
/content/drive/MyDrive/Calorify/dataset/sushi/112.jpg,112.jpg,sushi,.jpg,431.38,1098.0,1960.0,RGB,JPEG,True,
/content/drive/MyDrive/Calorify/dataset/sushi/10.jpg,10.jpg,sushi,.jpg,115.11,996.0,664.0,RGB,JPEG,True,
/content/drive/MyDrive/Calorify/dataset/sushi/127.jpg,127.jpg,sushi,.jpg,991.85,1060.0,980.0,RGBA,PNG,True,
/content/drive/MyDrive/Calorify/dataset/sushi/120.jpg,120.jpg,sushi,.jpg,2813.05,3008.0,2000.0,RGB,JPEG,True,
/content/drive/MyDrive/Calorify/dataset/sushi/121.jpg,121.jpg,sushi,.jpg,230.77,1300.0,930.0,RGB,JPEG,True,
/content/drive/MyDrive/Calorify/dataset/sushi/111.jpg,111.jpg,sushi,.jpg,305.13,1600.0,895.0,RGB,JPEG,True,
/content/drive/MyDrive/Calorify/dataset/sushi/12.jpg,12.jpg,sushi,.jpg,121.36,626.0,626.0,RGB,JPEG,True,
/content/drive/MyDrive/Calorify/dataset/sushi/115.jpg,115.jpg,sushi,.jpg,83.41,1300.0,956.0,RGB,JPEG,True,
/content/drive/MyDrive/Calorify/dataset/sushi/148.jpg,148.jpg,sushi,.jpg,49.0,800.0,532.0,RGB,JPEG,True,
/content/drive/MyDrive/Calorify/dataset/sushi/131.jpg,131.jpg,sushi,.jpg,92.53,626.0,417.0,RGB,JPEG,True,
/content/drive/MyDrive/Calorify/dataset/sushi/166.jpg,166.jpg,sushi,.jpg,172.29,1600.0,1157.0,RGB,JPEG,True,
/content/drive/MyDrive/Calorify/dataset/sushi/134.jpg,134.jpg,sushi,.jpg,74.89,1050.0,700.0,RGB,JPEG,True,
/content/drive/MyDrive/Calorify/dataset/sushi/142.jpg,142.jpg,sushi,.jpg,71.28,626.0,417.0,RGB,JPEG,True,
/content/drive/MyDrive/Calorify/dataset/sushi/138.jpg,138.jpg,sushi,.jpg,134.88,996.0,664.0,RGB,JPEG,True,
/content/drive/MyDrive/Calorify/dataset/sushi/153.jpg,153.jpg,sushi,.jpg,265.4,2500.0,1669.0,RGB,WEBP,True,
/content/drive/MyDrive/Calorify/dataset/sushi/155.jpg,155.jpg,sushi,.jpg,54.33,626.0,626.0,RGB,JPEG,True,
/content/drive/MyDrive/Calorify/dataset/sushi/157.jpg,157.jpg,sushi,.jpg,69.55,626.0,417.0,RGB,JPEG,True,
/content/drive/MyDrive/Calorify/dataset/sushi/161.jpg,161.jpg,sushi,.jpg,246.91,1500.0,1000.0,RGB,JPEG,True,
/content/drive/MyDrive/Calorify/dataset/sushi/158.jpg,158.jpg,sushi,.jpg,66.75,800.0,534.0,RGB,JPEG,True,
/content/drive/MyDrive/Calorify/dataset/sushi/13.jpg,13.jpg,sushi,.jpg,54.88,1280.0,720.0,RGB,JPEG,True,
/content/drive/MyDrive/Calorify/dataset/sushi/151.jpg,151.jpg,sushi,.jpg,52.03,626.0,423.0,RGB,JPEG,True,
/content/drive/MyDrive/Calorify/dataset/sushi/156.jpg,156.jpg,sushi,.jpg,78.09,626.0,417.0,RGB,JPEG,True,
/content/drive/MyDrive/Calorify/dataset/sushi/165.jpg,165.jpg,sushi,.jpg,95.9,1300.0,787.0,RGB,JPEG,True,
/content/drive/MyDrive/Calorify/dataset/sushi/160.jpg,160.jpg,sushi,.jpg,94.9,600.0,900.0,RGB,JPEG,True,
/content/drive/MyDrive/Calorify/dataset/sushi/146.jpg,146.jpg,sushi,.jpg,74.28,626.0,626.0,RGB,JPEG,True,
/content/drive/MyDrive/Calorify/dataset/sushi/149.jpg,149.jpg,sushi,.jpg,169.89,1050.0,700.0,RGB,JPEG,True,
/content/drive/MyDrive/Calorify/dataset/sushi/164.jpg,164.jpg,sushi,.jpg,54.18,626.0,417.0,RGB,JPEG,True,
/content/drive/MyDrive/Calorify/dataset/sushi/140.jpg,140.jpg,sushi,.jpg,79.34,626.0,417.0,RGB,JPEG,True,
/content/drive/MyDrive/Calorify/dataset/sushi/136.jpg,136.jpg,sushi,.jpg,74.36,626.0,417.0,RGB,JPEG,True,
/content/drive/MyDrive/Calorify/dataset/sushi/132.jpg,132.jpg,sushi,.jpg,21.63,626.0,417.0,RGB,JPEG,True,
/content/drive/MyDrive/Calorify/dataset/sushi/154.jpg,154.jpg,sushi,.jpg,105.14,1300.0,956.0,RGB,JPEG,True,
/content/drive/MyDrive/Calorify/dataset/sushi/159.jpg,159.jpg,sushi,.jpg,42.28,626.0,417.0,RGB,JPEG,True,
/content/drive/MyDrive/Calorify/dataset/sushi/14.jpg,14.jpg,sushi,.jpg,83.72,626.0,407.0,RGB,JPEG,True,
/content/drive/MyDrive/Calorify/dataset/sushi/129.jpg,129.jpg,sushi,.jpg,2034.12,1500.0,1101.0,RGB,JPEG,True,
/content/drive/MyDrive/Calorify/dataset/sushi/130.jpg,130.jpg,sushi,.jpg,60.67,626.0,417.0,RGB,JPEG,True,
/content/drive/MyDrive/Calorify/dataset/sushi/137.jpg,137.jpg,sushi,.jpg,55.14,626.0,417.0,RGB,JPEG,True,
/content/drive/MyDrive/Calorify/dataset/sushi/162.jpg,162.jpg,sushi,.jpg,110.8,626.0,417.0,RGB,JPEG,True,
/content/drive/MyDrive/Calorify/dataset/sushi/147.jpg,147.jpg,sushi,.jpg,55.34,626.0,417.0,RGB,JPEG,True,
/content/drive/MyDrive/Calorify/dataset/sushi/145.jpg,145.jpg,sushi,.jpg,84.92,626.0,417.0,RGB,JPEG,True,
/content/drive/MyDrive/Calorify/dataset/sushi/133.jpg,133.jpg,sushi,.jpg,80.46,626.0,417.0,RGB,JPEG,True,
/content/drive/MyDrive/Calorify/dataset/sushi/150.jpg,150.jpg,sushi,.jpg,310.27,2400.0,2400.0,RGB,JPEG,True,
/content/drive/MyDrive/Calorify/dataset/sushi/152.jpg,152.jpg,sushi,.jpg,833.73,2940.0,1960.0,RGB,JPEG,True,
/content/drive/MyDrive/Calorify/dataset/sushi/139.jpg,139.jpg,sushi,.jpg,263.4,1000.0,667.0,RGB,JPEG,True,
/content/drive/MyDrive/Calorify/dataset/sushi/15.jpg,15.jpg,sushi,.jpg,143.09,996.0,664.0,RGB,JPEG,True,
/content/drive/MyDrive/Calorify/dataset/sushi/128.jpg,128.jpg,sushi,.jpg,76.34,626.0,417.0,RGB,JPEG,True,
/content/drive/MyDrive/Calorify/dataset/sushi/143.jpg,143.jpg,sushi,.jpg,178.21,996.0,664.0,RGB,JPEG,True,
/content/drive/MyDrive/Calorify/dataset/sushi/141.jpg,141.jpg,sushi,.jpg,53.44,1200.0,627.0,RGB,JPEG,True,
/content/drive/MyDrive/Calorify/dataset/sushi/169.jpg,169.jpg,sushi,.jpg,59.49,992.0,456.0,RGB,JPEG,True,
/content/drive/MyDrive/Calorify/dataset/sushi/189.jpg,189.jpg,sushi,.jpg,40.37,800.0,449.0,RGB,JPEG,True,
/content/drive/MyDrive/Calorify/dataset/sushi/176.jpg,176.jpg,sushi,.jpg,332.34,1500.0,1500.0,RGB,JPEG,True,
/content/drive/MyDrive/Calorify/dataset/sushi/187.jpg,187.jpg,sushi,.jpg,121.21,800.0,800.0,RGB,JPEG,True,
/content/drive/MyDrive/Calorify/dataset/sushi/197.jpg,197.jpg,sushi,.jpg,1623.83,2500.0,2500.0,RGB,WEBP,True,
/content/drive/MyDrive/Calorify/dataset/sushi/171.jpg,171.jpg,sushi,.jpg,67.14,626.0,417.0,RGB,JPEG,True,
/content/drive/MyDrive/Calorify/dataset/sushi/168.jpg,168.jpg,sushi,.jpg,443.44,1820.0,1212.0,RGB,JPEG,True,
/content/drive/MyDrive/Calorify/dataset/sushi/174.jpg,174.jpg,sushi,.jpg,61.02,626.0,417.0,RGB,JPEG,True,
/content/drive/MyDrive/Calorify/dataset/sushi/186.jpg,186.jpg,sushi,.jpg,82.5,800.0,800.0,RGB,JPEG,True,
/content/drive/MyDrive/Calorify/dataset/sushi/173.jpg,173.jpg,sushi,.jpg,48.77,626.0,417.0,RGB,JPEG,True,
/content/drive/MyDrive/Calorify/dataset/sushi/196.jpg,196.jpg,sushi,.jpg,51.07,626.0,351.0,RGB,JPEG,True,
/content/drive/MyDrive/Calorify/dataset/sushi/178.jpg,178.jpg,sushi,.jpg,1111.82,4032.0,3024.0,RGB,JPEG,True,
/content/drive/MyDrive/Calorify/dataset/sushi/170.jpg,170.jpg,sushi,.jpg,366.25,1500.0,1000.0,RGB,JPEG,True,
/content/drive/MyDrive/Calorify/dataset/sushi/188.jpg,188.jpg,sushi,.jpg,83.84,800.0,800.0,RGB,JPEG,True,
/content/drive/MyDrive/Calorify/dataset/sushi/181.jpg,181.jpg,sushi,.jpg,182.97,900.0,900.0,RGB,JPEG,True,
/content/drive/MyDrive/Calorify/dataset/sushi/191.jpg,191.jpg,sushi,.jpg,540.83,2000.0,2000.0,RGB,JPEG,True,
/content/drive/MyDrive/Calorify/dataset/sushi/185.jpg,185.jpg,sushi,.jpg,90.73,800.0,800.0,RGB,JPEG,True,
/content/drive/MyDrive/Calorify/dataset/sushi/172.jpg,172.jpg,sushi,.jpg,83.38,1920.0,1080.0,RGB,JPEG,True,
/content/drive/MyDrive/Calorify/dataset/sushi/195.jpg,195.jpg,sushi,.jpg,33.21,800.0,400.0,RGB,JPEG,True,
/content/drive/MyDrive/Calorify/dataset/sushi/26.jpg,26.jpg,sushi,.jpg,369.77,1440.0,1920.0,RGB,JPEG,True,
/content/drive/MyDrive/Calorify/dataset/sushi/177.jpg,177.jpg,sushi,.jpg,52.71,800.0,449.0,RGB,JPEG,True,
/content/drive/MyDrive/Calorify/dataset/sushi/190.jpg,190.jpg,sushi,.jpg,479.01,2000.0,1500.0,RGB,JPEG,True,
/content/drive/MyDrive/Calorify/dataset/sushi/199.jpg,199.jpg,sushi,.jpg,835.47,1030.0,976.0,RGBA,PNG,True,
/content/drive/MyDrive/Calorify/dataset/sushi/194.jpg,194.jpg,sushi,.jpg,216.85,1600.0,1156.0,RGB,JPEG,True,
/content/drive/MyDrive/Calorify/dataset/sushi/180.jpg,180.jpg,sushi,.jpg,634.62,2000.0,2000.0,RGB,JPEG,True,
/content/drive/MyDrive/Calorify/dataset/sushi/184.jpg,184.jpg,sushi,.jpg,34.72,800.0,449.0,RGB,JPEG,True,
/content/drive/MyDrive/Calorify/dataset/sushi/175.jpg,175.jpg,sushi,.jpg,95.54,1300.0,956.0,RGB,JPEG,True,
/content/drive/MyDrive/Calorify/dataset/sushi/193.jpg,193.jpg,sushi,.jpg,752.58,2500.0,2435.0,RGB,WEBP,True,
/content/drive/MyDrive/Calorify/dataset/sushi/182.jpg,182.jpg,sushi,.jpg,350.77,2000.0,1333.0,RGB,JPEG,True,
/content/drive/MyDrive/Calorify/dataset/sushi/2.jpg,2.jpg,sushi,.jpg,348.22,2000.0,1332.0,RGB,JPEG,True,
/content/drive/MyDrive/Calorify/dataset/sushi/179.jpg,179.jpg,sushi,.jpg,1360.57,4032.0,3024.0,RGB,JPEG,True,
/content/drive/MyDrive/Calorify/dataset/sushi/167.jpg,167.jpg,sushi,.jpg,35.92,626.0,417.0,RGB,JPEG,True,
/content/drive/MyDrive/Calorify/dataset/sushi/19.jpg,19.jpg,sushi,.jpg,36.77,1280.0,720.0,RGB,JPEG,True,
/content/drive/MyDrive/Calorify/dataset/sushi/25.jpg,25.jpg,sushi,.jpg,209.45,1600.0,1200.0,RGB,JPEG,True,
/content/drive/MyDrive/Calorify/dataset/sushi/183.jpg,183.jpg,sushi,.jpg,69.9,800.0,533.0,RGB,JPEG,True,
/content/drive/MyDrive/Calorify/dataset/sushi/192.jpg,192.jpg,sushi,.jpg,59.68,992.0,554.0,RGB,JPEG,True,
/content/drive/MyDrive/Calorify/dataset/sushi/18.jpg,18.jpg,sushi,.jpg,60.25,626.0,352.0,RGB,JPEG,True,
/content/drive/MyDrive/Calorify/dataset/sushi/397.jpg,397.jpg,sushi,.jpg,135.54,1080.0,1080.0,RGB,JPEG,True,
/content/drive/MyDrive/Calorify/dataset/sushi/36.jpg,36.jpg,sushi,.jpg,191.67,1365.0,1367.0,RGB,JPEG,True,
/content/drive/MyDrive/Calorify/dataset/sushi/389.jpg,389.jpg,sushi,.jpg,174.61,730.0,892.0,RGB,JPEG,True,
/content/drive/MyDrive/Calorify/dataset/sushi/369.jpg,369.jpg,sushi,.jpg,90.85,844.0,1500.0,RGB,JPEG,True,
/content/drive/MyDrive/Calorify/dataset/sushi/352.jpg,352.jpg,sushi,.jpg,74.11,417.0,626.0,RGB,JPEG,True,
/content/drive/MyDrive/Calorify/dataset/sushi/31.jpg,31.jpg,sushi,.jpg,106.17,1100.0,1100.0,RGB,JPEG,True,
/content/drive/MyDrive/Calorify/dataset/sushi/359.jpg,359.jpg,sushi,.jpg,109.68,1300.0,956.0,RGB,JPEG,True,
/content/drive/MyDrive/Calorify/dataset/sushi/399.jpg,399.jpg,sushi,.jpg,98.21,1300.0,956.0,RGB,JPEG,True,
/content/drive/MyDrive/Calorify/dataset/sushi/394.jpg,394.jpg,sushi,.jpg,60.38,626.0,417.0,RGB,JPEG,True,
/content/drive/MyDrive/Calorify/dataset/sushi/376.jpg,376.jpg,sushi,.jpg,173.49,840.0,1000.0,RGB,JPEG,True,
/content/drive/MyDrive/Calorify/dataset/sushi/391.jpg,391.jpg,sushi,.jpg,108.57,800.0,800.0,RGB,JPEG,True,
/content/drive/MyDrive/Calorify/dataset/sushi/366.jpg,366.jpg,sushi,.jpg,192.52,1300.0,956.0,RGB,JPEG,True,
/content/drive/MyDrive/Calorify/dataset/sushi/370.jpg,370.jpg,sushi,.jpg,88.97,1300.0,956.0,RGB,JPEG,True,
/content/drive/MyDrive/Calorify/dataset/sushi/32.jpg,32.jpg,sushi,.jpg,57.61,720.0,1080.0,RGB,JPEG,True,
/content/drive/MyDrive/Calorify/dataset/sushi/4.jpg,4.jpg,sushi,.jpg,391.49,2000.0,1372.0,RGB,JPEG,True,
/content/drive/MyDrive/Calorify/dataset/sushi/367.jpg,367.jpg,sushi,.jpg,62.53,626.0,417.0,RGB,JPEG,True,
/content/drive/MyDrive/Calorify/dataset/sushi/357.jpg,357.jpg,sushi,.jpg,204.05,2520.0,1420.0,RGB,JPEG,True,
/content/drive/MyDrive/Calorify/dataset/sushi/353.jpg,353.jpg,sushi,.jpg,42.87,492.0,626.0,RGB,JPEG,True,
/content/drive/MyDrive/Calorify/dataset/sushi/379.jpg,379.jpg,sushi,.jpg,347.9,1600.0,1600.0,RGB,JPEG,True,
/content/drive/MyDrive/Calorify/dataset/sushi/362.jpg,362.jpg,sushi,.jpg,49.79,626.0,417.0,RGB,JPEG,True,
/content/drive/MyDrive/Calorify/dataset/sushi/371.jpg,371.jpg,sushi,.jpg,79.67,1125.0,750.0,RGB,JPEG,True,
/content/drive/MyDrive/Calorify/dataset/sushi/368.jpg,368.jpg,sushi,.jpg,35.78,1125.0,750.0,RGB,JPEG,True,
/content/drive/MyDrive/Calorify/dataset/sushi/365.jpg,365.jpg,sushi,.jpg,55.21,1200.0,627.0,RGB,JPEG,True,
/content/drive/MyDrive/Calorify/dataset/sushi/355.jpg,355.jpg,sushi,.jpg,57.83,800.0,450.0,RGB,JPEG,True,
/content/drive/MyDrive/Calorify/dataset/sushi/360.jpg,360.jpg,sushi,.jpg,137.23,1300.0,960.0,RGB,JPEG,True,
/content/drive/MyDrive/Calorify/dataset/sushi/27.jpg,27.jpg,sushi,.jpg,345.75,1920.0,1080.0,RGB,JPEG,True,
/content/drive/MyDrive/Calorify/dataset/sushi/356.jpg,356.jpg,sushi,.jpg,79.22,626.0,521.0,RGB,JPEG,True,
/content/drive/MyDrive/Calorify/dataset/sushi/396.jpg,396.jpg,sushi,.jpg,58.81,800.0,533.0,RGB,JPEG,True,
/content/drive/MyDrive/Calorify/dataset/sushi/354.jpg,354.jpg,sushi,.jpg,126.94,866.0,1390.0,RGB,JPEG,True,
/content/drive/MyDrive/Calorify/dataset/sushi/364.jpg,364.jpg,sushi,.jpg,164.33,975.0,1390.0,RGB,JPEG,True,
/content/drive/MyDrive/Calorify/dataset/sushi/361.jpg,361.jpg,sushi,.jpg,51.43,626.0,447.0,RGB,JPEG,True,
/content/drive/MyDrive/Calorify/dataset/sushi/390.jpg,390.jpg,sushi,.jpg,127.88,740.0,1200.0,RGB,JPEG,True,
/content/drive/MyDrive/Calorify/dataset/sushi/383.jpg,383.jpg,sushi,.jpg,112.43,600.0,600.0,RGB,JPEG,True,
/content/drive/MyDrive/Calorify/dataset/sushi/363.jpg,363.jpg,sushi,.jpg,71.79,526.0,626.0,RGB,JPEG,True,
/content/drive/MyDrive/Calorify/dataset/sushi/358.jpg,358.jpg,sushi,.jpg,67.06,1200.0,627.0,RGB,JPEG,True,
/content/drive/MyDrive/Calorify/dataset/sushi/35.jpg,35.jpg,sushi,.jpg,467.8,2500.0,1669.0,RGB,WEBP,True,
/content/drive/MyDrive/Calorify/dataset/sushi/38.jpg,38.jpg,sushi,.jpg,392.23,1080.0,1440.0,RGB,JPEG,True,
/content/drive/MyDrive/Calorify/dataset/sushi/420.jpg,420.jpg,sushi,.jpg,31.32,626.0,417.0,RGB,JPEG,True,
/content/drive/MyDrive/Calorify/dataset/sushi/441.jpg,441.jpg,sushi,.jpg,56.74,626.0,417.0,RGB,JPEG,True,
/content/drive/MyDrive/Calorify/dataset/sushi/413.jpg,413.jpg,sushi,.jpg,157.72,1300.0,957.0,RGB,JPEG,True,
/content/drive/MyDrive/Calorify/dataset/sushi/419.jpg,419.jpg,sushi,.jpg,62.77,768.0,512.0,RGB,JPEG,True,
/content/drive/MyDrive/Calorify/dataset/sushi/443.jpg,443.jpg,sushi,.jpg,238.74,3840.0,2160.0,RGB,JPEG,True,
/content/drive/MyDrive/Calorify/dataset/sushi/429.jpg,429.jpg,sushi,.jpg,98.53,1300.0,956.0,RGB,JPEG,True,
/content/drive/MyDrive/Calorify/dataset/sushi/417.jpg,417.jpg,sushi,.jpg,106.3,1071.0,1690.0,RGB,JPEG,True,
/content/drive/MyDrive/Calorify/dataset/sushi/432.jpg,432.jpg,sushi,.jpg,64.71,1244.0,700.0,RGB,JPEG,True,
/content/drive/MyDrive/Calorify/dataset/sushi/410.jpg,410.jpg,sushi,.jpg,56.85,800.0,533.0,RGB,JPEG,True,
/content/drive/MyDrive/Calorify/dataset/sushi/437.jpg,437.jpg,sushi,.jpg,37.17,626.0,416.0,RGB,JPEG,True,
/content/drive/MyDrive/Calorify/dataset/sushi/430.jpg,430.jpg,sushi,.jpg,159.78,1300.0,956.0,RGB,JPEG,True,
/content/drive/MyDrive/Calorify/dataset/sushi/407.jpg,407.jpg,sushi,.jpg,1320.06,1021.0,1024.0,RGBA,PNG,True,
/content/drive/MyDrive/Calorify/dataset/sushi/433.jpg,433.jpg,sushi,.jpg,64.08,626.0,417.0,RGB,JPEG,True,
/content/drive/MyDrive/Calorify/dataset/sushi/431.jpg,431.jpg,sushi,.jpg,186.9,867.0,1390.0,RGB,JPEG,True,
/content/drive/MyDrive/Calorify/dataset/sushi/421.jpg,421.jpg,sushi,.jpg,36.74,626.0,626.0,RGB,JPEG,True,
/content/drive/MyDrive/Calorify/dataset/sushi/426.jpg,426.jpg,sushi,.jpg,102.5,1200.0,627.0,RGB,JPEG,True,
/content/drive/MyDrive/Calorify/dataset/sushi/422.jpg,422.jpg,sushi,.jpg,685.39,2457.0,4368.0,RGB,JPEG,True,
/content/drive/MyDrive/Calorify/dataset/sushi/423.jpg,423.jpg,sushi,.jpg,113.67,1300.0,917.0,RGB,JPEG,True,
/content/drive/MyDrive/Calorify/dataset/sushi/414.jpg,414.jpg,sushi,.jpg,120.15,1300.0,956.0,RGB,JPEG,True,
/content/drive/MyDrive/Calorify/dataset/sushi/412.jpg,412.jpg,sushi,.jpg,139.12,1300.0,951.0,RGB,JPEG,True,
/content/drive/MyDrive/Calorify/dataset/sushi/434.jpg,434.jpg,sushi,.jpg,52.27,626.0,417.0,RGB,JPEG,True,
/content/drive/MyDrive/Calorify/dataset/sushi/406.jpg,406.jpg,sushi,.jpg,87.21,800.0,800.0,RGB,JPEG,True,
/content/drive/MyDrive/Calorify/dataset/sushi/427.jpg,427.jpg,sushi,.jpg,891.19,6240.0,4160.0,RGB,JPEG,True,
/content/drive/MyDrive/Calorify/dataset/sushi/425.jpg,425.jpg,sushi,.jpg,319.1,867.0,1390.0,RGB,JPEG,True,
/content/drive/MyDrive/Calorify/dataset/sushi/409.jpg,409.jpg,sushi,.jpg,293.36,1800.0,1800.0,RGB,WEBP,True,
/content/drive/MyDrive/Calorify/dataset/sushi/41.jpg,41.jpg,sushi,.jpg,938.71,2500.0,1667.0,RGB,JPEG,True,
/content/drive/MyDrive/Calorify/dataset/sushi/411.jpg,411.jpg,sushi,.jpg,122.76,1000.0,1000.0,RGB,WEBP,True,
/content/drive/MyDrive/Calorify/dataset/sushi/403.jpg,403.jpg,sushi,.jpg,107.96,678.0,900.0,RGB,JPEG,True,
/content/drive/MyDrive/Calorify/dataset/sushi/428.jpg,428.jpg,sushi,.jpg,651.87,3024.0,4032.0,RGB,JPEG,True,
/content/drive/MyDrive/Calorify/dataset/sushi/40.jpg,40.jpg,sushi,.jpg,1602.79,998.0,810.0,RGBA,PNG,True,
/content/drive/MyDrive/Calorify/dataset/sushi/415.jpg,415.jpg,sushi,.jpg,154.43,1300.0,733.0,RGB,JPEG,True,
/content/drive/MyDrive/Calorify/dataset/sushi/418.jpg,418.jpg,sushi,.jpg,182.85,1300.0,956.0,RGB,JPEG,True,
/content/drive/MyDrive/Calorify/dataset/sushi/416.jpg,416.jpg,sushi,.jpg,730.21,4000.0,6000.0,RGB,JPEG,True,
/content/drive/MyDrive/Calorify/dataset/sushi/424.jpg,424.jpg,sushi,.jpg,36.12,800.0,533.0,RGB,JPEG,True,
/content/drive/MyDrive/Calorify/dataset/sushi/489.jpg,489.jpg,sushi,.jpg,482.38,1600.0,898.0,RGB,JPEG,True,
/content/drive/MyDrive/Calorify/dataset/sushi/480.jpg,480.jpg,sushi,.jpg,124.83,1280.0,720.0,RGB,JPEG,True,
/content/drive/MyDrive/Calorify/dataset/sushi/486.jpg,486.jpg,sushi,.jpg,128.12,1080.0,607.0,RGB,JPEG,True,
/content/drive/MyDrive/Calorify/dataset/sushi/479.jpg,479.jpg,sushi,.jpg,53.73,1200.0,1200.0,RGB,JPEG,True,
/content/drive/MyDrive/Calorify/dataset/sushi/478.jpg,478.jpg,sushi,.jpg,228.23,1240.0,1961.0,RGB,JPEG,True,
/content/drive/MyDrive/Calorify/dataset/sushi/485.jpg,485.jpg,sushi,.jpg,80.76,800.0,1000.0,RGB,JPEG,True,
/content/drive/MyDrive/Calorify/dataset/sushi/47.jpg,47.jpg,sushi,.jpg,569.27,960.0,1200.0,P,PNG,True,
/content/drive/MyDrive/Calorify/dataset/sushi/5.jpg,5.jpg,sushi,.jpg,62.33,626.0,411.0,RGB,JPEG,True,
/content/drive/MyDrive/Calorify/dataset/sushi/483.jpg,483.jpg,sushi,.jpg,68.53,800.0,1000.0,RGB,JPEG,True,
/content/drive/MyDrive/Calorify/dataset/sushi/491.jpg,491.jpg,sushi,.jpg,81.58,1280.0,720.0,RGB,JPEG,True,
/content/drive/MyDrive/Calorify/dataset/sushi/490.jpg,490.jpg,sushi,.jpg,915.83,2048.0,2560.0,RGB,JPEG,True,
/content/drive/MyDrive/Calorify/dataset/sushi/477.jpg,477.jpg,sushi,.jpg,182.79,1200.0,1800.0,RGB,JPEG,True,
/content/drive/MyDrive/Calorify/dataset/sushi/96.jpg,96.jpg,sushi,.jpg,65.13,626.0,417.0,RGB,JPEG,True,
/content/drive/MyDrive/Calorify/dataset/sushi/80.jpg,80.jpg,sushi,.jpg,66.94,470.0,626.0,RGB,JPEG,True,
/content/drive/MyDrive/Calorify/dataset/sushi/7.jpg,7.jpg,sushi,.jpg,64.97,626.0,418.0,RGB,JPEG,True,
/content/drive/MyDrive/Calorify/dataset/sushi/73.jpg,73.jpg,sushi,.jpg,314.39,1600.0,1600.0,RGB,JPEG,True,
/content/drive/MyDrive/Calorify/dataset/sushi/99.jpg,99.jpg,sushi,.jpg,1696.4,1500.0,1113.0,RGB,JPEG,True,
/content/drive/MyDrive/Calorify/dataset/sushi/85.jpg,85.jpg,sushi,.jpg,53.9,626.0,373.0,RGB,JPEG,True,
/content/drive/MyDrive/Calorify/dataset/sushi/91.jpg,91.jpg,sushi,.jpg,66.08,626.0,626.0,RGB,JPEG,True,
/content/drive/MyDrive/Calorify/dataset/sushi/58.jpg,58.jpg,sushi,.jpg,195.41,800.0,800.0,RGB,JPEG,True,
/content/drive/MyDrive/Calorify/dataset/sushi/84.jpg,84.jpg,sushi,.jpg,75.64,626.0,415.0,RGB,JPEG,True,
/content/drive/MyDrive/Calorify/dataset/sushi/76.jpg,76.jpg,sushi,.jpg,33.32,626.0,415.0,RGB,JPEG,True,
/content/drive/MyDrive/Calorify/dataset/sushi/sushi_146.jpg,sushi_146.jpg,sushi,.jpg,53.37,512.0,509.0,RGB,JPEG,True,
/content/drive/MyDrive/Calorify/dataset/sushi/90.jpg,90.jpg,sushi,.jpg,59.79,626.0,417.0,RGB,JPEG,True,
/content/drive/MyDrive/Calorify/dataset/sushi/95.jpg,95.jpg,sushi,.jpg,70.87,417.0,626.0,RGB,JPEG,True,
/content/drive/MyDrive/Calorify/dataset/sushi/88.jpg,88.jpg,sushi,.jpg,53.85,800.0,1199.0,RGB,JPEG,True,
/content/drive/MyDrive/Calorify/dataset/sushi/92.jpg,92.jpg,sushi,.jpg,38.44,417.0,626.0,RGB,JPEG,True,
/content/drive/MyDrive/Calorify/dataset/sushi/sushi_145.jpg,sushi_145.jpg,sushi,.jpg,38.63,512.0,308.0,RGB,JPEG,True,
/content/drive/MyDrive/Calorify/dataset/sushi/9.jpg,9.jpg,sushi,.jpg,410.43,2000.0,1290.0,RGB,JPEG,True,
/content/drive/MyDrive/Calorify/dataset/sushi/83.jpg,83.jpg,sushi,.jpg,111.16,1300.0,927.0,RGB,JPEG,True,
/content/drive/MyDrive/Calorify/dataset/sushi/82.jpg,82.jpg,sushi,.jpg,70.19,626.0,444.0,RGB,JPEG,True,
/content/drive/MyDrive/Calorify/dataset/sushi/sushi_148.jpg,sushi_148.jpg,sushi,.jpg,88.45,360.0,480.0,RGB,JPEG,True,
/content/drive/MyDrive/Calorify/dataset/sushi/78.jpg,78.jpg,sushi,.jpg,62.91,626.0,417.0,RGB,JPEG,True,
/content/drive/MyDrive/Calorify/dataset/sushi/65.jpg,65.jpg,sushi,.jpg,113.98,736.0,876.0,RGB,JPEG,True,
/content/drive/MyDrive/Calorify/dataset/sushi/57.jpg,57.jpg,sushi,.jpg,154.25,1600.0,1157.0,RGB,JPEG,True,
/content/drive/MyDrive/Calorify/dataset/sushi/77.jpg,77.jpg,sushi,.jpg,61.55,417.0,626.0,RGB,JPEG,True,
/content/drive/MyDrive/Calorify/dataset/sushi/sushi_144.jpg,sushi_144.jpg,sushi,.jpg,26.94,512.0,306.0,RGB,JPEG,True,
/content/drive/MyDrive/Calorify/dataset/sushi/75.jpg,75.jpg,sushi,.jpg,65.54,626.0,626.0,RGB,JPEG,True,
/content/drive/MyDrive/Calorify/dataset/sushi/79.jpg,79.jpg,sushi,.jpg,31.04,626.0,417.0,RGB,JPEG,True,
/content/drive/MyDrive/Calorify/dataset/sushi/56.jpg,56.jpg,sushi,.jpg,121.06,736.0,736.0,RGB,JPEG,True,
/content/drive/MyDrive/Calorify/dataset/sushi/6.jpg,6.jpg,sushi,.jpg,469.09,1500.0,1101.0,RGB,JPEG,True,
/content/drive/MyDrive/Calorify/dataset/sushi/81.jpg,81.jpg,sushi,.jpg,42.76,626.0,417.0,RGB,JPEG,True,
/content/drive/MyDrive/Calorify/dataset/sushi/89.jpg,89.jpg,sushi,.jpg,82.11,626.0,470.0,RGB,JPEG,True,
/content/drive/MyDrive/Calorify/dataset/sushi/94.jpg,94.jpg,sushi,.jpg,166.8,866.0,1390.0,RGB,JPEG,True,
/content/drive/MyDrive/Calorify/dataset/sushi/8.jpg,8.jpg,sushi,.jpg,49.72,490.0,612.0,RGB,JPEG,True,
/content/drive/MyDrive/Calorify/dataset/sushi/86.jpg,86.jpg,sushi,.jpg,152.33,626.0,418.0,RGB,JPEG,True,
/content/drive/MyDrive/Calorify/dataset/sushi/sushi_147.jpg,sushi_147.jpg,sushi,.jpg,21.17,480.0,360.0,RGB,JPEG,True,
/content/drive/MyDrive/Calorify/dataset/sushi/97.jpg,97.jpg,sushi,.jpg,48.76,418.0,626.0,RGB,JPEG,True,
/content/drive/MyDrive/Calorify/dataset/sushi/60.jpg,60.jpg,sushi,.jpg,126.92,600.0,600.0,RGB,JPEG,True,
/content/drive/MyDrive/Calorify/dataset/sushi/98.jpg,98.jpg,sushi,.jpg,51.96,626.0,417.0,RGB,JPEG,True,
/content/drive/MyDrive/Calorify/dataset/sushi/93.jpg,93.jpg,sushi,.jpg,129.12,443.0,626.0,RGB,JPEG,True,
/content/drive/MyDrive/Calorify/dataset/sushi/87.jpg,87.jpg,sushi,.jpg,68.63,417.0,626.0,RGB,JPEG,True,
/content/drive/MyDrive/Calorify/dataset/sushi/53.jpg,53.jpg,sushi,.jpg,258.47,1588.0,1588.0,RGB,JPEG,True,
/content/drive/MyDrive/Calorify/dataset/sushi/sushi_151.jpg,sushi_151.jpg,sushi,.jpg,34.69,480.0,360.0,RGB,JPEG,True,
/content/drive/MyDrive/Calorify/dataset/sushi/sushi_152.jpg,sushi_152.jpg,sushi,.jpg,26.82,480.0,360.0,RGB,JPEG,True,
/content/drive/MyDrive/Calorify/dataset/sushi/sushi_166.jpg,sushi_166.jpg,sushi,.jpg,233.57,800.0,600.0,RGB,JPEG,True,
/content/drive/MyDrive/Calorify/dataset/sushi/sushi_188.jpg,sushi_188.jpg,sushi,.jpg,59.38,600.0,360.0,RGB,JPEG,True,
/content/drive/MyDrive/Calorify/dataset/sushi/sushi_189.jpg,sushi_189.jpg,sushi,.jpg,65.07,600.0,399.0,RGB,JPEG,True,
/content/drive/MyDrive/Calorify/dataset/sushi/sushi_159.jpg,sushi_159.jpg,sushi,.jpg,51.81,512.0,512.0,RGB,JPEG,True,
/content/drive/MyDrive/Calorify/dataset/sushi/sushi_182.jpg,sushi_182.jpg,sushi,.jpg,83.71,640.0,480.0,RGB,JPEG,True,
/content/drive/MyDrive/Calorify/dataset/sushi/sushi_184.jpg,sushi_184.jpg,sushi,.jpg,66.71,800.0,450.0,RGB,JPEG,True,
/content/drive/MyDrive/Calorify/dataset/sushi/sushi_164.jpg,sushi_164.jpg,sushi,.jpg,62.12,512.0,512.0,RGB,JPEG,True,
/content/drive/MyDrive/Calorify/dataset/sushi/sushi_162.jpg,sushi_162.jpg,sushi,.jpg,52.87,512.0,512.0,RGB,JPEG,True,
/content/drive/MyDrive/Calorify/dataset/sushi/sushi_167.jpg,sushi_167.jpg,sushi,.jpg,30.75,640.0,384.0,RGB,JPEG,True,
/content/drive/MyDrive/Calorify/dataset/sushi/sushi_186.jpg,sushi_186.jpg,sushi,.jpg,68.61,640.0,480.0,RGB,JPEG,True,
/content/drive/MyDrive/Calorify/dataset/sushi/sushi_156.jpg,sushi_156.jpg,sushi,.jpg,73.55,480.0,360.0,RGB,JPEG,True,
/content/drive/MyDrive/Calorify/dataset/sushi/sushi_157.jpg,sushi_157.jpg,sushi,.jpg,47.5,512.0,512.0,RGB,JPEG,True,
/content/drive/MyDrive/Calorify/dataset/sushi/sushi_165.jpg,sushi_165.jpg,sushi,.jpg,231.5,800.0,600.0,RGB,JPEG,True,
/content/drive/MyDrive/Calorify/dataset/sushi/sushi_185.jpg,sushi_185.jpg,sushi,.jpg,22.7,320.0,240.0,RGB,JPEG,True,
/content/drive/MyDrive/Calorify/dataset/sushi/sushi_171.jpg,sushi_171.jpg,sushi,.jpg,54.79,512.0,381.0,RGB,JPEG,True,
/content/drive/MyDrive/Calorify/dataset/sushi/sushi_178.jpg,sushi_178.jpg,sushi,.jpg,20.89,320.0,240.0,RGB,JPEG,True,
/content/drive/MyDrive/Calorify/dataset/sushi/sushi_170.jpg,sushi_170.jpg,sushi,.jpg,108.47,800.0,600.0,RGB,JPEG,True,
/content/drive/MyDrive/Calorify/dataset/sushi/sushi_191.jpg,sushi_191.jpg,sushi,.jpg,72.41,600.0,358.0,RGB,JPEG,True,
/content/drive/MyDrive/Calorify/dataset/sushi/sushi_168.jpg,sushi_168.jpg,sushi,.jpg,36.66,640.0,320.0,RGB,JPEG,True,
/content/drive/MyDrive/Calorify/dataset/sushi/sushi_154.jpg,sushi_154.jpg,sushi,.jpg,39.74,480.0,360.0,RGB,JPEG,True,
/content/drive/MyDrive/Calorify/dataset/sushi/sushi_176.jpg,sushi_176.jpg,sushi,.jpg,20.94,320.0,240.0,RGB,JPEG,True,
/content/drive/MyDrive/Calorify/dataset/sushi/sushi_172.jpg,sushi_172.jpg,sushi,.jpg,185.83,800.0,600.0,RGB,JPEG,True,
/content/drive/MyDrive/Calorify/dataset/sushi/sushi_190.jpg,sushi_190.jpg,sushi,.jpg,88.0,640.0,480.0,RGB,JPEG,True,
/content/drive/MyDrive/Calorify/dataset/sushi/sushi_173.jpg,sushi_173.jpg,sushi,.jpg,97.96,800.0,480.0,RGB,JPEG,True,
/content/drive/MyDrive/Calorify/dataset/sushi/sushi_183.jpg,sushi_183.jpg,sushi,.jpg,72.37,450.0,800.0,RGB,JPEG,True,
/content/drive/MyDrive/Calorify/dataset/sushi/sushi_149.jpg,sushi_149.jpg,sushi,.jpg,70.08,512.0,384.0,RGB,JPEG,True,
/content/drive/MyDrive/Calorify/dataset/sushi/sushi_163.jpg,sushi_163.jpg,sushi,.jpg,40.97,512.0,512.0,RGB,JPEG,True,
/content/drive/MyDrive/Calorify/dataset/sushi/sushi_160.jpg,sushi_160.jpg,sushi,.jpg,44.33,512.0,512.0,RGB,JPEG,True,
/content/drive/MyDrive/Calorify/dataset/sushi/sushi_181.jpg,sushi_181.jpg,sushi,.jpg,147.09,800.0,600.0,RGB,JPEG,True,
/content/drive/MyDrive/Calorify/dataset/sushi/sushi_155.jpg,sushi_155.jpg,sushi,.jpg,52.78,512.0,384.0,RGB,JPEG,True,
/content/drive/MyDrive/Calorify/dataset/sushi/sushi_174.jpg,sushi_174.jpg,sushi,.jpg,155.36,800.0,600.0,RGB,JPEG,True,
/content/drive/MyDrive/Calorify/dataset/sushi/sushi_150.jpg,sushi_150.jpg,sushi,.jpg,38.56,360.0,480.0,RGB,JPEG,True,
/content/drive/MyDrive/Calorify/dataset/sushi/sushi_187.jpg,sushi_187.jpg,sushi,.jpg,228.63,800.0,600.0,RGB,JPEG,True,
/content/drive/MyDrive/Calorify/dataset/sushi/sushi_179.jpg,sushi_179.jpg,sushi,.jpg,24.88,320.0,240.0,RGB,JPEG,True,
/content/drive/MyDrive/Calorify/dataset/sushi/sushi_175.jpg,sushi_175.jpg,sushi,.jpg,151.63,800.0,600.0,RGB,JPEG,True,
/content/drive/MyDrive/Calorify/dataset/sushi/sushi_153.jpg,sushi_153.jpg,sushi,.jpg,26.67,480.0,360.0,RGB,JPEG,True,
/content/drive/MyDrive/Calorify/dataset/sushi/sushi_161.jpg,sushi_161.jpg,sushi,.jpg,45.68,512.0,512.0,RGB,JPEG,True,
/content/drive/MyDrive/Calorify/dataset/sushi/sushi_169.jpg,sushi_169.jpg,sushi,.jpg,35.83,512.0,384.0,RGB,JPEG,True,
/content/drive/MyDrive/Calorify/dataset/sushi/sushi_158.jpg,sushi_158.jpg,sushi,.jpg,37.42,512.0,384.0,RGB,JPEG,True,
/content/drive/MyDrive/Calorify/dataset/sushi/sushi_192.jpg,sushi_192.jpg,sushi,.jpg,106.54,600.0,450.0,RGB,JPEG,True,
/content/drive/MyDrive/Calorify/dataset/sushi/sushi_177.jpg,sushi_177.jpg,sushi,.jpg,20.0,320.0,240.0,RGB,JPEG,True,
/content/drive/MyDrive/Calorify/dataset/sushi/sushi_233.jpg,sushi_233.jpg,sushi,.jpg,65.29,512.0,512.0,RGB,JPEG,True,
/content/drive/MyDrive/Calorify/dataset/sushi/sushi_230.jpg,sushi_230.jpg,sushi,.jpg,41.46,512.0,512.0,RGB,JPEG,True,
/content/drive/MyDrive/Calorify/dataset/sushi/sushi_226.jpg,sushi_226.jpg,sushi,.jpg,38.58,512.0,512.0,RGB,JPEG,True,
/content/drive/MyDrive/Calorify/dataset/sushi/sushi_234.jpg,sushi_234.jpg,sushi,.jpg,34.75,512.0,384.0,RGB,JPEG,True,
/content/drive/MyDrive/Calorify/dataset/sushi/sushi_209.jpg,sushi_209.jpg,sushi,.jpg,36.96,382.0,512.0,RGB,JPEG,True,
/content/drive/MyDrive/Calorify/dataset/sushi/sushi_224.jpg,sushi_224.jpg,sushi,.jpg,54.52,512.0,512.0,RGB,JPEG,True,
/content/drive/MyDrive/Calorify/dataset/sushi/sushi_206.jpg,sushi_206.jpg,sushi,.jpg,51.79,512.0,512.0,RGB,JPEG,True,
/content/drive/MyDrive/Calorify/dataset/sushi/sushi_194.jpg,sushi_194.jpg,sushi,.jpg,105.99,600.0,450.0,RGB,JPEG,True,
/content/drive/MyDrive/Calorify/dataset/sushi/sushi_228.jpg,sushi_228.jpg,sushi,.jpg,45.86,512.0,512.0,RGB,JPEG,True,
/content/drive/MyDrive/Calorify/dataset/sushi/sushi_229.jpg,sushi_229.jpg,sushi,.jpg,52.69,512.0,512.0,RGB,JPEG,True,
/content/drive/MyDrive/Calorify/dataset/sushi/sushi_218.jpg,sushi_218.jpg,sushi,.jpg,46.51,512.0,382.0,RGB,JPEG,True,
/content/drive/MyDrive/Calorify/dataset/sushi/sushi_201.jpg,sushi_201.jpg,sushi,.jpg,58.9,512.0,512.0,RGB,JPEG,True,
/content/drive/MyDrive/Calorify/dataset/sushi/sushi_221.jpg,sushi_221.jpg,sushi,.jpg,86.32,512.0,339.0,RGB,JPEG,True,
/content/drive/MyDrive/Calorify/dataset/sushi/sushi_227.jpg,sushi_227.jpg,sushi,.jpg,61.32,512.0,512.0,RGB,JPEG,True,
/content/drive/MyDrive/Calorify/dataset/sushi/sushi_212.jpg,sushi_212.jpg,sushi,.jpg,34.54,512.0,384.0,RGB,JPEG,True,
/content/drive/MyDrive/Calorify/dataset/sushi/sushi_199.jpg,sushi_199.jpg,sushi,.jpg,61.9,600.0,450.0,RGB,JPEG,True,
/content/drive/MyDrive/Calorify/dataset/sushi/sushi_223.jpg,sushi_223.jpg,sushi,.jpg,30.73,512.0,512.0,RGB,JPEG,True,
/content/drive/MyDrive/Calorify/dataset/sushi/sushi_214.jpg,sushi_214.jpg,sushi,.jpg,56.95,512.0,512.0,RGB,JPEG,True,
/content/drive/MyDrive/Calorify/dataset/sushi/sushi_205.jpg,sushi_205.jpg,sushi,.jpg,55.21,512.0,512.0,RGB,JPEG,True,
/content/drive/MyDrive/Calorify/dataset/sushi/sushi_193.jpg,sushi_193.jpg,sushi,.jpg,68.54,600.0,448.0,RGB,JPEG,True,
/content/drive/MyDrive/Calorify/dataset/sushi/sushi_196.jpg,sushi_196.jpg,sushi,.jpg,108.13,480.0,640.0,RGB,JPEG,True,
/content/drive/MyDrive/Calorify/dataset/sushi/sushi_225.jpg,sushi_225.jpg,sushi,.jpg,38.42,512.0,512.0,RGB,JPEG,True,
/content/drive/MyDrive/Calorify/dataset/sushi/sushi_198.jpg,sushi_198.jpg,sushi,.jpg,84.95,600.0,450.0,RGB,JPEG,True,
/content/drive/MyDrive/Calorify/dataset/sushi/sushi_203.jpg,sushi_203.jpg,sushi,.jpg,34.29,382.0,512.0,RGB,JPEG,True,
/content/drive/MyDrive/Calorify/dataset/sushi/sushi_220.jpg,sushi_220.jpg,sushi,.jpg,36.97,512.0,382.0,RGB,JPEG,True,
/content/drive/MyDrive/Calorify/dataset/sushi/sushi_204.jpg,sushi_204.jpg,sushi,.jpg,63.54,512.0,384.0,RGB,JPEG,True,
/content/drive/MyDrive/Calorify/dataset/sushi/sushi_202.jpg,sushi_202.jpg,sushi,.jpg,37.18,512.0,512.0,RGB,JPEG,True,
/content/drive/MyDrive/Calorify/dataset/sushi/sushi_200.jpg,sushi_200.jpg,sushi,.jpg,65.0,512.0,512.0,RGB,JPEG,True,
/content/drive/MyDrive/Calorify/dataset/sushi/sushi_217.jpg,sushi_217.jpg,sushi,.jpg,49.81,512.0,512.0,RGB,JPEG,True,
/content/drive/MyDrive/Calorify/dataset/sushi/sushi_219.jpg,sushi_219.jpg,sushi,.jpg,33.55,384.0,512.0,RGB,JPEG,True,
/content/drive/MyDrive/Calorify/dataset/sushi/sushi_216.jpg,sushi_216.jpg,sushi,.jpg,34.92,512.0,384.0,RGB,JPEG,True,
/content/drive/MyDrive/Calorify/dataset/sushi/sushi_211.jpg,sushi_211.jpg,sushi,.jpg,60.68,512.0,512.0,RGB,JPEG,True,
/content/drive/MyDrive/Calorify/dataset/sushi/sushi_222.jpg,sushi_222.jpg,sushi,.jpg,43.23,384.0,512.0,RGB,JPEG,True,
/content/drive/MyDrive/Calorify/dataset/sushi/sushi_231.jpg,sushi_231.jpg,sushi,.jpg,61.12,512.0,512.0,RGB,JPEG,True,
/content/drive/MyDrive/Calorify/dataset/sushi/sushi_215.jpg,sushi_215.jpg,sushi,.jpg,87.3,512.0,340.0,RGB,JPEG,True,
/content/drive/MyDrive/Calorify/dataset/sushi/sushi_197.jpg,sushi_197.jpg,sushi,.jpg,82.19,600.0,450.0,RGB,JPEG,True,
/content/drive/MyDrive/Calorify/dataset/sushi/sushi_208.jpg,sushi_208.jpg,sushi,.jpg,33.0,382.0,512.0,RGB,JPEG,True,
/content/drive/MyDrive/Calorify/dataset/sushi/sushi_207.jpg,sushi_207.jpg,sushi,.jpg,93.44,512.0,306.0,RGB,JPEG,True,
/content/drive/MyDrive/Calorify/dataset/sushi/sushi_195.jpg,sushi_195.jpg,sushi,.jpg,86.62,600.0,450.0,RGB,JPEG,True,
/content/drive/MyDrive/Calorify/dataset/sushi/sushi_213.jpg,sushi_213.jpg,sushi,.jpg,34.49,512.0,382.0,RGB,JPEG,True,
/content/drive/MyDrive/Calorify/dataset/sushi/sushi_210.jpg,sushi_210.jpg,sushi,.jpg,39.16,384.0,512.0,RGB,JPEG,True,
/content/drive/MyDrive/Calorify/dataset/sushi/sushi_232.jpg,sushi_232.jpg,sushi,.jpg,45.14,512.0,382.0,RGB,JPEG,True,
/content/drive/MyDrive/Calorify/dataset/sushi/sushi_250.jpg,sushi_250.jpg,sushi,.jpg,11.37,210.0,158.0,RGB,JPEG,True,
/content/drive/MyDrive/Calorify/dataset/sushi/sushi_252.jpg,sushi_252.jpg,sushi,.jpg,54.61,640.0,480.0,RGB,JPEG,True,
/content/drive/MyDrive/Calorify/dataset/sushi/sushi_248.jpg,sushi_248.jpg,sushi,.jpg,22.27,320.0,240.0,RGB,JPEG,True,
/content/drive/MyDrive/Calorify/dataset/sushi/sushi_258.jpg,sushi_258.jpg,sushi,.jpg,13.15,204.0,137.0,RGB,JPEG,True,
/content/drive/MyDrive/Calorify/dataset/sushi/sushi_241.jpg,sushi_241.jpg,sushi,.jpg,23.06,294.0,222.0,RGB,JPEG,True,
/content/drive/MyDrive/Calorify/dataset/sushi/sushi_242.jpg,sushi_242.jpg,sushi,.jpg,16.28,300.0,207.0,RGB,JPEG,True,
/content/drive/MyDrive/Calorify/dataset/sushi/sushi_271.jpg,sushi_271.jpg,sushi,.jpg,4.97,180.0,127.0,RGB,JPEG,True,
/content/drive/MyDrive/Calorify/dataset/sushi/sushi_272.jpg,sushi_272.jpg,sushi,.jpg,54.61,593.0,362.0,RGB,JPEG,True,
/content/drive/MyDrive/Calorify/dataset/sushi/sushi_273.jpg,sushi_273.jpg,sushi,.jpg,28.5,320.0,240.0,RGB,JPEG,True,
/content/drive/MyDrive/Calorify/dataset/sushi/sushi_235.jpg,sushi_235.jpg,sushi,.jpg,25.62,512.0,384.0,RGB,JPEG,True,
/content/drive/MyDrive/Calorify/dataset/sushi/sushi_268.jpg,sushi_268.jpg,sushi,.jpg,13.49,180.0,140.0,RGB,JPEG,True,
/content/drive/MyDrive/Calorify/dataset/sushi/sushi_255.jpg,sushi_255.jpg,sushi,.jpg,11.61,205.0,136.0,RGB,JPEG,True,
/content/drive/MyDrive/Calorify/dataset/sushi/sushi_269.jpg,sushi_269.jpg,sushi,.jpg,27.64,300.0,234.0,RGB,JPEG,True,
/content/drive/MyDrive/Calorify/dataset/sushi/sushi_244.jpg,sushi_244.jpg,sushi,.jpg,22.46,256.0,291.0,RGB,JPEG,True,
/content/drive/MyDrive/Calorify/dataset/sushi/sushi_265.jpg,sushi_265.jpg,sushi,.jpg,22.75,350.0,260.0,RGB,JPEG,True,
/content/drive/MyDrive/Calorify/dataset/sushi/sushi_239.jpg,sushi_239.jpg,sushi,.jpg,11.21,217.0,143.0,RGB,JPEG,True,
/content/drive/MyDrive/Calorify/dataset/sushi/sushi_266.jpg,sushi_266.jpg,sushi,.jpg,13.1,205.0,136.0,RGB,JPEG,True,
/content/drive/MyDrive/Calorify/dataset/sushi/sushi_238.jpg,sushi_238.jpg,sushi,.jpg,16.69,326.0,217.0,RGB,JPEG,True,
/content/drive/MyDrive/Calorify/dataset/sushi/sushi_247.jpg,sushi_247.jpg,sushi,.jpg,12.01,180.0,127.0,RGB,JPEG,True,
/content/drive/MyDrive/Calorify/dataset/sushi/sushi_251.jpg,sushi_251.jpg,sushi,.jpg,14.16,180.0,140.0,RGB,JPEG,True,
/content/drive/MyDrive/Calorify/dataset/sushi/sushi_236.jpg,sushi_236.jpg,sushi,.jpg,51.25,512.0,512.0,RGB,JPEG,True,
/content/drive/MyDrive/Calorify/dataset/sushi/sushi_237.jpg,sushi_237.jpg,sushi,.jpg,40.25,530.0,260.0,RGB,JPEG,True,
/content/drive/MyDrive/Calorify/dataset/sushi/sushi_260.jpg,sushi_260.jpg,sushi,.jpg,80.52,540.0,241.0,RGB,JPEG,True,
/content/drive/MyDrive/Calorify/dataset/sushi/sushi_264.jpg,sushi_264.jpg,sushi,.jpg,76.46,298.0,218.0,RGB,JPEG,True,
/content/drive/MyDrive/Calorify/dataset/sushi/sushi_275.jpg,sushi_275.jpg,sushi,.jpg,32.51,135.0,135.0,RGB,JPEG,True,
/content/drive/MyDrive/Calorify/dataset/sushi/sushi_246.jpg,sushi_246.jpg,sushi,.jpg,27.79,240.0,200.0,RGB,JPEG,True,
/content/drive/MyDrive/Calorify/dataset/sushi/sushi_256.jpg,sushi_256.jpg,sushi,.jpg,9.94,190.0,130.0,RGB,JPEG,True,
/content/drive/MyDrive/Calorify/dataset/sushi/sushi_249.jpg,sushi_249.jpg,sushi,.jpg,5.14,200.0,122.0,RGB,JPEG,True,
/content/drive/MyDrive/Calorify/dataset/sushi/sushi_267.jpg,sushi_267.jpg,sushi,.jpg,103.36,370.0,238.0,RGB,JPEG,True,
/content/drive/MyDrive/Calorify/dataset/sushi/sushi_259.jpg,sushi_259.jpg,sushi,.jpg,17.43,217.0,143.0,RGB,JPEG,True,
/content/drive/MyDrive/Calorify/dataset/sushi/sushi_261.jpg,sushi_261.jpg,sushi,.jpg,85.83,512.0,512.0,RGB,JPEG,True,
/content/drive/MyDrive/Calorify/dataset/sushi/sushi_263.jpg,sushi_263.jpg,sushi,.jpg,14.23,200.0,150.0,RGB,JPEG,True,
/content/drive/MyDrive/Calorify/dataset/sushi/sushi_240.jpg,sushi_240.jpg,sushi,.jpg,21.33,189.0,142.0,RGB,JPEG,True,
/content/drive/MyDrive/Calorify/dataset/sushi/sushi_243.jpg,sushi_243.jpg,sushi,.jpg,14.42,204.0,136.0,RGB,JPEG,True,
/content/drive/MyDrive/Calorify/dataset/sushi/sushi_254.jpg,sushi_254.jpg,sushi,.jpg,23.03,218.0,134.0,RGB,JPEG,True,
/content/drive/MyDrive/Calorify/dataset/sushi/sushi_253.jpg,sushi_253.jpg,sushi,.jpg,13.65,298.0,223.0,RGB,JPEG,True,
/content/drive/MyDrive/Calorify/dataset/sushi/sushi_270.jpg,sushi_270.jpg,sushi,.jpg,59.21,730.0,200.0,RGB,JPEG,True,
/content/drive/MyDrive/Calorify/dataset/sushi/sushi_262.jpg,sushi_262.jpg,sushi,.jpg,15.04,260.0,181.0,RGB,JPEG,True,
/content/drive/MyDrive/Calorify/dataset/sushi/sushi_276.jpg,sushi_276.jpg,sushi,.jpg,11.92,164.0,124.0,RGB,JPEG,True,
/content/drive/MyDrive/Calorify/dataset/sushi/sushi_245.jpg,sushi_245.jpg,sushi,.jpg,29.19,400.0,300.0,RGB,JPEG,True,
/content/drive/MyDrive/Calorify/dataset/sushi/sushi_257.jpg,sushi_257.jpg,sushi,.jpg,20.65,260.0,165.0,RGB,JPEG,True,
/content/drive/MyDrive/Calorify/dataset/sushi/sushi_274.jpg,sushi_274.jpg,sushi,.jpg,8.75,250.0,160.0,RGB,JPEG,True,
/content/drive/MyDrive/Calorify/dataset/sushi/sushi_313.jpg,sushi_313.jpg,sushi,.jpg,61.67,400.0,300.0,RGB,JPEG,True,
/content/drive/MyDrive/Calorify/dataset/sushi/sushi_281.jpg,sushi_281.jpg,sushi,.jpg,12.93,220.0,185.0,RGB,JPEG,True,
/content/drive/MyDrive/Calorify/dataset/sushi/sushi_306.jpg,sushi_306.jpg,sushi,.jpg,14.63,400.0,300.0,RGB,JPEG,True,
/content/drive/MyDrive/Calorify/dataset/sushi/sushi_284.jpg,sushi_284.jpg,sushi,.jpg,21.46,406.0,259.0,RGB,JPEG,True,
/content/drive/MyDrive/Calorify/dataset/sushi/sushi_303.jpg,sushi_303.jpg,sushi,.jpg,41.0,230.0,145.0,RGB,JPEG,True,
/content/drive/MyDrive/Calorify/dataset/sushi/sushi_315.jpg,sushi_315.jpg,sushi,.jpg,6.6,270.0,180.0,RGB,JPEG,True,
/content/drive/MyDrive/Calorify/dataset/sushi/sushi_290.jpg,sushi_290.jpg,sushi,.jpg,13.69,400.0,263.0,RGB,JPEG,True,
/content/drive/MyDrive/Calorify/dataset/sushi/sushi_298.jpg,sushi_298.jpg,sushi,.jpg,47.82,400.0,300.0,RGB,JPEG,True,
/content/drive/MyDrive/Calorify/dataset/sushi/sushi_296.jpg,sushi_296.jpg,sushi,.jpg,7.17,175.0,131.0,RGB,JPEG,True,
/content/drive/MyDrive/Calorify/dataset/sushi/sushi_282.jpg,sushi_282.jpg,sushi,.jpg,20.57,600.0,385.0,RGB,JPEG,True,
/content/drive/MyDrive/Calorify/dataset/sushi/sushi_311.jpg,sushi_311.jpg,sushi,.jpg,29.4,258.0,402.0,RGB,JPEG,True,
/content/drive/MyDrive/Calorify/dataset/sushi/sushi_289.jpg,sushi_289.jpg,sushi,.jpg,111.31,640.0,480.0,RGB,JPEG,True,
/content/drive/MyDrive/Calorify/dataset/sushi/sushi_292.jpg,sushi_292.jpg,sushi,.jpg,11.01,200.0,150.0,RGB,JPEG,True,
/content/drive/MyDrive/Calorify/dataset/sushi/sushi_279.jpg,sushi_279.jpg,sushi,.jpg,17.13,217.0,143.0,RGB,JPEG,True,
/content/drive/MyDrive/Calorify/dataset/sushi/sushi_294.jpg,sushi_294.jpg,sushi,.jpg,15.84,237.0,179.0,RGB,JPEG,True,
/content/drive/MyDrive/Calorify/dataset/sushi/sushi_285.jpg,sushi_285.jpg,sushi,.jpg,25.85,207.0,137.0,RGB,JPEG,True,
/content/drive/MyDrive/Calorify/dataset/sushi/sushi_277.jpg,sushi_277.jpg,sushi,.jpg,12.47,164.0,124.0,RGB,JPEG,True,
/content/drive/MyDrive/Calorify/dataset/sushi/sushi_308.jpg,sushi_308.jpg,sushi,.jpg,18.04,205.0,155.0,RGB,JPEG,True,
/content/drive/MyDrive/Calorify/dataset/sushi/sushi_287.jpg,sushi_287.jpg,sushi,.jpg,7.19,200.0,133.0,RGB,JPEG,True,
/content/drive/MyDrive/Calorify/dataset/sushi/sushi_310.jpg,sushi_310.jpg,sushi,.jpg,96.6,500.0,375.0,RGB,JPEG,True,
/content/drive/MyDrive/Calorify/dataset/sushi/sushi_309.jpg,sushi_309.jpg,sushi,.jpg,144.08,600.0,450.0,RGB,JPEG,True,
/content/drive/MyDrive/Calorify/dataset/sushi/sushi_300.jpg,sushi_300.jpg,sushi,.jpg,14.46,300.0,225.0,RGB,JPEG,True,
/content/drive/MyDrive/Calorify/dataset/sushi/sushi_291.jpg,sushi_291.jpg,sushi,.jpg,20.48,250.0,200.0,RGB,JPEG,True,
/content/drive/MyDrive/Calorify/dataset/sushi/sushi_305.jpg,sushi_305.jpg,sushi,.jpg,15.45,200.0,133.0,RGB,JPEG,True,
/content/drive/MyDrive/Calorify/dataset/sushi/sushi_304.jpg,sushi_304.jpg,sushi,.jpg,103.45,300.0,300.0,RGB,JPEG,True,
/content/drive/MyDrive/Calorify/dataset/sushi/sushi_278.jpg,sushi_278.jpg,sushi,.jpg,85.78,600.0,450.0,RGB,JPEG,True,
/content/drive/MyDrive/Calorify/dataset/sushi/sushi_283.jpg,sushi_283.jpg,sushi,.jpg,6.76,163.0,132.0,RGB,JPEG,True,
/content/drive/MyDrive/Calorify/dataset/sushi/sushi_307.jpg,sushi_307.jpg,sushi,.jpg,27.93,230.0,145.0,RGB,JPEG,True,
/content/drive/MyDrive/Calorify/dataset/sushi/sushi_299.jpg,sushi_299.jpg,sushi,.jpg,14.3,200.0,150.0,RGB,JPEG,True,
/content/drive/MyDrive/Calorify/dataset/sushi/sushi_314.jpg,sushi_314.jpg,sushi,.jpg,102.34,278.0,215.0,RGB,JPEG,True,
/content/drive/MyDrive/Calorify/dataset/sushi/sushi_288.jpg,sushi_288.jpg,sushi,.jpg,13.42,240.0,180.0,RGB,JPEG,True,
/content/drive/MyDrive/Calorify/dataset/sushi/sushi_302.jpg,sushi_302.jpg,sushi,.jpg,24.33,320.0,304.0,RGB,JPEG,True,
/content/drive/MyDrive/Calorify/dataset/sushi/sushi_280.jpg,sushi_280.jpg,sushi,.jpg,11.36,220.0,172.0,RGB,JPEG,True,
/content/drive/MyDrive/Calorify/dataset/sushi/sushi_301.jpg,sushi_301.jpg,sushi,.jpg,10.31,270.0,180.0,RGB,JPEG,True,
/content/drive/MyDrive/Calorify/dataset/sushi/sushi_293.jpg,sushi_293.jpg,sushi,.jpg,9.96,200.0,150.0,RGB,JPEG,True,
/content/drive/MyDrive/Calorify/dataset/sushi/sushi_295.jpg,sushi_295.jpg,sushi,.jpg,6.73,175.0,121.0,RGB,JPEG,True,
/content/drive/MyDrive/Calorify/dataset/sushi/sushi_312.jpg,sushi_312.jpg,sushi,.jpg,56.38,400.0,300.0,RGB,JPEG,True,
/content/drive/MyDrive/Calorify/dataset/sushi/sushi_297.jpg,sushi_297.jpg,sushi,.jpg,9.85,267.0,175.0,RGB,JPEG,True,
/content/drive/MyDrive/Calorify/dataset/sushi/sushi_286.jpg,sushi_286.jpg,sushi,.jpg,15.28,200.0,204.0,RGB,JPEG,True,
/content/drive/MyDrive/Calorify/dataset/sushi/sushi_323.jpg,sushi_323.jpg,sushi,.jpg,11.0,270.0,180.0,RGB,JPEG,True,
/content/drive/MyDrive/Calorify/dataset/sushi/sushi_338.jpg,sushi_338.jpg,sushi,.jpg,11.52,180.0,166.0,RGB,JPEG,True,
/content/drive/MyDrive/Calorify/dataset/sushi/sushi_340.jpg,sushi_340.jpg,sushi,.jpg,32.8,384.0,512.0,RGB,JPEG,True,
/content/drive/MyDrive/Calorify/dataset/sushi/sushi_352.jpg,sushi_352.jpg,sushi,.jpg,27.42,480.0,360.0,RGB,JPEG,True,
/content/drive/MyDrive/Calorify/dataset/sushi/sushi_326.jpg,sushi_326.jpg,sushi,.jpg,8.37,300.0,221.0,RGB,JPEG,True,
/content/drive/MyDrive/Calorify/dataset/sushi/sushi_343.jpg,sushi_343.jpg,sushi,.jpg,23.97,384.0,512.0,RGB,JPEG,True,
/content/drive/MyDrive/Calorify/dataset/sushi/sushi_344.jpg,sushi_344.jpg,sushi,.jpg,32.69,512.0,306.0,RGB,JPEG,True,
/content/drive/MyDrive/Calorify/dataset/sushi/sushi_351.jpg,sushi_351.jpg,sushi,.jpg,23.48,267.0,480.0,RGB,JPEG,True,
/content/drive/MyDrive/Calorify/dataset/sushi/sushi_327.jpg,sushi_327.jpg,sushi,.jpg,8.1,300.0,202.0,RGB,JPEG,True,
/content/drive/MyDrive/Calorify/dataset/sushi/sushi_320.jpg,sushi_320.jpg,sushi,.jpg,239.75,449.0,337.0,RGB,JPEG,True,
/content/drive/MyDrive/Calorify/dataset/sushi/sushi_331.jpg,sushi_331.jpg,sushi,.jpg,44.05,384.0,512.0,RGB,JPEG,True,
/content/drive/MyDrive/Calorify/dataset/sushi/sushi_335.jpg,sushi_335.jpg,sushi,.jpg,10.69,260.0,170.0,RGB,JPEG,True,
/content/drive/MyDrive/Calorify/dataset/sushi/sushi_317.jpg,sushi_317.jpg,sushi,.jpg,14.77,260.0,183.0,RGB,JPEG,True,
/content/drive/MyDrive/Calorify/dataset/sushi/sushi_333.jpg,sushi_333.jpg,sushi,.jpg,14.06,260.0,170.0,RGB,JPEG,True,
/content/drive/MyDrive/Calorify/dataset/sushi/sushi_342.jpg,sushi_342.jpg,sushi,.jpg,29.74,384.0,512.0,RGB,JPEG,True,
/content/drive/MyDrive/Calorify/dataset/sushi/sushi_354.jpg,sushi_354.jpg,sushi,.jpg,29.18,480.0,360.0,RGB,JPEG,True,
/content/drive/MyDrive/Calorify/dataset/sushi/sushi_324.jpg,sushi_324.jpg,sushi,.jpg,148.42,778.0,180.0,RGB,JPEG,True,
/content/drive/MyDrive/Calorify/dataset/sushi/sushi_337.jpg,sushi_337.jpg,sushi,.jpg,17.03,320.0,240.0,RGB,JPEG,True,
/content/drive/MyDrive/Calorify/dataset/sushi/sushi_347.jpg,sushi_347.jpg,sushi,.jpg,45.29,480.0,360.0,RGB,JPEG,True,
/content/drive/MyDrive/Calorify/dataset/sushi/sushi_329.jpg,sushi_329.jpg,sushi,.jpg,8.37,300.0,198.0,RGB,JPEG,True,
/content/drive/MyDrive/Calorify/dataset/sushi/sushi_349.jpg,sushi_349.jpg,sushi,.jpg,38.74,480.0,360.0,RGB,JPEG,True,
/content/drive/MyDrive/Calorify/dataset/sushi/sushi_330.jpg,sushi_330.jpg,sushi,.jpg,8.78,300.0,199.0,RGB,JPEG,True,
/content/drive/MyDrive/Calorify/dataset/sushi/sushi_321.jpg,sushi_321.jpg,sushi,.jpg,32.27,320.0,240.0,RGB,JPEG,True,
/content/drive/MyDrive/Calorify/dataset/sushi/sushi_328.jpg,sushi_328.jpg,sushi,.jpg,13.21,300.0,212.0,RGB,JPEG,True,
/content/drive/MyDrive/Calorify/dataset/sushi/sushi_336.jpg,sushi_336.jpg,sushi,.jpg,51.22,400.0,300.0,RGB,JPEG,True,
/content/drive/MyDrive/Calorify/dataset/sushi/sushi_332.jpg,sushi_332.jpg,sushi,.jpg,9.04,300.0,172.0,RGB,JPEG,True,
/content/drive/MyDrive/Calorify/dataset/sushi/sushi_325.jpg,sushi_325.jpg,sushi,.jpg,9.57,288.0,200.0,RGB,JPEG,True,
/content/drive/MyDrive/Calorify/dataset/sushi/sushi_318.jpg,sushi_318.jpg,sushi,.jpg,7.04,200.0,150.0,RGB,JPEG,True,
/content/drive/MyDrive/Calorify/dataset/sushi/sushi_316.jpg,sushi_316.jpg,sushi,.jpg,17.6,160.0,120.0,RGB,JPEG,True,
/content/drive/MyDrive/Calorify/dataset/sushi/sushi_346.jpg,sushi_346.jpg,sushi,.jpg,21.04,240.0,320.0,RGB,JPEG,True,
/content/drive/MyDrive/Calorify/dataset/sushi/sushi_341.jpg,sushi_341.jpg,sushi,.jpg,52.93,512.0,384.0,RGB,JPEG,True,
/content/drive/MyDrive/Calorify/dataset/sushi/sushi_356.jpg,sushi_356.jpg,sushi,.jpg,29.56,267.0,480.0,RGB,JPEG,True,
/content/drive/MyDrive/Calorify/dataset/sushi/sushi_339.jpg,sushi_339.jpg,sushi,.jpg,48.93,512.0,512.0,RGB,JPEG,True,
/content/drive/MyDrive/Calorify/dataset/sushi/sushi_334.jpg,sushi_334.jpg,sushi,.jpg,12.5,260.0,158.0,RGB,JPEG,True,
/content/drive/MyDrive/Calorify/dataset/sushi/sushi_319.jpg,sushi_319.jpg,sushi,.jpg,19.57,240.0,130.0,RGB,JPEG,True,
/content/drive/MyDrive/Calorify/dataset/sushi/sushi_355.jpg,sushi_355.jpg,sushi,.jpg,52.09,480.0,360.0,RGB,JPEG,True,
/content/drive/MyDrive/Calorify/dataset/sushi/444.jpg,444.jpg,sushi,.jpg,45.14,800.0,533.0,RGB,JPEG,True,
/content/drive/MyDrive/Calorify/dataset/sushi/445.jpg,445.jpg,sushi,.jpg,90.85,844.0,1500.0,RGB,JPEG,True,
/content/drive/MyDrive/Calorify/dataset/sushi/446.jpg,446.jpg,sushi,.jpg,164.33,975.0,1390.0,RGB,JPEG,True,
/content/drive/MyDrive/Calorify/dataset/sushi/447.jpg,447.jpg,sushi,.jpg,88.97,1300.0,956.0,RGB,JPEG,True,
/content/drive/MyDrive/Calorify/dataset/sushi/448.jpg,448.jpg,sushi,.jpg,68.47,1125.0,750.0,RGB,JPEG,True,
/content/drive/MyDrive/Calorify/dataset/sushi/450.jpg,450.jpg,sushi,.jpg,922.7,2500.0,3757.0,RGB,WEBP,True,
/content/drive/MyDrive/Calorify/dataset/sushi/452.jpg,452.jpg,sushi,.jpg,73.98,626.0,626.0,RGB,JPEG,True,
/content/drive/MyDrive/Calorify/dataset/sushi/453.jpg,453.jpg,sushi,.jpg,373.31,2000.0,1125.0,RGB,JPEG,True,
/content/drive/MyDrive/Calorify/dataset/sushi/454.jpg,454.jpg,sushi,.jpg,65.82,626.0,626.0,RGB,JPEG,True,
/content/drive/MyDrive/Calorify/dataset/sushi/455.jpg,455.jpg,sushi,.jpg,429.26,1400.0,933.0,RGB,JPEG,True,
/content/drive/MyDrive/Calorify/dataset/sushi/456.jpg,456.jpg,sushi,.jpg,764.8,1400.0,2100.0,RGB,JPEG,True,
/content/drive/MyDrive/Calorify/dataset/sushi/457.jpg,457.jpg,sushi,.jpg,289.05,1500.0,1101.0,RGB,JPEG,True,
/content/drive/MyDrive/Calorify/dataset/sushi/458.jpg,458.jpg,sushi,.jpg,333.12,1400.0,1750.0,RGB,JPEG,True,
/content/drive/MyDrive/Calorify/dataset/sushi/459.jpg,459.jpg,sushi,.jpg,483.63,2500.0,1663.0,RGB,JPEG,True,
/content/drive/MyDrive/Calorify/dataset/sushi/460.jpg,460.jpg,sushi,.jpg,29.21,736.0,1308.0,RGB,JPEG,True,
/content/drive/MyDrive/Calorify/dataset/sushi/461.jpg,461.jpg,sushi,.jpg,433.65,1400.0,933.0,RGB,JPEG,True,
/content/drive/MyDrive/Calorify/dataset/sushi/462.jpg,462.jpg,sushi,.jpg,655.07,1400.0,1866.0,RGB,JPEG,True,
/content/drive/MyDrive/Calorify/dataset/sushi/463.jpg,463.jpg,sushi,.jpg,59.49,626.0,351.0,RGB,JPEG,True,
/content/drive/MyDrive/Calorify/dataset/sushi/464.jpg,464.jpg,sushi,.jpg,645.63,1400.0,1661.0,RGB,JPEG,True,
/content/drive/MyDrive/Calorify/dataset/sushi/465.jpg,465.jpg,sushi,.jpg,694.86,1920.0,1920.0,RGB,JPEG,True,
/content/drive/MyDrive/Calorify/dataset/sushi/466.jpg,466.jpg,sushi,.jpg,92.0,626.0,626.0,RGB,JPEG,True,
/content/drive/MyDrive/Calorify/dataset/sushi/467.jpg,467.jpg,sushi,.jpg,1473.18,3255.0,4890.0,RGB,JPEG,True,
/content/drive/MyDrive/Calorify/dataset/sushi/470.jpg,470.jpg,sushi,.jpg,363.52,5123.0,3415.0,RGB,JPEG,True,
/content/drive/MyDrive/Calorify/dataset/sushi/469.jpg,469.jpg,sushi,.jpg,91.91,626.0,626.0,RGB,JPEG,True,
/content/drive/MyDrive/Calorify/dataset/sushi/471.jpg,471.jpg,sushi,.jpg,58.68,626.0,471.0,RGB,JPEG,True,
/content/drive/MyDrive/Calorify/dataset/sushi/472.jpg,472.jpg,sushi,.jpg,65.83,626.0,626.0,RGB,JPEG,True,
/content/drive/MyDrive/Calorify/dataset/sushi/473.jpg,473.jpg,sushi,.jpg,76.34,736.0,920.0,RGB,JPEG,True,
/content/drive/MyDrive/Calorify/dataset/steak/steak_464.jpg,steak_464.jpg,steak,.jpg,47.08,512.0,384.0,RGB,JPEG,True,
/content/drive/MyDrive/Calorify/dataset/steak/steak_441.jpg,steak_441.jpg,steak,.jpg,88.45,512.0,384.0,RGB,JPEG,True,
/content/drive/MyDrive/Calorify/dataset/steak/steak_437.jpg,steak_437.jpg,steak,.jpg,23.87,512.0,288.0,RGB,JPEG,True,
/content/drive/MyDrive/Calorify/dataset/steak/steak_462.jpg,steak_462.jpg,steak,.jpg,48.53,512.0,342.0,RGB,JPEG,True,
/content/drive/MyDrive/Calorify/dataset/steak/steak_450.jpg,steak_450.jpg,steak,.jpg,41.37,512.0,384.0,RGB,JPEG,True,
/content/drive/MyDrive/Calorify/dataset/steak/steak_457.jpg,steak_457.jpg,steak,.jpg,48.11,512.0,382.0,RGB,JPEG,True,
/content/drive/MyDrive/Calorify/dataset/steak/steak_467.jpg,steak_467.jpg,steak,.jpg,80.99,512.0,384.0,RGB,JPEG,True,
/content/drive/MyDrive/Calorify/dataset/steak/steak_442.jpg,steak_442.jpg,steak,.jpg,64.62,512.0,512.0,RGB,JPEG,True,
/content/drive/MyDrive/Calorify/dataset/steak/steak_448.jpg,steak_448.jpg,steak,.jpg,45.44,382.0,512.0,RGB,JPEG,True,
/content/drive/MyDrive/Calorify/dataset/steak/steak_466.jpg,steak_466.jpg,steak,.jpg,72.81,512.0,384.0,RGB,JPEG,True,
/content/drive/MyDrive/Calorify/dataset/steak/steak_451.jpg,steak_451.jpg,steak,.jpg,38.12,512.0,512.0,RGB,JPEG,True,
/content/drive/MyDrive/Calorify/dataset/steak/steak_453.jpg,steak_453.jpg,steak,.jpg,45.72,512.0,382.0,RGB,JPEG,True,
/content/drive/MyDrive/Calorify/dataset/steak/steak_436.jpg,steak_436.jpg,steak,.jpg,39.17,512.0,512.0,RGB,JPEG,True,
/content/drive/MyDrive/Calorify/dataset/steak/steak_469.jpg,steak_469.jpg,steak,.jpg,50.58,512.0,512.0,RGB,JPEG,True,
/content/drive/MyDrive/Calorify/dataset/steak/steak_458.jpg,steak_458.jpg,steak,.jpg,44.14,512.0,512.0,RGB,JPEG,True,
/content/drive/MyDrive/Calorify/dataset/steak/steak_439.jpg,steak_439.jpg,steak,.jpg,49.52,512.0,512.0,RGB,JPEG,True,
/content/drive/MyDrive/Calorify/dataset/steak/steak_459.jpg,steak_459.jpg,steak,.jpg,54.8,512.0,512.0,RGB,JPEG,True,
/content/drive/MyDrive/Calorify/dataset/steak/steak_454.jpg,steak_454.jpg,steak,.jpg,75.27,512.0,512.0,RGB,JPEG,True,
/content/drive/MyDrive/Calorify/dataset/steak/steak_445.jpg,steak_445.jpg,steak,.jpg,36.93,512.0,383.0,RGB,JPEG,True,
/content/drive/MyDrive/Calorify/dataset/steak/steak_452.jpg,steak_452.jpg,steak,.jpg,53.8,384.0,512.0,RGB,JPEG,True,
/content/drive/MyDrive/Calorify/dataset/steak/steak_465.jpg,steak_465.jpg,steak,.jpg,48.65,512.0,512.0,RGB,JPEG,True,
/content/drive/MyDrive/Calorify/dataset/steak/steak_461.jpg,steak_461.jpg,steak,.jpg,29.55,512.0,342.0,RGB,JPEG,True,
/content/drive/MyDrive/Calorify/dataset/steak/steak_438.jpg,steak_438.jpg,steak,.jpg,53.19,512.0,512.0,RGB,JPEG,True,
/content/drive/MyDrive/Calorify/dataset/steak/steak_460.jpg,steak_460.jpg,steak,.jpg,59.37,512.0,512.0,RGB,JPEG,True,
/content/drive/MyDrive/Calorify/dataset/steak/steak_511.jpg,steak_511.jpg,steak,.jpg,55.46,512.0,512.0,RGB,JPEG,True,
/content/drive/MyDrive/Calorify/dataset/steak/steak_484.jpg,steak_484.jpg,steak,.jpg,42.5,512.0,384.0,RGB,JPEG,True,
/content/drive/MyDrive/Calorify/dataset/steak/steak_503.jpg,steak_503.jpg,steak,.jpg,39.98,384.0,512.0,RGB,JPEG,True,
/content/drive/MyDrive/Calorify/dataset/steak/steak_487.jpg,steak_487.jpg,steak,.jpg,42.67,382.0,512.0,RGB,JPEG,True,
/content/drive/MyDrive/Calorify/dataset/steak/steak_478.jpg,steak_478.jpg,steak,.jpg,60.07,512.0,512.0,RGB,JPEG,True,
/content/drive/MyDrive/Calorify/dataset/steak/steak_498.jpg,steak_498.jpg,steak,.jpg,43.84,512.0,384.0,RGB,JPEG,True,
/content/drive/MyDrive/Calorify/dataset/steak/steak_500.jpg,steak_500.jpg,steak,.jpg,50.83,512.0,512.0,RGB,JPEG,True,
/content/drive/MyDrive/Calorify/dataset/steak/steak_495.jpg,steak_495.jpg,steak,.jpg,72.77,512.0,512.0,RGB,JPEG,True,
/content/drive/MyDrive/Calorify/dataset/steak/steak_493.jpg,steak_493.jpg,steak,.jpg,36.4,512.0,382.0,RGB,JPEG,True,
/content/drive/MyDrive/Calorify/dataset/steak/steak_480.jpg,steak_480.jpg,steak,.jpg,62.72,512.0,512.0,RGB,JPEG,True,
/content/drive/MyDrive/Calorify/dataset/steak/steak_502.jpg,steak_502.jpg,steak,.jpg,53.28,512.0,384.0,RGB,JPEG,True,
/content/drive/MyDrive/Calorify/dataset/steak/steak_483.jpg,steak_483.jpg,steak,.jpg,65.06,512.0,512.0,RGB,JPEG,True,
/content/drive/MyDrive/Calorify/dataset/steak/steak_504.jpg,steak_504.jpg,steak,.jpg,74.03,512.0,384.0,RGB,JPEG,True,
/content/drive/MyDrive/Calorify/dataset/steak/steak_489.jpg,steak_489.jpg,steak,.jpg,61.91,512.0,512.0,RGB,JPEG,True,
/content/drive/MyDrive/Calorify/dataset/steak/steak_482.jpg,steak_482.jpg,steak,.jpg,47.57,506.0,512.0,RGB,JPEG,True,
/content/drive/MyDrive/Calorify/dataset/steak/steak_497.jpg,steak_497.jpg,steak,.jpg,39.25,512.0,384.0,RGB,JPEG,True,
/content/drive/MyDrive/Calorify/dataset/steak/steak_499.jpg,steak_499.jpg,steak,.jpg,53.63,512.0,512.0,RGB,JPEG,True,
/content/drive/MyDrive/Calorify/dataset/steak/steak_491.jpg,steak_491.jpg,steak,.jpg,55.19,512.0,384.0,RGB,JPEG,True,
/content/drive/MyDrive/Calorify/dataset/steak/steak_476.jpg,steak_476.jpg,steak,.jpg,49.1,512.0,512.0,RGB,JPEG,True,
/content/drive/MyDrive/Calorify/dataset/steak/steak_492.jpg,steak_492.jpg,steak,.jpg,96.4,512.0,384.0,RGB,JPEG,True,
/content/drive/MyDrive/Calorify/dataset/steak/steak_508.jpg,steak_508.jpg,steak,.jpg,39.26,384.0,512.0,RGB,JPEG,True,
/content/drive/MyDrive/Calorify/dataset/steak/steak_479.jpg,steak_479.jpg,steak,.jpg,40.47,384.0,512.0,RGB,JPEG,True,
/content/drive/MyDrive/Calorify/dataset/steak/steak_510.jpg,steak_510.jpg,steak,.jpg,27.4,512.0,343.0,RGB,JPEG,True,
/content/drive/MyDrive/Calorify/dataset/steak/steak_481.jpg,steak_481.jpg,steak,.jpg,64.76,512.0,512.0,RGB,JPEG,True,
/content/drive/MyDrive/Calorify/dataset/steak/steak_490.jpg,steak_490.jpg,steak,.jpg,45.65,512.0,512.0,RGB,JPEG,True,
/content/drive/MyDrive/Calorify/dataset/steak/steak_501.jpg,steak_501.jpg,steak,.jpg,60.63,512.0,382.0,RGB,JPEG,True,
/content/drive/MyDrive/Calorify/dataset/steak/steak_505.jpg,steak_505.jpg,steak,.jpg,39.18,512.0,512.0,RGB,JPEG,True,
/content/drive/MyDrive/Calorify/dataset/steak/steak_509.jpg,steak_509.jpg,steak,.jpg,56.08,512.0,512.0,RGB,JPEG,True,
/content/drive/MyDrive/Calorify/dataset/steak/steak_475.jpg,steak_475.jpg,steak,.jpg,46.15,512.0,384.0,RGB,JPEG,True,
/content/drive/MyDrive/Calorify/dataset/steak/steak_512.jpg,steak_512.jpg,steak,.jpg,45.44,512.0,384.0,RGB,JPEG,True,
/content/drive/MyDrive/Calorify/dataset/steak/steak_496.jpg,steak_496.jpg,steak,.jpg,42.91,512.0,512.0,RGB,JPEG,True,
/content/drive/MyDrive/Calorify/dataset/steak/steak_485.jpg,steak_485.jpg,steak,.jpg,65.42,512.0,512.0,RGB,JPEG,True,
/content/drive/MyDrive/Calorify/dataset/steak/steak_477.jpg,steak_477.jpg,steak,.jpg,61.1,512.0,512.0,RGB,JPEG,True,
/content/drive/MyDrive/Calorify/dataset/steak/steak_494.jpg,steak_494.jpg,steak,.jpg,74.9,512.0,512.0,RGB,JPEG,True,
/content/drive/MyDrive/Calorify/dataset/steak/steak_488.jpg,steak_488.jpg,steak,.jpg,42.2,512.0,512.0,RGB,JPEG,True,
/content/drive/MyDrive/Calorify/dataset/steak/steak_474.jpg,steak_474.jpg,steak,.jpg,49.51,512.0,512.0,RGB,JPEG,True,
/content/drive/MyDrive/Calorify/dataset/steak/steak_506.jpg,steak_506.jpg,steak,.jpg,42.02,512.0,512.0,RGB,JPEG,True,
/content/drive/MyDrive/Calorify/dataset/steak/steak_507.jpg,steak_507.jpg,steak,.jpg,65.75,512.0,512.0,RGB,JPEG,True,
/content/drive/MyDrive/Calorify/dataset/steak/steak_486.jpg,steak_486.jpg,steak,.jpg,48.67,512.0,512.0,RGB,JPEG,True,
/content/drive/MyDrive/Calorify/dataset/steak/steak_551.jpg,steak_551.jpg,steak,.jpg,56.6,512.0,512.0,RGB,JPEG,True,
/content/drive/MyDrive/Calorify/dataset/steak/steak_514.jpg,steak_514.jpg,steak,.jpg,28.28,308.0,512.0,RGB,JPEG,True,
/content/drive/MyDrive/Calorify/dataset/steak/steak_519.jpg,steak_519.jpg,steak,.jpg,52.67,512.0,512.0,RGB,JPEG,True,
/content/drive/MyDrive/Calorify/dataset/steak/steak_521.jpg,steak_521.jpg,steak,.jpg,54.39,512.0,512.0,RGB,JPEG,True,
/content/drive/MyDrive/Calorify/dataset/steak/steak_535.jpg,steak_535.jpg,steak,.jpg,41.85,512.0,384.0,RGB,JPEG,True,
/content/drive/MyDrive/Calorify/dataset/steak/steak_531.jpg,steak_531.jpg,steak,.jpg,52.26,512.0,512.0,RGB,JPEG,True,
/content/drive/MyDrive/Calorify/dataset/steak/steak_536.jpg,steak_536.jpg,steak,.jpg,53.31,512.0,512.0,RGB,JPEG,True,
/content/drive/MyDrive/Calorify/dataset/steak/steak_537.jpg,steak_537.jpg,steak,.jpg,34.58,512.0,307.0,RGB,JPEG,True,
/content/drive/MyDrive/Calorify/dataset/steak/steak_539.jpg,steak_539.jpg,steak,.jpg,98.75,512.0,384.0,RGB,JPEG,True,
/content/drive/MyDrive/Calorify/dataset/steak/steak_526.jpg,steak_526.jpg,steak,.jpg,29.55,288.0,512.0,RGB,JPEG,True,
/content/drive/MyDrive/Calorify/dataset/steak/steak_525.jpg,steak_525.jpg,steak,.jpg,39.13,512.0,512.0,RGB,JPEG,True,
/content/drive/MyDrive/Calorify/dataset/steak/steak_538.jpg,steak_538.jpg,steak,.jpg,42.9,512.0,384.0,RGB,JPEG,True,
/content/drive/MyDrive/Calorify/dataset/steak/steak_529.jpg,steak_529.jpg,steak,.jpg,52.92,512.0,512.0,RGB,JPEG,True,
/content/drive/MyDrive/Calorify/dataset/steak/steak_533.jpg,steak_533.jpg,steak,.jpg,37.91,512.0,512.0,RGB,JPEG,True,
/content/drive/MyDrive/Calorify/dataset/steak/steak_520.jpg,steak_520.jpg,steak,.jpg,52.77,512.0,512.0,RGB,JPEG,True,
/content/drive/MyDrive/Calorify/dataset/steak/steak_530.jpg,steak_530.jpg,steak,.jpg,100.51,512.0,384.0,RGB,JPEG,True,
/content/drive/MyDrive/Calorify/dataset/steak/steak_546.jpg,steak_546.jpg,steak,.jpg,51.34,512.0,512.0,RGB,JPEG,True,
/content/drive/MyDrive/Calorify/dataset/steak/steak_527.jpg,steak_527.jpg,steak,.jpg,41.18,512.0,512.0,RGB,JPEG,True,
/content/drive/MyDrive/Calorify/dataset/steak/steak_550.jpg,steak_550.jpg,steak,.jpg,34.51,512.0,384.0,RGB,JPEG,True,
/content/drive/MyDrive/Calorify/dataset/steak/steak_534.jpg,steak_534.jpg,steak,.jpg,41.79,384.0,512.0,RGB,JPEG,True,
/content/drive/MyDrive/Calorify/dataset/steak/steak_543.jpg,steak_543.jpg,steak,.jpg,54.34,512.0,512.0,RGB,JPEG,True,
/content/drive/MyDrive/Calorify/dataset/steak/steak_548.jpg,steak_548.jpg,steak,.jpg,71.01,512.0,512.0,RGB,JPEG,True,
/content/drive/MyDrive/Calorify/dataset/steak/steak_522.jpg,steak_522.jpg,steak,.jpg,44.78,512.0,382.0,RGB,JPEG,True,
/content/drive/MyDrive/Calorify/dataset/steak/steak_540.jpg,steak_540.jpg,steak,.jpg,53.08,512.0,512.0,RGB,JPEG,True,
/content/drive/MyDrive/Calorify/dataset/steak/steak_523.jpg,steak_523.jpg,steak,.jpg,32.99,512.0,512.0,RGB,JPEG,True,
/content/drive/MyDrive/Calorify/dataset/steak/steak_517.jpg,steak_517.jpg,steak,.jpg,46.04,512.0,384.0,RGB,JPEG,True,
/content/drive/MyDrive/Calorify/dataset/steak/steak_544.jpg,steak_544.jpg,steak,.jpg,55.7,512.0,512.0,RGB,JPEG,True,
/content/drive/MyDrive/Calorify/dataset/steak/steak_528.jpg,steak_528.jpg,steak,.jpg,38.47,512.0,512.0,RGB,JPEG,True,
/content/drive/MyDrive/Calorify/dataset/steak/steak_549.jpg,steak_549.jpg,steak,.jpg,34.8,512.0,384.0,RGB,JPEG,True,
/content/drive/MyDrive/Calorify/dataset/steak/steak_547.jpg,steak_547.jpg,steak,.jpg,63.67,512.0,512.0,RGB,JPEG,True,
/content/drive/MyDrive/Calorify/dataset/steak/steak_513.jpg,steak_513.jpg,steak,.jpg,37.11,384.0,512.0,RGB,JPEG,True,
/content/drive/MyDrive/Calorify/dataset/steak/steak_542.jpg,steak_542.jpg,steak,.jpg,63.3,512.0,512.0,RGB,JPEG,True,
/content/drive/MyDrive/Calorify/dataset/steak/steak_541.jpg,steak_541.jpg,steak,.jpg,33.18,512.0,384.0,RGB,JPEG,True,
/content/drive/MyDrive/Calorify/dataset/steak/steak_515.jpg,steak_515.jpg,steak,.jpg,50.61,512.0,512.0,RGB,JPEG,True,
/content/drive/MyDrive/Calorify/dataset/steak/steak_532.jpg,steak_532.jpg,steak,.jpg,57.84,512.0,512.0,RGB,JPEG,True,
/content/drive/MyDrive/Calorify/dataset/steak/steak_524.jpg,steak_524.jpg,steak,.jpg,60.18,512.0,512.0,RGB,JPEG,True,
/content/drive/MyDrive/Calorify/dataset/steak/steak_518.jpg,steak_518.jpg,steak,.jpg,44.54,512.0,512.0,RGB,JPEG,True,
/content/drive/MyDrive/Calorify/dataset/steak/steak_545.jpg,steak_545.jpg,steak,.jpg,93.37,512.0,384.0,RGB,JPEG,True,
/content/drive/MyDrive/Calorify/dataset/steak/steak_516.jpg,steak_516.jpg,steak,.jpg,86.79,512.0,384.0,RGB,JPEG,True,
/content/drive/MyDrive/Calorify/dataset/steak/steak_556.jpg,steak_556.jpg,steak,.jpg,53.81,512.0,512.0,RGB,JPEG,True,
/content/drive/MyDrive/Calorify/dataset/steak/steak_586.jpg,steak_586.jpg,steak,.jpg,53.29,512.0,512.0,RGB,JPEG,True,
/content/drive/MyDrive/Calorify/dataset/steak/steak_552.jpg,steak_552.jpg,steak,.jpg,49.75,512.0,384.0,RGB,JPEG,True,
/content/drive/MyDrive/Calorify/dataset/steak/steak_574.jpg,steak_574.jpg,steak,.jpg,64.42,512.0,384.0,RGB,JPEG,True,
/content/drive/MyDrive/Calorify/dataset/steak/steak_573.jpg,steak_573.jpg,steak,.jpg,82.32,512.0,512.0,RGB,JPEG,True,
/content/drive/MyDrive/Calorify/dataset/steak/steak_588.jpg,steak_588.jpg,steak,.jpg,45.53,512.0,512.0,RGB,JPEG,True,
/content/drive/MyDrive/Calorify/dataset/steak/steak_576.jpg,steak_576.jpg,steak,.jpg,90.78,512.0,288.0,RGB,JPEG,True,
/content/drive/MyDrive/Calorify/dataset/steak/steak_557.jpg,steak_557.jpg,steak,.jpg,63.13,512.0,512.0,RGB,JPEG,True,
/content/drive/MyDrive/Calorify/dataset/steak/steak_584.jpg,steak_584.jpg,steak,.jpg,61.86,512.0,512.0,RGB,JPEG,True,
/content/drive/MyDrive/Calorify/dataset/steak/steak_575.jpg,steak_575.jpg,steak,.jpg,54.85,512.0,512.0,RGB,JPEG,True,
/content/drive/MyDrive/Calorify/dataset/steak/steak_577.jpg,steak_577.jpg,steak,.jpg,46.08,512.0,512.0,RGB,JPEG,True,
/content/drive/MyDrive/Calorify/dataset/steak/steak_572.jpg,steak_572.jpg,steak,.jpg,74.89,512.0,512.0,RGB,JPEG,True,
/content/drive/MyDrive/Calorify/dataset/steak/steak_560.jpg,steak_560.jpg,steak,.jpg,30.22,384.0,512.0,RGB,JPEG,True,
/content/drive/MyDrive/Calorify/dataset/steak/steak_583.jpg,steak_583.jpg,steak,.jpg,42.37,512.0,384.0,RGB,JPEG,True,
/content/drive/MyDrive/Calorify/dataset/steak/steak_589.jpg,steak_589.jpg,steak,.jpg,72.76,512.0,512.0,RGB,JPEG,True,
/content/drive/MyDrive/Calorify/dataset/steak/steak_570.jpg,steak_570.jpg,steak,.jpg,43.28,512.0,384.0,RGB,JPEG,True,
/content/drive/MyDrive/Calorify/dataset/steak/steak_581.jpg,steak_581.jpg,steak,.jpg,44.46,512.0,384.0,RGB,JPEG,True,
/content/drive/MyDrive/Calorify/dataset/steak/steak_559.jpg,steak_559.jpg,steak,.jpg,49.09,512.0,512.0,RGB,JPEG,True,
/content/drive/MyDrive/Calorify/dataset/steak/steak_565.jpg,steak_565.jpg,steak,.jpg,51.46,512.0,512.0,RGB,JPEG,True,
/content/drive/MyDrive/Calorify/dataset/steak/steak_561.jpg,steak_561.jpg,steak,.jpg,110.58,512.0,486.0,RGB,JPEG,True,
/content/drive/MyDrive/Calorify/dataset/steak/steak_569.jpg,steak_569.jpg,steak,.jpg,47.24,512.0,384.0,RGB,JPEG,True,
/content/drive/MyDrive/Calorify/dataset/steak/steak_563.jpg,steak_563.jpg,steak,.jpg,55.74,512.0,512.0,RGB,JPEG,True,
/content/drive/MyDrive/Calorify/dataset/steak/steak_562.jpg,steak_562.jpg,steak,.jpg,51.39,512.0,384.0,RGB,JPEG,True,
/content/drive/MyDrive/Calorify/dataset/steak/steak_568.jpg,steak_568.jpg,steak,.jpg,75.25,512.0,384.0,RGB,JPEG,True,
/content/drive/MyDrive/Calorify/dataset/steak/steak_587.jpg,steak_587.jpg,steak,.jpg,66.33,512.0,512.0,RGB,JPEG,True,
/content/drive/MyDrive/Calorify/dataset/steak/steak_564.jpg,steak_564.jpg,steak,.jpg,41.33,512.0,384.0,RGB,JPEG,True,
/content/drive/MyDrive/Calorify/dataset/steak/steak_585.jpg,steak_585.jpg,steak,.jpg,75.92,512.0,512.0,RGB,JPEG,True,
/content/drive/MyDrive/Calorify/dataset/steak/steak_567.jpg,steak_567.jpg,steak,.jpg,67.72,512.0,512.0,RGB,JPEG,True,
/content/drive/MyDrive/Calorify/dataset/steak/steak_571.jpg,steak_571.jpg,steak,.jpg,38.43,512.0,512.0,RGB,JPEG,True,
/content/drive/MyDrive/Calorify/dataset/steak/steak_582.jpg,steak_582.jpg,steak,.jpg,48.3,512.0,512.0,RGB,JPEG,True,
/content/drive/MyDrive/Calorify/dataset/steak/steak_555.jpg,steak_555.jpg,steak,.jpg,53.86,512.0,384.0,RGB,JPEG,True,
/content/drive/MyDrive/Calorify/dataset/steak/steak_579.jpg,steak_579.jpg,steak,.jpg,72.21,512.0,512.0,RGB,JPEG,True,
/content/drive/MyDrive/Calorify/dataset/steak/steak_578.jpg,steak_578.jpg,steak,.jpg,23.49,384.0,512.0,RGB,JPEG,True,
/content/drive/MyDrive/Calorify/dataset/steak/steak_580.jpg,steak_580.jpg,steak,.jpg,29.86,512.0,289.0,RGB,JPEG,True,
/content/drive/MyDrive/Calorify/dataset/steak/steak_553.jpg,steak_553.jpg,steak,.jpg,68.43,512.0,512.0,RGB,JPEG,True,
/content/drive/MyDrive/Calorify/dataset/steak/steak_554.jpg,steak_554.jpg,steak,.jpg,35.1,512.0,382.0,RGB,JPEG,True,
/content/drive/MyDrive/Calorify/dataset/steak/steak_566.jpg,steak_566.jpg,steak,.jpg,44.51,512.0,512.0,RGB,JPEG,True,
/content/drive/MyDrive/Calorify/dataset/steak/steak_558.jpg,steak_558.jpg,steak,.jpg,72.92,512.0,512.0,RGB,JPEG,True,
/content/drive/MyDrive/Calorify/dataset/steak/steak_591.jpg,steak_591.jpg,steak,.jpg,50.69,512.0,512.0,RGB,JPEG,True,
/content/drive/MyDrive/Calorify/dataset/steak/steak_627.jpg,steak_627.jpg,steak,.jpg,38.77,512.0,288.0,RGB,JPEG,True,
/content/drive/MyDrive/Calorify/dataset/steak/steak_611.jpg,steak_611.jpg,steak,.jpg,22.49,512.0,384.0,RGB,JPEG,True,
/content/drive/MyDrive/Calorify/dataset/steak/steak_626.jpg,steak_626.jpg,steak,.jpg,54.12,512.0,512.0,RGB,JPEG,True,
/content/drive/MyDrive/Calorify/dataset/steak/steak_612.jpg,steak_612.jpg,steak,.jpg,40.96,512.0,512.0,RGB,JPEG,True,
/content/drive/MyDrive/Calorify/dataset/steak/steak_608.jpg,steak_608.jpg,steak,.jpg,19.15,287.0,512.0,RGB,JPEG,True,
/content/drive/MyDrive/Calorify/dataset/steak/steak_595.jpg,steak_595.jpg,steak,.jpg,44.91,512.0,384.0,RGB,JPEG,True,
/content/drive/MyDrive/Calorify/dataset/steak/steak_622.jpg,steak_622.jpg,steak,.jpg,59.22,512.0,512.0,RGB,JPEG,True,
/content/drive/MyDrive/Calorify/dataset/steak/steak_618.jpg,steak_618.jpg,steak,.jpg,33.02,512.0,384.0,RGB,JPEG,True,
/content/drive/MyDrive/Calorify/dataset/steak/steak_624.jpg,steak_624.jpg,steak,.jpg,45.64,512.0,512.0,RGB,JPEG,True,
/content/drive/MyDrive/Calorify/dataset/steak/steak_614.jpg,steak_614.jpg,steak,.jpg,48.17,512.0,512.0,RGB,JPEG,True,
/content/drive/MyDrive/Calorify/dataset/steak/steak_607.jpg,steak_607.jpg,steak,.jpg,33.82,512.0,287.0,RGB,JPEG,True,
/content/drive/MyDrive/Calorify/dataset/steak/steak_610.jpg,steak_610.jpg,steak,.jpg,27.53,512.0,288.0,RGB,JPEG,True,
/content/drive/MyDrive/Calorify/dataset/steak/steak_621.jpg,steak_621.jpg,steak,.jpg,43.99,512.0,512.0,RGB,JPEG,True,
/content/drive/MyDrive/Calorify/dataset/steak/steak_625.jpg,steak_625.jpg,steak,.jpg,90.61,512.0,341.0,RGB,JPEG,True,
/content/drive/MyDrive/Calorify/dataset/steak/steak_598.jpg,steak_598.jpg,steak,.jpg,27.67,289.0,512.0,RGB,JPEG,True,
/content/drive/MyDrive/Calorify/dataset/steak/steak_600.jpg,steak_600.jpg,steak,.jpg,54.89,512.0,512.0,RGB,JPEG,True,
/content/drive/MyDrive/Calorify/dataset/steak/steak_590.jpg,steak_590.jpg,steak,.jpg,62.29,512.0,384.0,RGB,JPEG,True,
/content/drive/MyDrive/Calorify/dataset/steak/steak_604.jpg,steak_604.jpg,steak,.jpg,50.17,512.0,512.0,RGB,JPEG,True,
/content/drive/MyDrive/Calorify/dataset/steak/steak_605.jpg,steak_605.jpg,steak,.jpg,44.11,512.0,342.0,RGB,JPEG,True,
/content/drive/MyDrive/Calorify/dataset/steak/steak_616.jpg,steak_616.jpg,steak,.jpg,53.9,512.0,512.0,RGB,JPEG,True,
/content/drive/MyDrive/Calorify/dataset/steak/steak_592.jpg,steak_592.jpg,steak,.jpg,67.53,512.0,512.0,RGB,JPEG,True,
/content/drive/MyDrive/Calorify/dataset/steak/steak_602.jpg,steak_602.jpg,steak,.jpg,69.91,512.0,512.0,RGB,JPEG,True,
/content/drive/MyDrive/Calorify/dataset/steak/steak_623.jpg,steak_623.jpg,steak,.jpg,29.38,512.0,384.0,RGB,JPEG,True,
/content/drive/MyDrive/Calorify/dataset/steak/steak_615.jpg,steak_615.jpg,steak,.jpg,49.08,512.0,512.0,RGB,JPEG,True,
/content/drive/MyDrive/Calorify/dataset/steak/steak_619.jpg,steak_619.jpg,steak,.jpg,42.85,384.0,512.0,RGB,JPEG,True,
/content/drive/MyDrive/Calorify/dataset/steak/steak_603.jpg,steak_603.jpg,steak,.jpg,34.06,512.0,384.0,RGB,JPEG,True,
/content/drive/MyDrive/Calorify/dataset/steak/steak_596.jpg,steak_596.jpg,steak,.jpg,64.37,512.0,512.0,RGB,JPEG,True,
/content/drive/MyDrive/Calorify/dataset/steak/steak_606.jpg,steak_606.jpg,steak,.jpg,60.49,512.0,512.0,RGB,JPEG,True,
/content/drive/MyDrive/Calorify/dataset/steak/steak_617.jpg,steak_617.jpg,steak,.jpg,42.27,512.0,512.0,RGB,JPEG,True,
/content/drive/MyDrive/Calorify/dataset/steak/steak_594.jpg,steak_594.jpg,steak,.jpg,39.44,512.0,289.0,RGB,JPEG,True,
/content/drive/MyDrive/Calorify/dataset/steak/steak_599.jpg,steak_599.jpg,steak,.jpg,33.08,512.0,382.0,RGB,JPEG,True,
/content/drive/MyDrive/Calorify/dataset/steak/steak_597.jpg,steak_597.jpg,steak,.jpg,23.84,288.0,512.0,RGB,JPEG,True,
/content/drive/MyDrive/Calorify/dataset/steak/steak_601.jpg,steak_601.jpg,steak,.jpg,57.11,512.0,512.0,RGB,JPEG,True,
/content/drive/MyDrive/Calorify/dataset/steak/steak_593.jpg,steak_593.jpg,steak,.jpg,45.6,512.0,254.0,RGB,JPEG,True,
/content/drive/MyDrive/Calorify/dataset/steak/steak_620.jpg,steak_620.jpg,steak,.jpg,41.2,512.0,384.0,RGB,JPEG,True,
/content/drive/MyDrive/Calorify/dataset/steak/steak_609.jpg,steak_609.jpg,steak,.jpg,33.21,512.0,384.0,RGB,JPEG,True,
/content/drive/MyDrive/Calorify/dataset/steak/steak_613.jpg,steak_613.jpg,steak,.jpg,26.69,512.0,384.0,RGB,JPEG,True,
/content/drive/MyDrive/Calorify/dataset/steak/steak_648.jpg,steak_648.jpg,steak,.jpg,30.0,512.0,384.0,RGB,JPEG,True,
/content/drive/MyDrive/Calorify/dataset/steak/steak_631.jpg,steak_631.jpg,steak,.jpg,62.58,512.0,512.0,RGB,JPEG,True,
/content/drive/MyDrive/Calorify/dataset/steak/steak_643.jpg,steak_643.jpg,steak,.jpg,27.46,512.0,382.0,RGB,JPEG,True,
/content/drive/MyDrive/Calorify/dataset/steak/steak_628.jpg,steak_628.jpg,steak,.jpg,63.53,512.0,512.0,RGB,JPEG,True,
/content/drive/MyDrive/Calorify/dataset/steak/steak_637.jpg,steak_637.jpg,steak,.jpg,36.36,512.0,307.0,RGB,JPEG,True,
/content/drive/MyDrive/Calorify/dataset/steak/steak_654.jpg,steak_654.jpg,steak,.jpg,46.89,512.0,512.0,RGB,JPEG,True,
/content/drive/MyDrive/Calorify/dataset/steak/steak_641.jpg,steak_641.jpg,steak,.jpg,35.45,382.0,512.0,RGB,JPEG,True,
/content/drive/MyDrive/Calorify/dataset/steak/steak_635.jpg,steak_635.jpg,steak,.jpg,105.47,512.0,512.0,RGB,JPEG,True,
/content/drive/MyDrive/Calorify/dataset/steak/steak_661.jpg,steak_661.jpg,steak,.jpg,49.96,512.0,512.0,RGB,JPEG,True,
/content/drive/MyDrive/Calorify/dataset/steak/steak_657.jpg,steak_657.jpg,steak,.jpg,40.24,512.0,384.0,RGB,JPEG,True,
/content/drive/MyDrive/Calorify/dataset/steak/steak_633.jpg,steak_633.jpg,steak,.jpg,62.64,512.0,512.0,RGB,JPEG,True,
/content/drive/MyDrive/Calorify/dataset/steak/steak_653.jpg,steak_653.jpg,steak,.jpg,21.92,512.0,384.0,RGB,JPEG,True,
/content/drive/MyDrive/Calorify/dataset/steak/steak_646.jpg,steak_646.jpg,steak,.jpg,54.24,512.0,512.0,RGB,JPEG,True,
/content/drive/MyDrive/Calorify/dataset/steak/steak_645.jpg,steak_645.jpg,steak,.jpg,45.81,512.0,384.0,RGB,JPEG,True,
/content/drive/MyDrive/Calorify/dataset/steak/steak_656.jpg,steak_656.jpg,steak,.jpg,42.15,512.0,512.0,RGB,JPEG,True,
/content/drive/MyDrive/Calorify/dataset/steak/steak_650.jpg,steak_650.jpg,steak,.jpg,44.35,512.0,512.0,RGB,JPEG,True,
/content/drive/MyDrive/Calorify/dataset/steak/steak_638.jpg,steak_638.jpg,steak,.jpg,68.73,512.0,512.0,RGB,JPEG,True,
/content/drive/MyDrive/Calorify/dataset/steak/steak_663.jpg,steak_663.jpg,steak,.jpg,57.19,512.0,512.0,RGB,JPEG,True,
/content/drive/MyDrive/Calorify/dataset/steak/steak_649.jpg,steak_649.jpg,steak,.jpg,38.25,384.0,512.0,RGB,JPEG,True,
/content/drive/MyDrive/Calorify/dataset/steak/steak_651.jpg,steak_651.jpg,steak,.jpg,68.27,512.0,512.0,RGB,JPEG,True,
/content/drive/MyDrive/Calorify/dataset/steak/steak_632.jpg,steak_632.jpg,steak,.jpg,54.43,512.0,512.0,RGB,JPEG,True,
/content/drive/MyDrive/Calorify/dataset/steak/steak_639.jpg,steak_639.jpg,steak,.jpg,30.95,512.0,384.0,RGB,JPEG,True,
/content/drive/MyDrive/Calorify/dataset/steak/steak_640.jpg,steak_640.jpg,steak,.jpg,42.84,512.0,382.0,RGB,JPEG,True,
/content/drive/MyDrive/Calorify/dataset/steak/steak_655.jpg,steak_655.jpg,steak,.jpg,52.9,512.0,512.0,RGB,JPEG,True,
/content/drive/MyDrive/Calorify/dataset/steak/steak_630.jpg,steak_630.jpg,steak,.jpg,64.96,512.0,384.0,RGB,JPEG,True,
/content/drive/MyDrive/Calorify/dataset/steak/steak_647.jpg,steak_647.jpg,steak,.jpg,32.5,512.0,382.0,RGB,JPEG,True,
/content/drive/MyDrive/Calorify/dataset/steak/steak_642.jpg,steak_642.jpg,steak,.jpg,57.55,512.0,382.0,RGB,JPEG,True,
/content/drive/MyDrive/Calorify/dataset/steak/steak_634.jpg,steak_634.jpg,steak,.jpg,63.31,512.0,512.0,RGB,JPEG,True,
/content/drive/MyDrive/Calorify/dataset/steak/steak_662.jpg,steak_662.jpg,steak,.jpg,58.7,512.0,512.0,RGB,JPEG,True,
/content/drive/MyDrive/Calorify/dataset/steak/steak_652.jpg,steak_652.jpg,steak,.jpg,53.36,512.0,512.0,RGB,JPEG,True,
/content/drive/MyDrive/Calorify/dataset/steak/steak_644.jpg,steak_644.jpg,steak,.jpg,49.91,512.0,512.0,RGB,JPEG,True,
/content/drive/MyDrive/Calorify/dataset/steak/steak_636.jpg,steak_636.jpg,steak,.jpg,135.71,512.0,512.0,RGB,JPEG,True,
/content/drive/MyDrive/Calorify/dataset/steak/steak_629.jpg,steak_629.jpg,steak,.jpg,40.46,512.0,384.0,RGB,JPEG,True,
/content/drive/MyDrive/Calorify/dataset/steak/steak_658.jpg,steak_658.jpg,steak,.jpg,47.17,512.0,306.0,RGB,JPEG,True,
/content/drive/MyDrive/Calorify/dataset/steak/steak_659.jpg,steak_659.jpg,steak,.jpg,65.21,512.0,512.0,RGB,JPEG,True,
/content/drive/MyDrive/Calorify/dataset/steak/steak_660.jpg,steak_660.jpg,steak,.jpg,37.91,512.0,384.0,RGB,JPEG,True,
/content/drive/MyDrive/Calorify/dataset/steak/steak_687.jpg,steak_687.jpg,steak,.jpg,60.51,512.0,512.0,RGB,JPEG,True,
/content/drive/MyDrive/Calorify/dataset/steak/steak_696.jpg,steak_696.jpg,steak,.jpg,69.71,512.0,512.0,RGB,JPEG,True,
/content/drive/MyDrive/Calorify/dataset/steak/steak_700.jpg,steak_700.jpg,steak,.jpg,40.4,512.0,339.0,RGB,JPEG,True,
/content/drive/MyDrive/Calorify/dataset/steak/steak_681.jpg,steak_681.jpg,steak,.jpg,75.6,512.0,512.0,RGB,JPEG,True,
/content/drive/MyDrive/Calorify/dataset/steak/steak_699.jpg,steak_699.jpg,steak,.jpg,52.36,512.0,512.0,RGB,JPEG,True,
/content/drive/MyDrive/Calorify/dataset/steak/steak_683.jpg,steak_683.jpg,steak,.jpg,58.55,512.0,512.0,RGB,JPEG,True,
/content/drive/MyDrive/Calorify/dataset/steak/steak_664.jpg,steak_664.jpg,steak,.jpg,34.26,512.0,512.0,RGB,JPEG,True,
/content/drive/MyDrive/Calorify/dataset/steak/steak_671.jpg,steak_671.jpg,steak,.jpg,47.38,512.0,512.0,RGB,JPEG,True,
/content/drive/MyDrive/Calorify/dataset/steak/steak_676.jpg,steak_676.jpg,steak,.jpg,44.25,512.0,382.0,RGB,JPEG,True,
/content/drive/MyDrive/Calorify/dataset/steak/steak_685.jpg,steak_685.jpg,steak,.jpg,43.64,512.0,396.0,RGB,JPEG,True,
/content/drive/MyDrive/Calorify/dataset/steak/steak_691.jpg,steak_691.jpg,steak,.jpg,28.25,289.0,512.0,RGB,JPEG,True,
/content/drive/MyDrive/Calorify/dataset/steak/steak_693.jpg,steak_693.jpg,steak,.jpg,67.85,512.0,512.0,RGB,JPEG,True,
/content/drive/MyDrive/Calorify/dataset/steak/steak_682.jpg,steak_682.jpg,steak,.jpg,24.0,512.0,289.0,RGB,JPEG,True,
/content/drive/MyDrive/Calorify/dataset/steak/steak_688.jpg,steak_688.jpg,steak,.jpg,46.97,512.0,512.0,RGB,JPEG,True,
/content/drive/MyDrive/Calorify/dataset/steak/steak_677.jpg,steak_677.jpg,steak,.jpg,44.42,382.0,512.0,RGB,JPEG,True,
/content/drive/MyDrive/Calorify/dataset/steak/steak_694.jpg,steak_694.jpg,steak,.jpg,52.62,512.0,512.0,RGB,JPEG,True,
/content/drive/MyDrive/Calorify/dataset/steak/steak_684.jpg,steak_684.jpg,steak,.jpg,48.99,512.0,512.0,RGB,JPEG,True,
/content/drive/MyDrive/Calorify/dataset/steak/steak_667.jpg,steak_667.jpg,steak,.jpg,26.1,512.0,289.0,RGB,JPEG,True,
/content/drive/MyDrive/Calorify/dataset/steak/steak_689.jpg,steak_689.jpg,steak,.jpg,56.73,512.0,512.0,RGB,JPEG,True,
/content/drive/MyDrive/Calorify/dataset/steak/steak_701.jpg,steak_701.jpg,steak,.jpg,36.14,512.0,384.0,RGB,JPEG,True,
/content/drive/MyDrive/Calorify/dataset/steak/steak_680.jpg,steak_680.jpg,steak,.jpg,56.11,512.0,512.0,RGB,JPEG,True,
/content/drive/MyDrive/Calorify/dataset/steak/steak_692.jpg,steak_692.jpg,steak,.jpg,52.23,512.0,288.0,RGB,JPEG,True,
/content/drive/MyDrive/Calorify/dataset/steak/steak_678.jpg,steak_678.jpg,steak,.jpg,43.51,382.0,512.0,RGB,JPEG,True,
/content/drive/MyDrive/Calorify/dataset/steak/steak_672.jpg,steak_672.jpg,steak,.jpg,51.82,512.0,512.0,RGB,JPEG,True,
/content/drive/MyDrive/Calorify/dataset/steak/steak_674.jpg,steak_674.jpg,steak,.jpg,71.82,512.0,512.0,RGB,JPEG,True,
/content/drive/MyDrive/Calorify/dataset/steak/steak_690.jpg,steak_690.jpg,steak,.jpg,50.53,512.0,512.0,RGB,JPEG,True,
/content/drive/MyDrive/Calorify/dataset/steak/steak_695.jpg,steak_695.jpg,steak,.jpg,115.1,512.0,384.0,RGB,JPEG,True,
/content/drive/MyDrive/Calorify/dataset/steak/steak_697.jpg,steak_697.jpg,steak,.jpg,64.77,512.0,512.0,RGB,JPEG,True,
/content/drive/MyDrive/Calorify/dataset/steak/steak_668.jpg,steak_668.jpg,steak,.jpg,50.67,512.0,384.0,RGB,JPEG,True,
/content/drive/MyDrive/Calorify/dataset/steak/steak_670.jpg,steak_670.jpg,steak,.jpg,55.01,512.0,512.0,RGB,JPEG,True,
/content/drive/MyDrive/Calorify/dataset/steak/steak_669.jpg,steak_669.jpg,steak,.jpg,72.72,512.0,512.0,RGB,JPEG,True,
/content/drive/MyDrive/Calorify/dataset/steak/steak_679.jpg,steak_679.jpg,steak,.jpg,49.06,512.0,512.0,RGB,JPEG,True,
/content/drive/MyDrive/Calorify/dataset/steak/steak_702.jpg,steak_702.jpg,steak,.jpg,42.46,384.0,512.0,RGB,JPEG,True,
/content/drive/MyDrive/Calorify/dataset/steak/steak_666.jpg,steak_666.jpg,steak,.jpg,24.2,512.0,384.0,RGB,JPEG,True,
/content/drive/MyDrive/Calorify/dataset/steak/steak_665.jpg,steak_665.jpg,steak,.jpg,41.91,512.0,512.0,RGB,JPEG,True,
/content/drive/MyDrive/Calorify/dataset/steak/steak_698.jpg,steak_698.jpg,steak,.jpg,50.05,512.0,512.0,RGB,JPEG,True,
/content/drive/MyDrive/Calorify/dataset/steak/steak_686.jpg,steak_686.jpg,steak,.jpg,58.71,512.0,512.0,RGB,JPEG,True,
/content/drive/MyDrive/Calorify/dataset/steak/steak_675.jpg,steak_675.jpg,steak,.jpg,41.66,512.0,384.0,RGB,JPEG,True,
/content/drive/MyDrive/Calorify/dataset/steak/steak_673.jpg,steak_673.jpg,steak,.jpg,57.88,512.0,512.0,RGB,JPEG,True,
/content/drive/MyDrive/Calorify/dataset/steak/steak_717.jpg,steak_717.jpg,steak,.jpg,40.54,512.0,512.0,RGB,JPEG,True,
/content/drive/MyDrive/Calorify/dataset/steak/steak_738.jpg,steak_738.jpg,steak,.jpg,58.96,512.0,512.0,RGB,JPEG,True,
/content/drive/MyDrive/Calorify/dataset/steak/steak_726.jpg,steak_726.jpg,steak,.jpg,42.57,512.0,382.0,RGB,JPEG,True,
/content/drive/MyDrive/Calorify/dataset/steak/steak_731.jpg,steak_731.jpg,steak,.jpg,36.36,384.0,512.0,RGB,JPEG,True,
/content/drive/MyDrive/Calorify/dataset/steak/steak_721.jpg,steak_721.jpg,steak,.jpg,42.27,512.0,512.0,RGB,JPEG,True,
/content/drive/MyDrive/Calorify/dataset/steak/steak_704.jpg,steak_704.jpg,steak,.jpg,33.25,512.0,512.0,RGB,JPEG,True,
/content/drive/MyDrive/Calorify/dataset/steak/steak_723.jpg,steak_723.jpg,steak,.jpg,59.47,512.0,512.0,RGB,JPEG,True,
/content/drive/MyDrive/Calorify/dataset/steak/steak_735.jpg,steak_735.jpg,steak,.jpg,45.32,512.0,512.0,RGB,JPEG,True,
/content/drive/MyDrive/Calorify/dataset/steak/steak_736.jpg,steak_736.jpg,steak,.jpg,36.58,512.0,512.0,RGB,JPEG,True,
/content/drive/MyDrive/Calorify/dataset/steak/steak_720.jpg,steak_720.jpg,steak,.jpg,49.47,382.0,512.0,RGB,JPEG,True,
/content/drive/MyDrive/Calorify/dataset/steak/steak_725.jpg,steak_725.jpg,steak,.jpg,53.94,512.0,512.0,RGB,JPEG,True,
/content/drive/MyDrive/Calorify/dataset/steak/steak_711.jpg,steak_711.jpg,steak,.jpg,58.34,512.0,512.0,RGB,JPEG,True,
/content/drive/MyDrive/Calorify/dataset/steak/steak_727.jpg,steak_727.jpg,steak,.jpg,41.74,512.0,512.0,RGB,JPEG,True,
/content/drive/MyDrive/Calorify/dataset/steak/steak_722.jpg,steak_722.jpg,steak,.jpg,55.02,512.0,512.0,RGB,JPEG,True,
/content/drive/MyDrive/Calorify/dataset/steak/steak_713.jpg,steak_713.jpg,steak,.jpg,44.21,512.0,384.0,RGB,JPEG,True,
/content/drive/MyDrive/Calorify/dataset/steak/steak_724.jpg,steak_724.jpg,steak,.jpg,44.3,384.0,512.0,RGB,JPEG,True,
/content/drive/MyDrive/Calorify/dataset/steak/steak_714.jpg,steak_714.jpg,steak,.jpg,59.85,512.0,512.0,RGB,JPEG,True,
/content/drive/MyDrive/Calorify/dataset/steak/steak_732.jpg,steak_732.jpg,steak,.jpg,47.03,512.0,382.0,RGB,JPEG,True,
/content/drive/MyDrive/Calorify/dataset/steak/steak_706.jpg,steak_706.jpg,steak,.jpg,41.58,512.0,384.0,RGB,JPEG,True,
/content/drive/MyDrive/Calorify/dataset/steak/steak_734.jpg,steak_734.jpg,steak,.jpg,36.6,512.0,382.0,RGB,JPEG,True,
/content/drive/MyDrive/Calorify/dataset/steak/steak_709.jpg,steak_709.jpg,steak,.jpg,52.52,512.0,384.0,RGB,JPEG,True,
/content/drive/MyDrive/Calorify/dataset/steak/steak_730.jpg,steak_730.jpg,steak,.jpg,69.47,512.0,512.0,RGB,JPEG,True,
/content/drive/MyDrive/Calorify/dataset/steak/steak_703.jpg,steak_703.jpg,steak,.jpg,52.45,512.0,512.0,RGB,JPEG,True,
/content/drive/MyDrive/Calorify/dataset/steak/steak_737.jpg,steak_737.jpg,steak,.jpg,67.02,512.0,512.0,RGB,JPEG,True,
/content/drive/MyDrive/Calorify/dataset/steak/steak_708.jpg,steak_708.jpg,steak,.jpg,48.32,512.0,384.0,RGB,JPEG,True,
/content/drive/MyDrive/Calorify/dataset/steak/steak_716.jpg,steak_716.jpg,steak,.jpg,49.49,512.0,512.0,RGB,JPEG,True,
/content/drive/MyDrive/Calorify/dataset/steak/steak_707.jpg,steak_707.jpg,steak,.jpg,55.81,512.0,512.0,RGB,JPEG,True,
/content/drive/MyDrive/Calorify/dataset/steak/steak_718.jpg,steak_718.jpg,steak,.jpg,70.67,512.0,512.0,RGB,JPEG,True,
/content/drive/MyDrive/Calorify/dataset/steak/steak_733.jpg,steak_733.jpg,steak,.jpg,38.26,512.0,384.0,RGB,JPEG,True,
/content/drive/MyDrive/Calorify/dataset/steak/steak_719.jpg,steak_719.jpg,steak,.jpg,30.26,512.0,512.0,RGB,JPEG,True,
/content/drive/MyDrive/Calorify/dataset/steak/steak_739.jpg,steak_739.jpg,steak,.jpg,20.39,512.0,262.0,RGB,JPEG,True,
/content/drive/MyDrive/Calorify/dataset/steak/steak_705.jpg,steak_705.jpg,steak,.jpg,35.53,512.0,384.0,RGB,JPEG,True,
/content/drive/MyDrive/Calorify/dataset/steak/steak_715.jpg,steak_715.jpg,steak,.jpg,49.59,512.0,512.0,RGB,JPEG,True,
/content/drive/MyDrive/Calorify/dataset/steak/steak_728.jpg,steak_728.jpg,steak,.jpg,35.97,512.0,384.0,RGB,JPEG,True,
/content/drive/MyDrive/Calorify/dataset/steak/steak_729.jpg,steak_729.jpg,steak,.jpg,38.7,384.0,512.0,RGB,JPEG,True,
/content/drive/MyDrive/Calorify/dataset/steak/steak_710.jpg,steak_710.jpg,steak,.jpg,75.99,512.0,512.0,RGB,JPEG,True,
/content/drive/MyDrive/Calorify/dataset/steak/steak_712.jpg,steak_712.jpg,steak,.jpg,59.11,512.0,354.0,RGB,JPEG,True,
/content/drive/MyDrive/Calorify/dataset/steak/steak_773.jpg,steak_773.jpg,steak,.jpg,50.1,512.0,512.0,RGB,JPEG,True,
/content/drive/MyDrive/Calorify/dataset/steak/steak_757.jpg,steak_757.jpg,steak,.jpg,51.55,512.0,512.0,RGB,JPEG,True,
/content/drive/MyDrive/Calorify/dataset/steak/steak_740.jpg,steak_740.jpg,steak,.jpg,56.66,512.0,512.0,RGB,JPEG,True,
/content/drive/MyDrive/Calorify/dataset/steak/steak_776.jpg,steak_776.jpg,steak,.jpg,60.62,512.0,512.0,RGB,JPEG,True,
/content/drive/MyDrive/Calorify/dataset/steak/steak_768.jpg,steak_768.jpg,steak,.jpg,58.45,512.0,512.0,RGB,JPEG,True,
/content/drive/MyDrive/Calorify/dataset/steak/steak_772.jpg,steak_772.jpg,steak,.jpg,44.49,512.0,512.0,RGB,JPEG,True,
/content/drive/MyDrive/Calorify/dataset/steak/steak_741.jpg,steak_741.jpg,steak,.jpg,37.68,382.0,512.0,RGB,JPEG,True,
/content/drive/MyDrive/Calorify/dataset/steak/steak_752.jpg,steak_752.jpg,steak,.jpg,35.3,512.0,384.0,RGB,JPEG,True,
/content/drive/MyDrive/Calorify/dataset/steak/steak_742.jpg,steak_742.jpg,steak,.jpg,55.81,512.0,384.0,RGB,JPEG,True,
/content/drive/MyDrive/Calorify/dataset/steak/steak_749.jpg,steak_749.jpg,steak,.jpg,41.47,512.0,333.0,RGB,JPEG,True,
/content/drive/MyDrive/Calorify/dataset/steak/steak_759.jpg,steak_759.jpg,steak,.jpg,70.43,512.0,512.0,RGB,JPEG,True,
/content/drive/MyDrive/Calorify/dataset/steak/steak_763.jpg,steak_763.jpg,steak,.jpg,65.22,512.0,384.0,RGB,JPEG,True,
/content/drive/MyDrive/Calorify/dataset/steak/steak_744.jpg,steak_744.jpg,steak,.jpg,57.55,512.0,384.0,RGB,JPEG,True,
/content/drive/MyDrive/Calorify/dataset/steak/steak_770.jpg,steak_770.jpg,steak,.jpg,57.46,512.0,512.0,RGB,JPEG,True,
/content/drive/MyDrive/Calorify/dataset/steak/steak_769.jpg,steak_769.jpg,steak,.jpg,22.1,512.0,289.0,RGB,JPEG,True,
/content/drive/MyDrive/Calorify/dataset/steak/steak_775.jpg,steak_775.jpg,steak,.jpg,60.05,382.0,512.0,RGB,JPEG,True,
/content/drive/MyDrive/Calorify/dataset/steak/steak_760.jpg,steak_760.jpg,steak,.jpg,32.41,384.0,512.0,RGB,JPEG,True,
/content/drive/MyDrive/Calorify/dataset/steak/steak_748.jpg,steak_748.jpg,steak,.jpg,56.42,512.0,512.0,RGB,JPEG,True,
/content/drive/MyDrive/Calorify/dataset/steak/steak_777.jpg,steak_777.jpg,steak,.jpg,93.66,512.0,512.0,RGB,JPEG,True,
/content/drive/MyDrive/Calorify/dataset/steak/steak_762.jpg,steak_762.jpg,steak,.jpg,52.31,512.0,512.0,RGB,JPEG,True,
/content/drive/MyDrive/Calorify/dataset/steak/steak_761.jpg,steak_761.jpg,steak,.jpg,81.34,512.0,512.0,RGB,JPEG,True,
/content/drive/MyDrive/Calorify/dataset/steak/steak_778.jpg,steak_778.jpg,steak,.jpg,56.35,512.0,512.0,RGB,JPEG,True,
/content/drive/MyDrive/Calorify/dataset/steak/steak_751.jpg,steak_751.jpg,steak,.jpg,46.02,512.0,512.0,RGB,JPEG,True,
/content/drive/MyDrive/Calorify/dataset/steak/steak_755.jpg,steak_755.jpg,steak,.jpg,53.21,512.0,512.0,RGB,JPEG,True,
/content/drive/MyDrive/Calorify/dataset/steak/steak_746.jpg,steak_746.jpg,steak,.jpg,53.14,384.0,512.0,RGB,JPEG,True,
/content/drive/MyDrive/Calorify/dataset/steak/steak_765.jpg,steak_765.jpg,steak,.jpg,58.86,512.0,512.0,RGB,JPEG,True,
/content/drive/MyDrive/Calorify/dataset/steak/steak_754.jpg,steak_754.jpg,steak,.jpg,42.32,512.0,383.0,RGB,JPEG,True,
/content/drive/MyDrive/Calorify/dataset/steak/steak_774.jpg,steak_774.jpg,steak,.jpg,38.11,512.0,384.0,RGB,JPEG,True,
/content/drive/MyDrive/Calorify/dataset/steak/steak_779.jpg,steak_779.jpg,steak,.jpg,46.51,512.0,512.0,RGB,JPEG,True,
/content/drive/MyDrive/Calorify/dataset/steak/steak_771.jpg,steak_771.jpg,steak,.jpg,67.56,512.0,512.0,RGB,JPEG,True,
/content/drive/MyDrive/Calorify/dataset/steak/steak_753.jpg,steak_753.jpg,steak,.jpg,42.84,512.0,382.0,RGB,JPEG,True,
/content/drive/MyDrive/Calorify/dataset/steak/steak_767.jpg,steak_767.jpg,steak,.jpg,56.34,512.0,512.0,RGB,JPEG,True,
/content/drive/MyDrive/Calorify/dataset/steak/steak_766.jpg,steak_766.jpg,steak,.jpg,48.48,383.0,512.0,RGB,JPEG,True,
/content/drive/MyDrive/Calorify/dataset/steak/steak_743.jpg,steak_743.jpg,steak,.jpg,54.24,512.0,512.0,RGB,JPEG,True,
/content/drive/MyDrive/Calorify/dataset/steak/steak_750.jpg,steak_750.jpg,steak,.jpg,75.62,512.0,384.0,RGB,JPEG,True,
/content/drive/MyDrive/Calorify/dataset/steak/steak_747.jpg,steak_747.jpg,steak,.jpg,60.74,512.0,384.0,RGB,JPEG,True,
/content/drive/MyDrive/Calorify/dataset/steak/steak_764.jpg,steak_764.jpg,steak,.jpg,67.28,512.0,512.0,RGB,JPEG,True,
/content/drive/MyDrive/Calorify/dataset/steak/steak_758.jpg,steak_758.jpg,steak,.jpg,45.08,512.0,512.0,RGB,JPEG,True,
/content/drive/MyDrive/Calorify/dataset/steak/steak_745.jpg,steak_745.jpg,steak,.jpg,48.59,384.0,512.0,RGB,JPEG,True,
/content/drive/MyDrive/Calorify/dataset/steak/steak_756.jpg,steak_756.jpg,steak,.jpg,23.83,512.0,289.0,RGB,JPEG,True,
/content/drive/MyDrive/Calorify/dataset/steak/steak_811.jpg,steak_811.jpg,steak,.jpg,56.21,512.0,512.0,RGB,JPEG,True,
/content/drive/MyDrive/Calorify/dataset/steak/steak_803.jpg,steak_803.jpg,steak,.jpg,35.63,512.0,384.0,RGB,JPEG,True,
/content/drive/MyDrive/Calorify/dataset/steak/steak_789.jpg,steak_789.jpg,steak,.jpg,55.95,512.0,512.0,RGB,JPEG,True,
/content/drive/MyDrive/Calorify/dataset/steak/steak_800.jpg,steak_800.jpg,steak,.jpg,43.25,512.0,512.0,RGB,JPEG,True,
/content/drive/MyDrive/Calorify/dataset/steak/steak_804.jpg,steak_804.jpg,steak,.jpg,53.85,512.0,384.0,RGB,JPEG,True,
/content/drive/MyDrive/Calorify/dataset/steak/steak_794.jpg,steak_794.jpg,steak,.jpg,60.79,512.0,339.0,RGB,JPEG,True,
/content/drive/MyDrive/Calorify/dataset/steak/steak_780.jpg,steak_780.jpg,steak,.jpg,47.78,512.0,512.0,RGB,JPEG,True,
/content/drive/MyDrive/Calorify/dataset/steak/steak_798.jpg,steak_798.jpg,steak,.jpg,55.52,512.0,512.0,RGB,JPEG,True,
/content/drive/MyDrive/Calorify/dataset/steak/steak_781.jpg,steak_781.jpg,steak,.jpg,73.95,512.0,512.0,RGB,JPEG,True,
/content/drive/MyDrive/Calorify/dataset/steak/steak_787.jpg,steak_787.jpg,steak,.jpg,65.78,512.0,512.0,RGB,JPEG,True,
/content/drive/MyDrive/Calorify/dataset/steak/steak_796.jpg,steak_796.jpg,steak,.jpg,54.29,384.0,512.0,RGB,JPEG,True,
/content/drive/MyDrive/Calorify/dataset/steak/steak_782.jpg,steak_782.jpg,steak,.jpg,65.85,512.0,512.0,RGB,JPEG,True,
/content/drive/MyDrive/Calorify/dataset/steak/steak_816.jpg,steak_816.jpg,steak,.jpg,73.87,512.0,384.0,RGB,JPEG,True,
/content/drive/MyDrive/Calorify/dataset/steak/steak_806.jpg,steak_806.jpg,steak,.jpg,63.0,512.0,512.0,RGB,JPEG,True,
/content/drive/MyDrive/Calorify/dataset/steak/steak_815.jpg,steak_815.jpg,steak,.jpg,36.98,512.0,384.0,RGB,JPEG,True,
/content/drive/MyDrive/Calorify/dataset/steak/steak_792.jpg,steak_792.jpg,steak,.jpg,56.77,512.0,384.0,RGB,JPEG,True,
/content/drive/MyDrive/Calorify/dataset/steak/steak_799.jpg,steak_799.jpg,steak,.jpg,55.15,512.0,512.0,RGB,JPEG,True,
/content/drive/MyDrive/Calorify/dataset/steak/steak_814.jpg,steak_814.jpg,steak,.jpg,51.95,512.0,512.0,RGB,JPEG,True,
/content/drive/MyDrive/Calorify/dataset/steak/steak_817.jpg,steak_817.jpg,steak,.jpg,71.11,512.0,384.0,RGB,JPEG,True,
/content/drive/MyDrive/Calorify/dataset/steak/steak_807.jpg,steak_807.jpg,steak,.jpg,52.35,512.0,512.0,RGB,JPEG,True,
/content/drive/MyDrive/Calorify/dataset/steak/steak_805.jpg,steak_805.jpg,steak,.jpg,45.38,512.0,382.0,RGB,JPEG,True,
/content/drive/MyDrive/Calorify/dataset/steak/steak_801.jpg,steak_801.jpg,steak,.jpg,63.13,512.0,512.0,RGB,JPEG,True,
/content/drive/MyDrive/Calorify/dataset/steak/steak_795.jpg,steak_795.jpg,steak,.jpg,58.92,512.0,512.0,RGB,JPEG,True,
/content/drive/MyDrive/Calorify/dataset/steak/steak_790.jpg,steak_790.jpg,steak,.jpg,27.86,512.0,384.0,RGB,JPEG,True,
/content/drive/MyDrive/Calorify/dataset/steak/steak_783.jpg,steak_783.jpg,steak,.jpg,62.73,512.0,512.0,RGB,JPEG,True,
/content/drive/MyDrive/Calorify/dataset/steak/steak_788.jpg,steak_788.jpg,steak,.jpg,70.93,512.0,512.0,RGB,JPEG,True,
/content/drive/MyDrive/Calorify/dataset/steak/steak_802.jpg,steak_802.jpg,steak,.jpg,52.38,512.0,384.0,RGB,JPEG,True,
/content/drive/MyDrive/Calorify/dataset/steak/steak_809.jpg,steak_809.jpg,steak,.jpg,38.65,512.0,382.0,RGB,JPEG,True,
/content/drive/MyDrive/Calorify/dataset/steak/steak_784.jpg,steak_784.jpg,steak,.jpg,48.22,512.0,512.0,RGB,JPEG,True,
/content/drive/MyDrive/Calorify/dataset/steak/steak_793.jpg,steak_793.jpg,steak,.jpg,59.89,512.0,512.0,RGB,JPEG,True,
/content/drive/MyDrive/Calorify/dataset/steak/steak_797.jpg,steak_797.jpg,steak,.jpg,52.41,512.0,512.0,RGB,JPEG,True,
/content/drive/MyDrive/Calorify/dataset/steak/steak_813.jpg,steak_813.jpg,steak,.jpg,50.71,512.0,512.0,RGB,JPEG,True,
/content/drive/MyDrive/Calorify/dataset/steak/steak_785.jpg,steak_785.jpg,steak,.jpg,64.58,512.0,384.0,RGB,JPEG,True,
/content/drive/MyDrive/Calorify/dataset/steak/steak_791.jpg,steak_791.jpg,steak,.jpg,37.03,512.0,384.0,RGB,JPEG,True,
/content/drive/MyDrive/Calorify/dataset/steak/steak_812.jpg,steak_812.jpg,steak,.jpg,56.14,512.0,512.0,RGB,JPEG,True,
/content/drive/MyDrive/Calorify/dataset/steak/steak_786.jpg,steak_786.jpg,steak,.jpg,43.47,512.0,512.0,RGB,JPEG,True,
/content/drive/MyDrive/Calorify/dataset/steak/steak_810.jpg,steak_810.jpg,steak,.jpg,31.57,384.0,512.0,RGB,JPEG,True,
/content/drive/MyDrive/Calorify/dataset/steak/steak_808.jpg,steak_808.jpg,steak,.jpg,45.69,512.0,512.0,RGB,JPEG,True,
/content/drive/MyDrive/Calorify/dataset/steak/steak_837.jpg,steak_837.jpg,steak,.jpg,29.27,384.0,512.0,RGB,JPEG,True,
/content/drive/MyDrive/Calorify/dataset/steak/steak_838.jpg,steak_838.jpg,steak,.jpg,52.47,512.0,512.0,RGB,JPEG,True,
/content/drive/MyDrive/Calorify/dataset/steak/steak_841.jpg,steak_841.jpg,steak,.jpg,40.54,512.0,382.0,RGB,JPEG,True,
/content/drive/MyDrive/Calorify/dataset/steak/steak_829.jpg,steak_829.jpg,steak,.jpg,30.88,512.0,288.0,RGB,JPEG,True,
/content/drive/MyDrive/Calorify/dataset/steak/steak_821.jpg,steak_821.jpg,steak,.jpg,38.11,512.0,384.0,RGB,JPEG,True,
/content/drive/MyDrive/Calorify/dataset/steak/steak_859.jpg,steak_859.jpg,steak,.jpg,69.18,512.0,512.0,RGB,JPEG,True,
/content/drive/MyDrive/Calorify/dataset/steak/steak_826.jpg,steak_826.jpg,steak,.jpg,42.26,512.0,512.0,RGB,JPEG,True,
/content/drive/MyDrive/Calorify/dataset/steak/steak_848.jpg,steak_848.jpg,steak,.jpg,60.87,512.0,512.0,RGB,JPEG,True,
/content/drive/MyDrive/Calorify/dataset/steak/steak_856.jpg,steak_856.jpg,steak,.jpg,29.85,384.0,512.0,RGB,JPEG,True,
/content/drive/MyDrive/Calorify/dataset/steak/steak_828.jpg,steak_828.jpg,steak,.jpg,67.11,512.0,384.0,RGB,JPEG,True,
/content/drive/MyDrive/Calorify/dataset/steak/steak_844.jpg,steak_844.jpg,steak,.jpg,44.13,512.0,384.0,RGB,JPEG,True,
/content/drive/MyDrive/Calorify/dataset/steak/steak_855.jpg,steak_855.jpg,steak,.jpg,20.9,512.0,288.0,RGB,JPEG,True,
/content/drive/MyDrive/Calorify/dataset/steak/steak_850.jpg,steak_850.jpg,steak,.jpg,60.81,512.0,512.0,RGB,JPEG,True,
/content/drive/MyDrive/Calorify/dataset/steak/steak_825.jpg,steak_825.jpg,steak,.jpg,45.36,512.0,512.0,RGB,JPEG,True,
/content/drive/MyDrive/Calorify/dataset/steak/steak_822.jpg,steak_822.jpg,steak,.jpg,34.93,384.0,512.0,RGB,JPEG,True,
/content/drive/MyDrive/Calorify/dataset/steak/steak_834.jpg,steak_834.jpg,steak,.jpg,42.26,512.0,384.0,RGB,JPEG,True,
/content/drive/MyDrive/Calorify/dataset/steak/steak_853.jpg,steak_853.jpg,steak,.jpg,50.97,384.0,512.0,RGB,JPEG,True,
/content/drive/MyDrive/Calorify/dataset/steak/steak_854.jpg,steak_854.jpg,steak,.jpg,41.69,384.0,512.0,RGB,JPEG,True,
/content/drive/MyDrive/Calorify/dataset/steak/steak_836.jpg,steak_836.jpg,steak,.jpg,38.58,512.0,512.0,RGB,JPEG,True,
/content/drive/MyDrive/Calorify/dataset/steak/steak_818.jpg,steak_818.jpg,steak,.jpg,39.32,512.0,288.0,RGB,JPEG,True,
/content/drive/MyDrive/Calorify/dataset/steak/steak_819.jpg,steak_819.jpg,steak,.jpg,46.59,512.0,384.0,RGB,JPEG,True,
/content/drive/MyDrive/Calorify/dataset/steak/steak_824.jpg,steak_824.jpg,steak,.jpg,36.13,512.0,384.0,RGB,JPEG,True,
/content/drive/MyDrive/Calorify/dataset/steak/steak_847.jpg,steak_847.jpg,steak,.jpg,71.5,512.0,512.0,RGB,JPEG,True,
/content/drive/MyDrive/Calorify/dataset/steak/steak_823.jpg,steak_823.jpg,steak,.jpg,57.67,512.0,512.0,RGB,JPEG,True,
/content/drive/MyDrive/Calorify/dataset/steak/steak_827.jpg,steak_827.jpg,steak,.jpg,61.29,512.0,384.0,RGB,JPEG,True,
/content/drive/MyDrive/Calorify/dataset/steak/steak_839.jpg,steak_839.jpg,steak,.jpg,39.56,512.0,512.0,RGB,JPEG,True,
/content/drive/MyDrive/Calorify/dataset/steak/steak_832.jpg,steak_832.jpg,steak,.jpg,39.0,512.0,512.0,RGB,JPEG,True,
/content/drive/MyDrive/Calorify/dataset/steak/steak_857.jpg,steak_857.jpg,steak,.jpg,45.09,512.0,512.0,RGB,JPEG,True,
/content/drive/MyDrive/Calorify/dataset/steak/steak_843.jpg,steak_843.jpg,steak,.jpg,43.63,384.0,512.0,RGB,JPEG,True,
/content/drive/MyDrive/Calorify/dataset/steak/steak_851.jpg,steak_851.jpg,steak,.jpg,34.77,512.0,289.0,RGB,JPEG,True,
/content/drive/MyDrive/Calorify/dataset/steak/steak_845.jpg,steak_845.jpg,steak,.jpg,52.62,512.0,512.0,RGB,JPEG,True,
/content/drive/MyDrive/Calorify/dataset/steak/steak_833.jpg,steak_833.jpg,steak,.jpg,61.95,512.0,512.0,RGB,JPEG,True,
/content/drive/MyDrive/Calorify/dataset/steak/steak_849.jpg,steak_849.jpg,steak,.jpg,46.13,512.0,512.0,RGB,JPEG,True,
/content/drive/MyDrive/Calorify/dataset/steak/steak_852.jpg,steak_852.jpg,steak,.jpg,42.93,512.0,512.0,RGB,JPEG,True,
/content/drive/MyDrive/Calorify/dataset/steak/steak_835.jpg,steak_835.jpg,steak,.jpg,24.96,512.0,512.0,RGB,JPEG,True,
/content/drive/MyDrive/Calorify/dataset/steak/steak_831.jpg,steak_831.jpg,steak,.jpg,57.1,512.0,512.0,RGB,JPEG,True,
/content/drive/MyDrive/Calorify/dataset/steak/steak_842.jpg,steak_842.jpg,steak,.jpg,33.73,512.0,384.0,RGB,JPEG,True,
/content/drive/MyDrive/Calorify/dataset/steak/steak_830.jpg,steak_830.jpg,steak,.jpg,42.93,384.0,512.0,RGB,JPEG,True,
/content/drive/MyDrive/Calorify/dataset/steak/steak_846.jpg,steak_846.jpg,steak,.jpg,120.63,512.0,512.0,RGB,JPEG,True,
/content/drive/MyDrive/Calorify/dataset/steak/steak_858.jpg,steak_858.jpg,steak,.jpg,39.47,512.0,512.0,RGB,JPEG,True,
/content/drive/MyDrive/Calorify/dataset/steak/steak_820.jpg,steak_820.jpg,steak,.jpg,63.31,512.0,512.0,RGB,JPEG,True,
/content/drive/MyDrive/Calorify/dataset/steak/steak_840.jpg,steak_840.jpg,steak,.jpg,50.88,512.0,512.0,RGB,JPEG,True,
/content/drive/MyDrive/Calorify/dataset/steak/steak_869.jpg,steak_869.jpg,steak,.jpg,42.94,512.0,512.0,RGB,JPEG,True,
/content/drive/MyDrive/Calorify/dataset/steak/steak_889.jpg,steak_889.jpg,steak,.jpg,40.58,512.0,384.0,RGB,JPEG,True,
/content/drive/MyDrive/Calorify/dataset/steak/steak_888.jpg,steak_888.jpg,steak,.jpg,49.89,512.0,384.0,RGB,JPEG,True,
/content/drive/MyDrive/Calorify/dataset/steak/steak_899.jpg,steak_899.jpg,steak,.jpg,50.1,512.0,384.0,RGB,JPEG,True,
/content/drive/MyDrive/Calorify/dataset/steak/steak_871.jpg,steak_871.jpg,steak,.jpg,82.25,512.0,512.0,RGB,JPEG,True,
/content/drive/MyDrive/Calorify/dataset/steak/steak_898.jpg,steak_898.jpg,steak,.jpg,45.74,382.0,512.0,RGB,JPEG,True,
/content/drive/MyDrive/Calorify/dataset/steak/steak_870.jpg,steak_870.jpg,steak,.jpg,42.78,384.0,512.0,RGB,JPEG,True,
/content/drive/MyDrive/Calorify/dataset/steak/steak_874.jpg,steak_874.jpg,steak,.jpg,50.47,512.0,512.0,RGB,JPEG,True,
/content/drive/MyDrive/Calorify/dataset/steak/steak_872.jpg,steak_872.jpg,steak,.jpg,26.9,512.0,306.0,RGB,JPEG,True,
/content/drive/MyDrive/Calorify/dataset/steak/steak_893.jpg,steak_893.jpg,steak,.jpg,52.31,384.0,512.0,RGB,JPEG,True,
/content/drive/MyDrive/Calorify/dataset/steak/steak_879.jpg,steak_879.jpg,steak,.jpg,40.18,512.0,307.0,RGB,JPEG,True,
/content/drive/MyDrive/Calorify/dataset/steak/steak_896.jpg,steak_896.jpg,steak,.jpg,43.33,384.0,512.0,RGB,JPEG,True,
/content/drive/MyDrive/Calorify/dataset/steak/steak_861.jpg,steak_861.jpg,steak,.jpg,55.3,512.0,442.0,RGB,JPEG,True,
/content/drive/MyDrive/Calorify/dataset/steak/steak_877.jpg,steak_877.jpg,steak,.jpg,78.79,512.0,512.0,RGB,JPEG,True,
/content/drive/MyDrive/Calorify/dataset/steak/steak_866.jpg,steak_866.jpg,steak,.jpg,54.51,512.0,512.0,RGB,JPEG,True,
/content/drive/MyDrive/Calorify/dataset/steak/steak_875.jpg,steak_875.jpg,steak,.jpg,49.68,512.0,512.0,RGB,JPEG,True,
/content/drive/MyDrive/Calorify/dataset/steak/steak_876.jpg,steak_876.jpg,steak,.jpg,42.64,512.0,384.0,RGB,JPEG,True,
/content/drive/MyDrive/Calorify/dataset/steak/steak_883.jpg,steak_883.jpg,steak,.jpg,44.88,512.0,512.0,RGB,JPEG,True,
/content/drive/MyDrive/Calorify/dataset/steak/steak_885.jpg,steak_885.jpg,steak,.jpg,41.83,384.0,512.0,RGB,JPEG,True,
/content/drive/MyDrive/Calorify/dataset/steak/steak_882.jpg,steak_882.jpg,steak,.jpg,98.65,512.0,340.0,RGB,JPEG,True,
/content/drive/MyDrive/Calorify/dataset/steak/steak_881.jpg,steak_881.jpg,steak,.jpg,61.86,512.0,512.0,RGB,JPEG,True,
/content/drive/MyDrive/Calorify/dataset/steak/steak_897.jpg,steak_897.jpg,steak,.jpg,89.23,512.0,384.0,RGB,JPEG,True,
/content/drive/MyDrive/Calorify/dataset/steak/steak_863.jpg,steak_863.jpg,steak,.jpg,40.42,512.0,512.0,RGB,JPEG,True,
/content/drive/MyDrive/Calorify/dataset/steak/steak_891.jpg,steak_891.jpg,steak,.jpg,48.39,382.0,512.0,RGB,JPEG,True,
/content/drive/MyDrive/Calorify/dataset/steak/steak_865.jpg,steak_865.jpg,steak,.jpg,41.18,382.0,512.0,RGB,JPEG,True,
/content/drive/MyDrive/Calorify/dataset/steak/steak_868.jpg,steak_868.jpg,steak,.jpg,56.66,512.0,512.0,RGB,JPEG,True,
/content/drive/MyDrive/Calorify/dataset/steak/steak_867.jpg,steak_867.jpg,steak,.jpg,23.43,512.0,289.0,RGB,JPEG,True,
/content/drive/MyDrive/Calorify/dataset/steak/steak_901.jpg,steak_901.jpg,steak,.jpg,45.4,512.0,341.0,RGB,JPEG,True,
/content/drive/MyDrive/Calorify/dataset/steak/steak_890.jpg,steak_890.jpg,steak,.jpg,31.79,512.0,342.0,RGB,JPEG,True,
/content/drive/MyDrive/Calorify/dataset/steak/steak_862.jpg,steak_862.jpg,steak,.jpg,50.55,512.0,512.0,RGB,JPEG,True,
/content/drive/MyDrive/Calorify/dataset/steak/steak_880.jpg,steak_880.jpg,steak,.jpg,65.25,512.0,512.0,RGB,JPEG,True,
/content/drive/MyDrive/Calorify/dataset/steak/steak_892.jpg,steak_892.jpg,steak,.jpg,57.98,384.0,512.0,RGB,JPEG,True,
/content/drive/MyDrive/Calorify/dataset/steak/steak_895.jpg,steak_895.jpg,steak,.jpg,35.95,512.0,382.0,RGB,JPEG,True,
/content/drive/MyDrive/Calorify/dataset/steak/steak_873.jpg,steak_873.jpg,steak,.jpg,44.64,512.0,512.0,RGB,JPEG,True,
/content/drive/MyDrive/Calorify/dataset/steak/steak_860.jpg,steak_860.jpg,steak,.jpg,47.11,512.0,512.0,RGB,JPEG,True,
/content/drive/MyDrive/Calorify/dataset/steak/steak_878.jpg,steak_878.jpg,steak,.jpg,62.17,512.0,512.0,RGB,JPEG,True,
/content/drive/MyDrive/Calorify/dataset/steak/steak_900.jpg,steak_900.jpg,steak,.jpg,45.43,306.0,512.0,RGB,JPEG,True,
/content/drive/MyDrive/Calorify/dataset/steak/steak_886.jpg,steak_886.jpg,steak,.jpg,61.52,512.0,512.0,RGB,JPEG,True,
/content/drive/MyDrive/Calorify/dataset/steak/steak_894.jpg,steak_894.jpg,steak,.jpg,103.96,512.0,344.0,RGB,JPEG,True,
/content/drive/MyDrive/Calorify/dataset/steak/steak_864.jpg,steak_864.jpg,steak,.jpg,49.1,512.0,384.0,RGB,JPEG,True,
/content/drive/MyDrive/Calorify/dataset/steak/steak_884.jpg,steak_884.jpg,steak,.jpg,44.93,384.0,512.0,RGB,JPEG,True,
/content/drive/MyDrive/Calorify/dataset/steak/steak_887.jpg,steak_887.jpg,steak,.jpg,63.57,512.0,512.0,RGB,JPEG,True,
/content/drive/MyDrive/Calorify/dataset/steak/steak_920.jpg,steak_920.jpg,steak,.jpg,40.84,512.0,512.0,RGB,JPEG,True,
/content/drive/MyDrive/Calorify/dataset/steak/steak_902.jpg,steak_902.jpg,steak,.jpg,46.03,512.0,341.0,RGB,JPEG,True,
/content/drive/MyDrive/Calorify/dataset/steak/steak_904.jpg,steak_904.jpg,steak,.jpg,53.59,382.0,512.0,RGB,JPEG,True,
/content/drive/MyDrive/Calorify/dataset/steak/steak_935.jpg,steak_935.jpg,steak,.jpg,33.41,512.0,384.0,RGB,JPEG,True,
/content/drive/MyDrive/Calorify/dataset/steak/steak_912.jpg,steak_912.jpg,steak,.jpg,55.17,512.0,512.0,RGB,JPEG,True,
/content/drive/MyDrive/Calorify/dataset/steak/steak_941.jpg,steak_941.jpg,steak,.jpg,67.29,512.0,512.0,RGB,JPEG,True,
/content/drive/MyDrive/Calorify/dataset/steak/steak_931.jpg,steak_931.jpg,steak,.jpg,45.9,512.0,512.0,RGB,JPEG,True,
/content/drive/MyDrive/Calorify/dataset/steak/steak_937.jpg,steak_937.jpg,steak,.jpg,49.9,512.0,512.0,RGB,JPEG,True,
/content/drive/MyDrive/Calorify/dataset/steak/steak_933.jpg,steak_933.jpg,steak,.jpg,45.46,512.0,512.0,RGB,JPEG,True,
/content/drive/MyDrive/Calorify/dataset/steak/steak_903.jpg,steak_903.jpg,steak,.jpg,41.06,512.0,382.0,RGB,JPEG,True,
/content/drive/MyDrive/Calorify/dataset/steak/steak_939.jpg,steak_939.jpg,steak,.jpg,126.31,512.0,512.0,RGB,JPEG,True,
/content/drive/MyDrive/Calorify/dataset/steak/steak_907.jpg,steak_907.jpg,steak,.jpg,61.98,512.0,384.0,RGB,JPEG,True,
/content/drive/MyDrive/Calorify/dataset/steak/steak_905.jpg,steak_905.jpg,steak,.jpg,83.51,512.0,384.0,RGB,JPEG,True,
/content/drive/MyDrive/Calorify/dataset/steak/steak_934.jpg,steak_934.jpg,steak,.jpg,41.54,512.0,384.0,RGB,JPEG,True,
/content/drive/MyDrive/Calorify/dataset/steak/steak_910.jpg,steak_910.jpg,steak,.jpg,83.22,512.0,384.0,RGB,JPEG,True,
/content/drive/MyDrive/Calorify/dataset/steak/steak_919.jpg,steak_919.jpg,steak,.jpg,64.91,512.0,512.0,RGB,JPEG,True,
/content/drive/MyDrive/Calorify/dataset/steak/steak_921.jpg,steak_921.jpg,steak,.jpg,79.43,512.0,512.0,RGB,JPEG,True,
/content/drive/MyDrive/Calorify/dataset/steak/steak_932.jpg,steak_932.jpg,steak,.jpg,51.39,512.0,341.0,RGB,JPEG,True,
/content/drive/MyDrive/Calorify/dataset/steak/steak_906.jpg,steak_906.jpg,steak,.jpg,34.81,512.0,384.0,RGB,JPEG,True,
/content/drive/MyDrive/Calorify/dataset/steak/steak_923.jpg,steak_923.jpg,steak,.jpg,37.92,512.0,512.0,RGB,JPEG,True,
/content/drive/MyDrive/Calorify/dataset/steak/steak_929.jpg,steak_929.jpg,steak,.jpg,97.66,512.0,384.0,RGB,JPEG,True,
/content/drive/MyDrive/Calorify/dataset/steak/steak_927.jpg,steak_927.jpg,steak,.jpg,62.32,512.0,512.0,RGB,JPEG,True,
/content/drive/MyDrive/Calorify/dataset/steak/steak_913.jpg,steak_913.jpg,steak,.jpg,32.14,512.0,382.0,RGB,JPEG,True,
/content/drive/MyDrive/Calorify/dataset/steak/steak_928.jpg,steak_928.jpg,steak,.jpg,67.14,512.0,512.0,RGB,JPEG,True,
/content/drive/MyDrive/Calorify/dataset/steak/steak_942.jpg,steak_942.jpg,steak,.jpg,49.25,512.0,512.0,RGB,JPEG,True,
/content/drive/MyDrive/Calorify/dataset/steak/steak_926.jpg,steak_926.jpg,steak,.jpg,38.96,512.0,512.0,RGB,JPEG,True,
/content/drive/MyDrive/Calorify/dataset/steak/steak_908.jpg,steak_908.jpg,steak,.jpg,31.48,384.0,512.0,RGB,JPEG,True,
/content/drive/MyDrive/Calorify/dataset/steak/steak_938.jpg,steak_938.jpg,steak,.jpg,55.21,512.0,384.0,RGB,JPEG,True,
/content/drive/MyDrive/Calorify/dataset/steak/steak_916.jpg,steak_916.jpg,steak,.jpg,64.86,512.0,384.0,RGB,JPEG,True,
/content/drive/MyDrive/Calorify/dataset/steak/steak_918.jpg,steak_918.jpg,steak,.jpg,56.43,512.0,512.0,RGB,JPEG,True,
/content/drive/MyDrive/Calorify/dataset/steak/steak_922.jpg,steak_922.jpg,steak,.jpg,40.13,382.0,512.0,RGB,JPEG,True,
/content/drive/MyDrive/Calorify/dataset/steak/steak_924.jpg,steak_924.jpg,steak,.jpg,52.41,512.0,512.0,RGB,JPEG,True,
/content/drive/MyDrive/Calorify/dataset/steak/steak_914.jpg,steak_914.jpg,steak,.jpg,62.17,512.0,512.0,RGB,JPEG,True,
/content/drive/MyDrive/Calorify/dataset/steak/steak_925.jpg,steak_925.jpg,steak,.jpg,25.25,341.0,512.0,RGB,JPEG,True,
/content/drive/MyDrive/Calorify/dataset/steak/steak_930.jpg,steak_930.jpg,steak,.jpg,47.18,512.0,418.0,RGB,JPEG,True,
/content/drive/MyDrive/Calorify/dataset/steak/steak_940.jpg,steak_940.jpg,steak,.jpg,54.13,512.0,512.0,RGB,JPEG,True,
/content/drive/MyDrive/Calorify/dataset/steak/steak_917.jpg,steak_917.jpg,steak,.jpg,44.66,512.0,382.0,RGB,JPEG,True,
/content/drive/MyDrive/Calorify/dataset/steak/steak_936.jpg,steak_936.jpg,steak,.jpg,51.39,512.0,384.0,RGB,JPEG,True,
/content/drive/MyDrive/Calorify/dataset/steak/steak_915.jpg,steak_915.jpg,steak,.jpg,59.79,512.0,512.0,RGB,JPEG,True,
/content/drive/MyDrive/Calorify/dataset/steak/steak_911.jpg,steak_911.jpg,steak,.jpg,50.37,512.0,384.0,RGB,JPEG,True,
/content/drive/MyDrive/Calorify/dataset/steak/steak_909.jpg,steak_909.jpg,steak,.jpg,38.43,512.0,307.0,RGB,JPEG,True,
/content/drive/MyDrive/Calorify/dataset/steak/steak_948.jpg,steak_948.jpg,steak,.jpg,69.28,512.0,499.0,RGB,JPEG,True,
/content/drive/MyDrive/Calorify/dataset/steak/steak_956.jpg,steak_956.jpg,steak,.jpg,47.25,512.0,384.0,RGB,JPEG,True,
/content/drive/MyDrive/Calorify/dataset/steak/steak_953.jpg,steak_953.jpg,steak,.jpg,75.38,512.0,384.0,RGB,JPEG,True,
/content/drive/MyDrive/Calorify/dataset/steak/steak_977.jpg,steak_977.jpg,steak,.jpg,49.59,512.0,512.0,RGB,JPEG,True,
/content/drive/MyDrive/Calorify/dataset/steak/steak_981.jpg,steak_981.jpg,steak,.jpg,28.96,512.0,384.0,RGB,JPEG,True,
/content/drive/MyDrive/Calorify/dataset/steak/steak_950.jpg,steak_950.jpg,steak,.jpg,57.1,512.0,512.0,RGB,JPEG,True,
/content/drive/MyDrive/Calorify/dataset/steak/steak_969.jpg,steak_969.jpg,steak,.jpg,80.84,512.0,512.0,RGB,JPEG,True,
/content/drive/MyDrive/Calorify/dataset/steak/steak_959.jpg,steak_959.jpg,steak,.jpg,46.1,512.0,512.0,RGB,JPEG,True,
/content/drive/MyDrive/Calorify/dataset/steak/steak_978.jpg,steak_978.jpg,steak,.jpg,59.62,512.0,512.0,RGB,JPEG,True,
/content/drive/MyDrive/Calorify/dataset/steak/steak_963.jpg,steak_963.jpg,steak,.jpg,57.05,512.0,512.0,RGB,JPEG,True,
/content/drive/MyDrive/Calorify/dataset/steak/steak_983.jpg,steak_983.jpg,steak,.jpg,49.37,512.0,512.0,RGB,JPEG,True,
/content/drive/MyDrive/Calorify/dataset/steak/steak_943.jpg,steak_943.jpg,steak,.jpg,50.89,512.0,512.0,RGB,JPEG,True,
/content/drive/MyDrive/Calorify/dataset/steak/steak_949.jpg,steak_949.jpg,steak,.jpg,32.34,512.0,306.0,RGB,JPEG,True,
/content/drive/MyDrive/Calorify/dataset/steak/steak_961.jpg,steak_961.jpg,steak,.jpg,57.91,512.0,512.0,RGB,JPEG,True,
/content/drive/MyDrive/Calorify/dataset/steak/steak_976.jpg,steak_976.jpg,steak,.jpg,46.26,512.0,512.0,RGB,JPEG,True,
/content/drive/MyDrive/Calorify/dataset/steak/steak_951.jpg,steak_951.jpg,steak,.jpg,57.85,512.0,341.0,RGB,JPEG,True,
/content/drive/MyDrive/Calorify/dataset/steak/steak_975.jpg,steak_975.jpg,steak,.jpg,62.11,512.0,512.0,RGB,JPEG,True,
/content/drive/MyDrive/Calorify/dataset/steak/steak_968.jpg,steak_968.jpg,steak,.jpg,38.92,512.0,384.0,RGB,JPEG,True,
/content/drive/MyDrive/Calorify/dataset/steak/steak_944.jpg,steak_944.jpg,steak,.jpg,61.92,512.0,512.0,RGB,JPEG,True,
/content/drive/MyDrive/Calorify/dataset/steak/steak_965.jpg,steak_965.jpg,steak,.jpg,37.76,512.0,306.0,RGB,JPEG,True,
/content/drive/MyDrive/Calorify/dataset/steak/steak_947.jpg,steak_947.jpg,steak,.jpg,43.33,512.0,384.0,RGB,JPEG,True,
/content/drive/MyDrive/Calorify/dataset/steak/steak_973.jpg,steak_973.jpg,steak,.jpg,43.46,512.0,465.0,RGB,JPEG,True,
/content/drive/MyDrive/Calorify/dataset/steak/steak_960.jpg,steak_960.jpg,steak,.jpg,51.91,512.0,512.0,RGB,JPEG,True,
/content/drive/MyDrive/Calorify/dataset/steak/steak_957.jpg,steak_957.jpg,steak,.jpg,41.46,512.0,288.0,RGB,JPEG,True,
/content/drive/MyDrive/Calorify/dataset/steak/steak_970.jpg,steak_970.jpg,steak,.jpg,38.03,384.0,512.0,RGB,JPEG,True,
/content/drive/MyDrive/Calorify/dataset/steak/steak_958.jpg,steak_958.jpg,steak,.jpg,53.96,512.0,384.0,RGB,JPEG,True,
/content/drive/MyDrive/Calorify/dataset/steak/steak_946.jpg,steak_946.jpg,steak,.jpg,61.04,512.0,512.0,RGB,JPEG,True,
/content/drive/MyDrive/Calorify/dataset/steak/steak_964.jpg,steak_964.jpg,steak,.jpg,41.8,512.0,384.0,RGB,JPEG,True,
/content/drive/MyDrive/Calorify/dataset/steak/steak_945.jpg,steak_945.jpg,steak,.jpg,67.72,512.0,512.0,RGB,JPEG,True,
/content/drive/MyDrive/Calorify/dataset/steak/steak_954.jpg,steak_954.jpg,steak,.jpg,60.62,512.0,512.0,RGB,JPEG,True,
/content/drive/MyDrive/Calorify/dataset/steak/steak_955.jpg,steak_955.jpg,steak,.jpg,51.56,512.0,512.0,RGB,JPEG,True,
/content/drive/MyDrive/Calorify/dataset/steak/steak_979.jpg,steak_979.jpg,steak,.jpg,56.72,512.0,512.0,RGB,JPEG,True,
/content/drive/MyDrive/Calorify/dataset/steak/steak_962.jpg,steak_962.jpg,steak,.jpg,42.86,512.0,512.0,RGB,JPEG,True,
/content/drive/MyDrive/Calorify/dataset/steak/steak_967.jpg,steak_967.jpg,steak,.jpg,46.24,512.0,384.0,RGB,JPEG,True,
/content/drive/MyDrive/Calorify/dataset/steak/steak_972.jpg,steak_972.jpg,steak,.jpg,40.86,512.0,341.0,RGB,JPEG,True,
/content/drive/MyDrive/Calorify/dataset/steak/steak_971.jpg,steak_971.jpg,steak,.jpg,48.68,509.0,512.0,RGB,JPEG,True,
/content/drive/MyDrive/Calorify/dataset/steak/steak_974.jpg,steak_974.jpg,steak,.jpg,62.83,512.0,384.0,RGB,JPEG,True,
/content/drive/MyDrive/Calorify/dataset/steak/steak_982.jpg,steak_982.jpg,steak,.jpg,49.13,512.0,512.0,RGB,JPEG,True,
/content/drive/MyDrive/Calorify/dataset/steak/steak_966.jpg,steak_966.jpg,steak,.jpg,64.48,512.0,512.0,RGB,JPEG,True,
/content/drive/MyDrive/Calorify/dataset/steak/steak_980.jpg,steak_980.jpg,steak,.jpg,52.42,512.0,512.0,RGB,JPEG,True,
/content/drive/MyDrive/Calorify/dataset/steak/steak_952.jpg,steak_952.jpg,steak,.jpg,38.02,512.0,384.0,RGB,JPEG,True,
/content/drive/MyDrive/Calorify/dataset/steak/steak_996.jpg,steak_996.jpg,steak,.jpg,68.76,512.0,502.0,RGB,JPEG,True,
/content/drive/MyDrive/Calorify/dataset/steak/steak_989.jpg,steak_989.jpg,steak,.jpg,37.46,384.0,512.0,RGB,JPEG,True,
/content/drive/MyDrive/Calorify/dataset/steak/steak_986.jpg,steak_986.jpg,steak,.jpg,43.75,512.0,512.0,RGB,JPEG,True,
/content/drive/MyDrive/Calorify/dataset/steak/steak_997.jpg,steak_997.jpg,steak,.jpg,36.74,384.0,512.0,RGB,JPEG,True,
/content/drive/MyDrive/Calorify/dataset/steak/steak_993.jpg,steak_993.jpg,steak,.jpg,48.78,384.0,512.0,RGB,JPEG,True,
/content/drive/MyDrive/Calorify/dataset/steak/steak_984.jpg,steak_984.jpg,steak,.jpg,47.17,512.0,512.0,RGB,JPEG,True,
/content/drive/MyDrive/Calorify/dataset/steak/steak_987.jpg,steak_987.jpg,steak,.jpg,45.86,512.0,512.0,RGB,JPEG,True,
/content/drive/MyDrive/Calorify/dataset/steak/steak_994.jpg,steak_994.jpg,steak,.jpg,61.17,512.0,512.0,RGB,JPEG,True,
/content/drive/MyDrive/Calorify/dataset/steak/steak_991.jpg,steak_991.jpg,steak,.jpg,42.37,512.0,512.0,RGB,JPEG,True,
/content/drive/MyDrive/Calorify/dataset/steak/steak_988.jpg,steak_988.jpg,steak,.jpg,43.34,512.0,384.0,RGB,JPEG,True,
/content/drive/MyDrive/Calorify/dataset/steak/steak_992.jpg,steak_992.jpg,steak,.jpg,50.59,512.0,384.0,RGB,JPEG,True,
/content/drive/MyDrive/Calorify/dataset/steak/steak_999.jpg,steak_999.jpg,steak,.jpg,49.47,512.0,512.0,RGB,JPEG,True,
/content/drive/MyDrive/Calorify/dataset/steak/steak_990.jpg,steak_990.jpg,steak,.jpg,46.8,512.0,512.0,RGB,JPEG,True,
/content/drive/MyDrive/Calorify/dataset/steak/steak_998.jpg,steak_998.jpg,steak,.jpg,60.11,512.0,512.0,RGB,JPEG,True,
/content/drive/MyDrive/Calorify/dataset/steak/steak_985.jpg,steak_985.jpg,steak,.jpg,51.77,512.0,512.0,RGB,JPEG,True,
/content/drive/MyDrive/Calorify/dataset/steak/steak_995.jpg,steak_995.jpg,steak,.jpg,49.67,512.0,512.0,RGB,JPEG,True,
/content/drive/MyDrive/Calorify/dataset/steak/1092.jpg,1092.jpg,steak,.jpg,74.52,626.0,417.0,RGB,JPEG,True,
/content/drive/MyDrive/Calorify/dataset/steak/1093.jpg,1093.jpg,steak,.jpg,186.99,1600.0,1157.0,RGB,JPEG,True,
/content/drive/MyDrive/Calorify/dataset/steak/1094.jpg,1094.jpg,steak,.jpg,68.93,800.0,449.0,RGB,JPEG,True,
/content/drive/MyDrive/Calorify/dataset/steak/1095.jpg,1095.jpg,steak,.jpg,194.45,1300.0,1065.0,RGB,JPEG,True,
/content/drive/MyDrive/Calorify/dataset/steak/1096.jpg,1096.jpg,steak,.jpg,90.29,498.0,996.0,RGB,JPEG,True,
/content/drive/MyDrive/Calorify/dataset/steak/1097.jpg,1097.jpg,steak,.jpg,79.82,500.0,750.0,RGB,JPEG,True,
/content/drive/MyDrive/Calorify/dataset/steak/1098.jpg,1098.jpg,steak,.jpg,929.67,1200.0,1800.0,RGB,JPEG,True,
/content/drive/MyDrive/Calorify/dataset/steak/1099.jpg,1099.jpg,steak,.jpg,338.64,2000.0,1333.0,RGB,JPEG,True,
/content/drive/MyDrive/Calorify/dataset/steak/1100.jpg,1100.jpg,steak,.jpg,53.01,800.0,404.0,RGB,JPEG,True,
/content/drive/MyDrive/Calorify/dataset/steak/1101.jpg,1101.jpg,steak,.jpg,36.44,626.0,358.0,RGB,JPEG,True,
/content/drive/MyDrive/Calorify/dataset/steak/1102.jpg,1102.jpg,steak,.jpg,53.72,600.0,900.0,RGB,JPEG,True,
/content/drive/MyDrive/Calorify/dataset/steak/1103.jpg,1103.jpg,steak,.jpg,199.41,1600.0,1157.0,RGB,JPEG,True,
/content/drive/MyDrive/Calorify/dataset/steak/1104.jpg,1104.jpg,steak,.jpg,73.77,800.0,534.0,RGB,JPEG,True,
/content/drive/MyDrive/Calorify/dataset/steak/1105.jpg,1105.jpg,steak,.jpg,56.35,626.0,358.0,RGB,JPEG,True,
/content/drive/MyDrive/Calorify/dataset/steak/1106.jpg,1106.jpg,steak,.jpg,89.67,800.0,618.0,RGB,JPEG,True,
/content/drive/MyDrive/Calorify/dataset/steak/1107.jpg,1107.jpg,steak,.jpg,72.38,800.0,534.0,RGB,JPEG,True,
/content/drive/MyDrive/Calorify/dataset/steak/1108.jpg,1108.jpg,steak,.jpg,76.18,417.0,626.0,RGB,JPEG,True,
/content/drive/MyDrive/Calorify/dataset/steak/1109.jpg,1109.jpg,steak,.jpg,84.13,992.0,662.0,RGB,JPEG,True,
/content/drive/MyDrive/Calorify/dataset/steak/1110.jpg,1110.jpg,steak,.jpg,188.4,736.0,1104.0,RGB,JPEG,True,
/content/drive/MyDrive/Calorify/dataset/steak/1111.jpg,1111.jpg,steak,.jpg,40.63,800.0,449.0,RGB,JPEG,True,
/content/drive/MyDrive/Calorify/dataset/steak/1113.jpg,1113.jpg,steak,.jpg,29.63,480.0,270.0,RGB,JPEG,True,
/content/drive/MyDrive/Calorify/dataset/steak/1112.jpg,1112.jpg,steak,.jpg,242.64,1300.0,1065.0,RGB,JPEG,True,
/content/drive/MyDrive/Calorify/dataset/steak/1114.jpg,1114.jpg,steak,.jpg,217.92,1600.0,1690.0,RGB,JPEG,True,
/content/drive/MyDrive/Calorify/dataset/steak/1115.jpg,1115.jpg,steak,.jpg,329.89,1600.0,1157.0,RGB,JPEG,True,
/content/drive/MyDrive/Calorify/dataset/steak/1116.jpg,1116.jpg,steak,.jpg,196.43,866.0,1390.0,RGB,JPEG,True,
/content/drive/MyDrive/Calorify/dataset/steak/1117.jpg,1117.jpg,steak,.jpg,63.9,800.0,449.0,RGB,JPEG,True,
/content/drive/MyDrive/Calorify/dataset/steak/1118.jpg,1118.jpg,steak,.jpg,201.74,1300.0,957.0,RGB,JPEG,True,
/content/drive/MyDrive/Calorify/dataset/steak/1119.jpg,1119.jpg,steak,.jpg,55.97,626.0,492.0,RGB,JPEG,True,
/content/drive/MyDrive/Calorify/dataset/steak/1120.jpg,1120.jpg,steak,.jpg,123.81,1600.0,990.0,RGB,JPEG,True,
/content/drive/MyDrive/Calorify/dataset/steak/1121.jpg,1121.jpg,steak,.jpg,363.46,2000.0,1292.0,RGB,JPEG,True,
/content/drive/MyDrive/Calorify/dataset/steak/1122.jpg,1122.jpg,steak,.jpg,38.29,683.0,1024.0,RGB,JPEG,True,
/content/drive/MyDrive/Calorify/dataset/steak/1123.jpg,1123.jpg,steak,.jpg,49.14,683.0,1024.0,RGB,JPEG,True,
/content/drive/MyDrive/Calorify/dataset/steak/1124.jpg,1124.jpg,steak,.jpg,156.01,1200.0,800.0,RGB,JPEG,True,
/content/drive/MyDrive/Calorify/dataset/steak/1125.jpg,1125.jpg,steak,.jpg,383.58,1200.0,1800.0,RGB,JPEG,True,
/content/drive/MyDrive/Calorify/dataset/steak/1126.jpg,1126.jpg,steak,.jpg,65.52,800.0,534.0,RGB,JPEG,True,
/content/drive/MyDrive/Calorify/dataset/steak/1127.jpg,1127.jpg,steak,.jpg,1797.09,1024.0,1024.0,RGB,PNG,True,
/content/drive/MyDrive/Calorify/dataset/steak/1128.jpg,1128.jpg,steak,.jpg,72.17,626.0,417.0,RGB,JPEG,True,
/content/drive/MyDrive/Calorify/dataset/steak/1129.jpg,1129.jpg,steak,.jpg,49.28,800.0,534.0,RGB,JPEG,True,
/content/drive/MyDrive/Calorify/dataset/steak/1130.jpg,1130.jpg,steak,.jpg,41.34,626.0,358.0,RGB,JPEG,True,
/content/drive/MyDrive/Calorify/dataset/steak/1131.jpg,1131.jpg,steak,.jpg,233.12,1500.0,1000.0,RGB,JPEG,True,
/content/drive/MyDrive/Calorify/dataset/steak/1132.jpg,1132.jpg,steak,.jpg,177.3,1300.0,956.0,RGB,JPEG,True,
/content/drive/MyDrive/Calorify/dataset/steak/1133.jpg,1133.jpg,steak,.jpg,72.36,470.0,626.0,RGB,JPEG,True,
/content/drive/MyDrive/Calorify/dataset/steak/1135.jpg,1135.jpg,steak,.jpg,65.52,800.0,534.0,RGB,JPEG,True,
/content/drive/MyDrive/Calorify/dataset/steak/1134.jpg,1134.jpg,steak,.jpg,61.05,626.0,417.0,RGB,JPEG,True,
/content/drive/MyDrive/Calorify/dataset/steak/1136.jpg,1136.jpg,steak,.jpg,56.48,626.0,471.0,RGB,JPEG,True,
/content/drive/MyDrive/Calorify/dataset/steak/1137.jpg,1137.jpg,steak,.jpg,92.67,1300.0,956.0,RGB,JPEG,True,
/content/drive/MyDrive/Calorify/dataset/steak/1138.jpg,1138.jpg,steak,.jpg,53.88,626.0,418.0,RGB,JPEG,True,
/content/drive/MyDrive/Calorify/dataset/steak/1139.jpg,1139.jpg,steak,.jpg,46.32,626.0,417.0,RGB,JPEG,True,
/content/drive/MyDrive/Calorify/dataset/steak/1140.jpg,1140.jpg,steak,.jpg,44.56,800.0,578.0,RGB,JPEG,True,
/content/drive/MyDrive/Calorify/dataset/steak/1141.jpg,1141.jpg,steak,.jpg,850.68,3500.0,2333.0,RGB,JPEG,True,
/content/drive/MyDrive/Calorify/dataset/steak/1142.jpg,1142.jpg,steak,.jpg,32.8,626.0,313.0,RGB,JPEG,True,
/content/drive/MyDrive/Calorify/dataset/steak/1143.jpg,1143.jpg,steak,.jpg,32.32,626.0,351.0,RGB,JPEG,True,
/content/drive/MyDrive/Calorify/dataset/steak/1144.jpg,1144.jpg,steak,.jpg,51.65,626.0,313.0,RGB,JPEG,True,
/content/drive/MyDrive/Calorify/dataset/steak/1145.jpg,1145.jpg,steak,.jpg,74.78,800.0,533.0,RGB,JPEG,True,
/content/drive/MyDrive/Calorify/dataset/steak/1146.jpg,1146.jpg,steak,.jpg,63.8,800.0,534.0,RGB,JPEG,True,
/content/drive/MyDrive/Calorify/dataset/steak/1147.jpg,1147.jpg,steak,.jpg,89.88,626.0,626.0,RGB,JPEG,True,
/content/drive/MyDrive/Calorify/dataset/steak/1148.jpg,1148.jpg,steak,.jpg,29.68,626.0,351.0,RGB,JPEG,True,
/content/drive/MyDrive/Calorify/dataset/steak/1149.jpg,1149.jpg,steak,.jpg,58.41,626.0,351.0,RGB,JPEG,True,
/content/drive/MyDrive/Calorify/dataset/steak/1150.jpg,1150.jpg,steak,.jpg,64.6,800.0,457.0,RGB,JPEG,True,
/content/drive/MyDrive/Calorify/dataset/steak/1151.jpg,1151.jpg,steak,.jpg,59.02,800.0,533.0,RGB,JPEG,True,
/content/drive/MyDrive/Calorify/dataset/steak/1152.jpg,1152.jpg,steak,.jpg,147.46,1300.0,951.0,RGB,JPEG,True,
/content/drive/MyDrive/Calorify/dataset/steak/1153.jpg,1153.jpg,steak,.jpg,183.09,1600.0,1157.0,RGB,JPEG,True,
/content/drive/MyDrive/Calorify/dataset/steak/1154.jpg,1154.jpg,steak,.jpg,40.53,800.0,450.0,RGB,JPEG,True,
/content/drive/MyDrive/Calorify/dataset/steak/1155.jpg,1155.jpg,steak,.jpg,143.53,1300.0,951.0,RGB,JPEG,True,
/content/drive/MyDrive/Calorify/dataset/steak/1156.jpg,1156.jpg,steak,.jpg,54.91,626.0,373.0,RGB,JPEG,True,
/content/drive/MyDrive/Calorify/dataset/steak/1157.jpg,1157.jpg,steak,.jpg,147.67,1024.0,682.0,RGB,JPEG,True,
/content/drive/MyDrive/Calorify/dataset/steak/1158.jpg,1158.jpg,steak,.jpg,90.29,498.0,996.0,RGB,JPEG,True,
/content/drive/MyDrive/Calorify/dataset/steak/1159.jpg,1159.jpg,steak,.jpg,305.22,1300.0,956.0,RGB,JPEG,True,
/content/drive/MyDrive/Calorify/dataset/steak/1161.jpg,1161.jpg,steak,.jpg,91.02,800.0,534.0,RGB,JPEG,True,
/content/drive/MyDrive/Calorify/dataset/steak/1162.jpg,1162.jpg,steak,.jpg,72.36,470.0,626.0,RGB,JPEG,True,
/content/drive/MyDrive/Calorify/dataset/steak/1163.jpg,1163.jpg,steak,.jpg,61.05,626.0,417.0,RGB,JPEG,True,
/content/drive/MyDrive/Calorify/dataset/steak/1164.jpg,1164.jpg,steak,.jpg,55.52,626.0,470.0,RGB,JPEG,True,
/content/drive/MyDrive/Calorify/dataset/steak/1165.jpg,1165.jpg,steak,.jpg,56.48,626.0,471.0,RGB,JPEG,True,
/content/drive/MyDrive/Calorify/dataset/steak/1166.jpg,1166.jpg,steak,.jpg,92.67,1300.0,956.0,RGB,JPEG,True,
/content/drive/MyDrive/Calorify/dataset/steak/1167.jpg,1167.jpg,steak,.jpg,53.88,626.0,418.0,RGB,JPEG,True,
/content/drive/MyDrive/Calorify/dataset/steak/1168.jpg,1168.jpg,steak,.jpg,46.46,800.0,449.0,RGB,JPEG,True,
/content/drive/MyDrive/Calorify/dataset/steak/1169.jpg,1169.jpg,steak,.jpg,66.03,800.0,533.0,RGB,JPEG,True,
/content/drive/MyDrive/Calorify/dataset/steak/1171.jpg,1171.jpg,steak,.jpg,54.14,626.0,418.0,RGB,JPEG,True,
/content/drive/MyDrive/Calorify/dataset/steak/1172.jpg,1172.jpg,steak,.jpg,169.05,1280.0,720.0,RGB,JPEG,True,
/content/drive/MyDrive/Calorify/dataset/steak/1173.jpg,1173.jpg,steak,.jpg,123.42,1120.0,739.0,RGB,JPEG,True,
/content/drive/MyDrive/Calorify/dataset/steak/1178.jpg,1178.jpg,steak,.jpg,359.35,960.0,1200.0,RGB,JPEG,True,
/content/drive/MyDrive/Calorify/dataset/steak/1180.jpg,1180.jpg,steak,.jpg,143.85,1200.0,1200.0,RGB,JPEG,True,
/content/drive/MyDrive/Calorify/dataset/steak/1181.jpg,1181.jpg,steak,.jpg,127.02,607.0,404.0,RGB,JPEG,True,
/content/drive/MyDrive/Calorify/dataset/steak/1182.jpg,1182.jpg,steak,.jpg,34.66,480.0,270.0,RGB,JPEG,True,
/content/drive/MyDrive/Calorify/dataset/steak/1183.jpg,1183.jpg,steak,.jpg,101.74,626.0,626.0,RGB,JPEG,True,
/content/drive/MyDrive/Calorify/dataset/steak/1184.jpg,1184.jpg,steak,.jpg,63.7,501.0,626.0,RGB,JPEG,True,
/content/drive/MyDrive/Calorify/dataset/steak/1185.jpg,1185.jpg,steak,.jpg,40.53,800.0,450.0,RGB,JPEG,True,
/content/drive/MyDrive/Calorify/dataset/steak/1186.jpg,1186.jpg,steak,.jpg,241.54,1600.0,1157.0,RGB,JPEG,True,
/content/drive/MyDrive/Calorify/dataset/steak/1187.jpg,1187.jpg,steak,.jpg,842.06,3000.0,2009.0,RGB,JPEG,True,
/content/drive/MyDrive/Calorify/dataset/steak/1188.jpg,1188.jpg,steak,.jpg,147.67,1024.0,682.0,RGB,JPEG,True,
/content/drive/MyDrive/Calorify/dataset/steak/1189.jpg,1189.jpg,steak,.jpg,68.93,800.0,449.0,RGB,JPEG,True,
/content/drive/MyDrive/Calorify/dataset/steak/1190.jpg,1190.jpg,steak,.jpg,90.29,498.0,996.0,RGB,JPEG,True,
/content/drive/MyDrive/Calorify/dataset/steak/1191.jpg,1191.jpg,steak,.jpg,108.8,626.0,626.0,RGB,JPEG,True,
/content/drive/MyDrive/Calorify/dataset/steak/1194.jpg,1194.jpg,steak,.jpg,68.93,800.0,449.0,RGB,JPEG,True,
/content/drive/MyDrive/Calorify/dataset/steak/1193.jpg,1193.jpg,steak,.jpg,74.52,626.0,417.0,RGB,JPEG,True,
/content/drive/MyDrive/Calorify/dataset/steak/1195.jpg,1195.jpg,steak,.jpg,194.45,1300.0,1065.0,RGB,JPEG,True,
/content/drive/MyDrive/Calorify/dataset/steak/1196.jpg,1196.jpg,steak,.jpg,90.29,498.0,996.0,RGB,JPEG,True,
/content/drive/MyDrive/Calorify/dataset/steak/1197.jpg,1197.jpg,steak,.jpg,79.82,500.0,750.0,RGB,JPEG,True,
/content/drive/MyDrive/Calorify/dataset/steak/1198.jpg,1198.jpg,steak,.jpg,929.67,1200.0,1800.0,RGB,JPEG,True,
/content/drive/MyDrive/Calorify/dataset/steak/1199.jpg,1199.jpg,steak,.jpg,338.64,2000.0,1333.0,RGB,JPEG,True,
/content/drive/MyDrive/Calorify/dataset/steak/1200.jpg,1200.jpg,steak,.jpg,53.01,800.0,404.0,RGB,JPEG,True,
/content/drive/MyDrive/Calorify/dataset/steak/1202.jpg,1202.jpg,steak,.jpg,53.72,600.0,900.0,RGB,JPEG,True,
/content/drive/MyDrive/Calorify/dataset/steak/1203.jpg,1203.jpg,steak,.jpg,199.41,1600.0,1157.0,RGB,JPEG,True,
/content/drive/MyDrive/Calorify/dataset/steak/1204.jpg,1204.jpg,steak,.jpg,48.6,800.0,800.0,RGB,JPEG,True,
/content/drive/MyDrive/Calorify/dataset/steak/1205.jpg,1205.jpg,steak,.jpg,73.77,800.0,534.0,RGB,JPEG,True,
/content/drive/MyDrive/Calorify/dataset/steak/1207.jpg,1207.jpg,steak,.jpg,89.67,800.0,618.0,RGB,JPEG,True,
/content/drive/MyDrive/Calorify/dataset/steak/1206.jpg,1206.jpg,steak,.jpg,56.35,626.0,358.0,RGB,JPEG,True,
/content/drive/MyDrive/Calorify/dataset/steak/1208.jpg,1208.jpg,steak,.jpg,72.38,800.0,534.0,RGB,JPEG,True,
/content/drive/MyDrive/Calorify/dataset/steak/1209.jpg,1209.jpg,steak,.jpg,76.18,417.0,626.0,RGB,JPEG,True,
/content/drive/MyDrive/Calorify/dataset/steak/1210.jpg,1210.jpg,steak,.jpg,84.13,992.0,662.0,RGB,JPEG,True,
/content/drive/MyDrive/Calorify/dataset/steak/1211.jpg,1211.jpg,steak,.jpg,188.4,736.0,1104.0,RGB,JPEG,True,
/content/drive/MyDrive/Calorify/dataset/steak/1212.jpg,1212.jpg,steak,.jpg,242.64,1300.0,1065.0,RGB,JPEG,True,
/content/drive/MyDrive/Calorify/dataset/steak/1213.jpg,1213.jpg,steak,.jpg,29.63,480.0,270.0,RGB,JPEG,True,
/content/drive/MyDrive/Calorify/dataset/steak/1214.jpg,1214.jpg,steak,.jpg,179.26,1600.0,1156.0,RGB,JPEG,True,
/content/drive/MyDrive/Calorify/dataset/steak/1215.jpg,1215.jpg,steak,.jpg,217.92,1600.0,1690.0,RGB,JPEG,True,
/content/drive/MyDrive/Calorify/dataset/steak/1216.jpg,1216.jpg,steak,.jpg,170.45,1600.0,1004.0,RGB,JPEG,True,
/content/drive/MyDrive/Calorify/dataset/steak/1218.jpg,1218.jpg,steak,.jpg,196.43,866.0,1390.0,RGB,JPEG,True,
/content/drive/MyDrive/Calorify/dataset/steak/1217.jpg,1217.jpg,steak,.jpg,329.89,1600.0,1157.0,RGB,JPEG,True,
/content/drive/MyDrive/Calorify/dataset/steak/1220.jpg,1220.jpg,steak,.jpg,63.9,800.0,449.0,RGB,JPEG,True,
/content/drive/MyDrive/Calorify/dataset/steak/1219.jpg,1219.jpg,steak,.jpg,211.48,1125.0,1690.0,RGB,JPEG,True,
/content/drive/MyDrive/Calorify/dataset/steak/1221.jpg,1221.jpg,steak,.jpg,201.74,1300.0,957.0,RGB,JPEG,True,
/content/drive/MyDrive/Calorify/dataset/steak/1222.jpg,1222.jpg,steak,.jpg,38.29,683.0,1024.0,RGB,JPEG,True,
/content/drive/MyDrive/Calorify/dataset/steak/1223.jpg,1223.jpg,steak,.jpg,49.14,683.0,1024.0,RGB,JPEG,True,
/content/drive/MyDrive/Calorify/dataset/steak/1224.jpg,1224.jpg,steak,.jpg,156.01,1200.0,800.0,RGB,JPEG,True,
/content/drive/MyDrive/Calorify/dataset/steak/1225.jpg,1225.jpg,steak,.jpg,383.58,1200.0,1800.0,RGB,JPEG,True,
/content/drive/MyDrive/Calorify/dataset/steak/1226.jpg,1226.jpg,steak,.jpg,65.52,800.0,534.0,RGB,JPEG,True,
/content/drive/MyDrive/Calorify/dataset/steak/1227.jpg,1227.jpg,steak,.jpg,1797.09,1024.0,1024.0,RGB,PNG,True,
/content/drive/MyDrive/Calorify/dataset/steak/1228.jpg,1228.jpg,steak,.jpg,72.17,626.0,417.0,RGB,JPEG,True,
/content/drive/MyDrive/Calorify/dataset/steak/1229.jpg,1229.jpg,steak,.jpg,49.28,800.0,534.0,RGB,JPEG,True,
/content/drive/MyDrive/Calorify/dataset/steak/1230.jpg,1230.jpg,steak,.jpg,41.34,626.0,358.0,RGB,JPEG,True,
/content/drive/MyDrive/Calorify/dataset/steak/1231.jpg,1231.jpg,steak,.jpg,233.12,1500.0,1000.0,RGB,JPEG,True,
/content/drive/MyDrive/Calorify/dataset/steak/1232.jpg,1232.jpg,steak,.jpg,177.3,1300.0,956.0,RGB,JPEG,True,
/content/drive/MyDrive/Calorify/dataset/steak/1233.jpg,1233.jpg,steak,.jpg,72.36,470.0,626.0,RGB,JPEG,True,
/content/drive/MyDrive/Calorify/dataset/steak/1234.jpg,1234.jpg,steak,.jpg,61.05,626.0,417.0,RGB,JPEG,True,
/content/drive/MyDrive/Calorify/dataset/steak/1235.jpg,1235.jpg,steak,.jpg,65.52,800.0,534.0,RGB,JPEG,True,
/content/drive/MyDrive/Calorify/dataset/steak/1236.jpg,1236.jpg,steak,.jpg,56.48,626.0,471.0,RGB,JPEG,True,
/content/drive/MyDrive/Calorify/dataset/steak/1237.jpg,1237.jpg,steak,.jpg,92.67,1300.0,956.0,RGB,JPEG,True,
/content/drive/MyDrive/Calorify/dataset/steak/1239.jpg,1239.jpg,steak,.jpg,46.32,626.0,417.0,RGB,JPEG,True,
/content/drive/MyDrive/Calorify/dataset/steak/1238.jpg,1238.jpg,steak,.jpg,53.88,626.0,418.0,RGB,JPEG,True,
/content/drive/MyDrive/Calorify/dataset/steak/1240.jpg,1240.jpg,steak,.jpg,44.56,800.0,578.0,RGB,JPEG,True,
/content/drive/MyDrive/Calorify/dataset/steak/1241.jpg,1241.jpg,steak,.jpg,850.68,3500.0,2333.0,RGB,JPEG,True,
/content/drive/MyDrive/Calorify/dataset/steak/1242.jpg,1242.jpg,steak,.jpg,44.58,800.0,533.0,RGB,JPEG,True,
/content/drive/MyDrive/Calorify/dataset/steak/1243.jpg,1243.jpg,steak,.jpg,32.8,626.0,313.0,RGB,JPEG,True,
/content/drive/MyDrive/Calorify/dataset/steak/1244.jpg,1244.jpg,steak,.jpg,166.14,1470.0,980.0,RGB,JPEG,True,
/content/drive/MyDrive/Calorify/dataset/steak/1245.jpg,1245.jpg,steak,.jpg,51.65,626.0,313.0,RGB,JPEG,True,
/content/drive/MyDrive/Calorify/dataset/steak/1246.jpg,1246.jpg,steak,.jpg,74.78,800.0,533.0,RGB,JPEG,True,
/content/drive/MyDrive/Calorify/dataset/steak/1248.jpg,1248.jpg,steak,.jpg,63.8,800.0,534.0,RGB,JPEG,True,
/content/drive/MyDrive/Calorify/dataset/steak/1247.jpg,1247.jpg,steak,.jpg,338.64,2000.0,1333.0,RGB,JPEG,True,
/content/drive/MyDrive/Calorify/dataset/steak/1249.jpg,1249.jpg,steak,.jpg,89.88,626.0,626.0,RGB,JPEG,True,
/content/drive/MyDrive/Calorify/dataset/steak/1250.jpg,1250.jpg,steak,.jpg,29.68,626.0,351.0,RGB,JPEG,True,
/content/drive/MyDrive/Calorify/dataset/steak/1251.jpg,1251.jpg,steak,.jpg,64.6,800.0,457.0,RGB,JPEG,True,
/content/drive/MyDrive/Calorify/dataset/steak/1252.jpg,1252.jpg,steak,.jpg,147.46,1300.0,951.0,RGB,JPEG,True,
/content/drive/MyDrive/Calorify/dataset/steak/1253.jpg,1253.jpg,steak,.jpg,183.09,1600.0,1157.0,RGB,JPEG,True,
/content/drive/MyDrive/Calorify/dataset/steak/1254.jpg,1254.jpg,steak,.jpg,40.53,800.0,450.0,RGB,JPEG,True,
/content/drive/MyDrive/Calorify/dataset/steak/1255.jpg,1255.jpg,steak,.jpg,143.53,1300.0,951.0,RGB,JPEG,True,
/content/drive/MyDrive/Calorify/dataset/steak/1256.jpg,1256.jpg,steak,.jpg,54.91,626.0,373.0,RGB,JPEG,True,
/content/drive/MyDrive/Calorify/dataset/steak/1257.jpg,1257.jpg,steak,.jpg,147.67,1024.0,682.0,RGB,JPEG,True,
/content/drive/MyDrive/Calorify/dataset/steak/1258.jpg,1258.jpg,steak,.jpg,111.99,498.0,996.0,RGB,JPEG,True,
/content/drive/MyDrive/Calorify/dataset/steak/1259.jpg,1259.jpg,steak,.jpg,305.22,1300.0,956.0,RGB,JPEG,True,
/content/drive/MyDrive/Calorify/dataset/steak/1261.jpg,1261.jpg,steak,.jpg,91.02,800.0,534.0,RGB,JPEG,True,
/content/drive/MyDrive/Calorify/dataset/steak/1262.jpg,1262.jpg,steak,.jpg,72.36,470.0,626.0,RGB,JPEG,True,
/content/drive/MyDrive/Calorify/dataset/steak/1264.jpg,1264.jpg,steak,.jpg,55.52,626.0,470.0,RGB,JPEG,True,
/content/drive/MyDrive/Calorify/dataset/steak/1263.jpg,1263.jpg,steak,.jpg,61.05,626.0,417.0,RGB,JPEG,True,
/content/drive/MyDrive/Calorify/dataset/steak/1265.jpg,1265.jpg,steak,.jpg,56.48,626.0,471.0,RGB,JPEG,True,
/content/drive/MyDrive/Calorify/dataset/steak/1266.jpg,1266.jpg,steak,.jpg,92.67,1300.0,956.0,RGB,JPEG,True,
/content/drive/MyDrive/Calorify/dataset/steak/1267.jpg,1267.jpg,steak,.jpg,53.88,626.0,418.0,RGB,JPEG,True,
/content/drive/MyDrive/Calorify/dataset/steak/1268.jpg,1268.jpg,steak,.jpg,46.46,800.0,449.0,RGB,JPEG,True,
/content/drive/MyDrive/Calorify/dataset/steak/1269.jpg,1269.jpg,steak,.jpg,66.03,800.0,533.0,RGB,JPEG,True,
/content/drive/MyDrive/Calorify/dataset/steak/1271.jpg,1271.jpg,steak,.jpg,54.14,626.0,418.0,RGB,JPEG,True,
/content/drive/MyDrive/Calorify/dataset/steak/1272.jpg,1272.jpg,steak,.jpg,169.05,1280.0,720.0,RGB,JPEG,True,
/content/drive/MyDrive/Calorify/dataset/steak/1273.jpg,1273.jpg,steak,.jpg,123.42,1120.0,739.0,RGB,JPEG,True,
/content/drive/MyDrive/Calorify/dataset/steak/1274.jpg,1274.jpg,steak,.jpg,89.43,1642.0,924.0,RGB,JPEG,True,
/content/drive/MyDrive/Calorify/dataset/steak/1279.jpg,1279.jpg,steak,.jpg,359.35,960.0,1200.0,RGB,JPEG,True,
/content/drive/MyDrive/Calorify/dataset/steak/1282.jpg,1282.jpg,steak,.jpg,101.74,626.0,626.0,RGB,JPEG,True,
/content/drive/MyDrive/Calorify/dataset/steak/1284.jpg,1284.jpg,steak,.jpg,40.53,800.0,450.0,RGB,JPEG,True,
/content/drive/MyDrive/Calorify/dataset/steak/1283.jpg,1283.jpg,steak,.jpg,63.7,501.0,626.0,RGB,JPEG,True,
/content/drive/MyDrive/Calorify/dataset/steak/1285.jpg,1285.jpg,steak,.jpg,241.54,1600.0,1157.0,RGB,JPEG,True,
/content/drive/MyDrive/Calorify/dataset/steak/1287.jpg,1287.jpg,steak,.jpg,147.67,1024.0,682.0,RGB,JPEG,True,
/content/drive/MyDrive/Calorify/dataset/steak/1286.jpg,1286.jpg,steak,.jpg,842.06,3000.0,2009.0,RGB,JPEG,True,
/content/drive/MyDrive/Calorify/dataset/steak/1288.jpg,1288.jpg,steak,.jpg,53.68,626.0,419.0,RGB,JPEG,True,
/content/drive/MyDrive/Calorify/dataset/steak/1289.jpg,1289.jpg,steak,.jpg,111.99,498.0,996.0,RGB,JPEG,True,
/content/drive/MyDrive/Calorify/dataset/steak/1290.jpg,1290.jpg,steak,.jpg,108.8,626.0,626.0,RGB,JPEG,True,
/content/drive/MyDrive/Calorify/dataset/steak/1293.jpg,1293.jpg,steak,.jpg,74.52,626.0,417.0,RGB,JPEG,True,
/content/drive/MyDrive/Calorify/dataset/steak/1294.jpg,1294.jpg,steak,.jpg,68.93,800.0,449.0,RGB,JPEG,True,
/content/drive/MyDrive/Calorify/dataset/steak/1295.jpg,1295.jpg,steak,.jpg,194.45,1300.0,1065.0,RGB,JPEG,True,
/content/drive/MyDrive/Calorify/dataset/steak/1296.jpg,1296.jpg,steak,.jpg,111.99,498.0,996.0,RGB,JPEG,True,
/content/drive/MyDrive/Calorify/dataset/steak/1297.jpg,1297.jpg,steak,.jpg,79.82,500.0,750.0,RGB,JPEG,True,
/content/drive/MyDrive/Calorify/dataset/steak/1298.jpg,1298.jpg,steak,.jpg,929.67,1200.0,1800.0,RGB,JPEG,True,
/content/drive/MyDrive/Calorify/dataset/steak/1299.jpg,1299.jpg,steak,.jpg,338.64,2000.0,1333.0,RGB,JPEG,True,
/content/drive/MyDrive/Calorify/dataset/steak/1300.jpg,1300.jpg,steak,.jpg,53.01,800.0,404.0,RGB,JPEG,True,
/content/drive/MyDrive/Calorify/dataset/steak/1302.jpg,1302.jpg,steak,.jpg,45.36,626.0,358.0,RGB,JPEG,True,
/content/drive/MyDrive/Calorify/dataset/steak/1303.jpg,1303.jpg,steak,.jpg,49.86,626.0,417.0,RGB,JPEG,True,
/content/drive/MyDrive/Calorify/dataset/steak/1304.jpg,1304.jpg,steak,.jpg,115.89,1280.0,720.0,RGB,JPEG,True,
/content/drive/MyDrive/Calorify/dataset/steak/1305.jpg,1305.jpg,steak,.jpg,30.36,626.0,358.0,RGB,JPEG,True,
/content/drive/MyDrive/Calorify/dataset/steak/1306.jpg,1306.jpg,steak,.jpg,64.31,626.0,351.0,RGB,JPEG,True,
/content/drive/MyDrive/Calorify/dataset/steak/1307.jpg,1307.jpg,steak,.jpg,131.26,1856.0,1044.0,RGB,JPEG,True,
/content/drive/MyDrive/Calorify/dataset/steak/1308.jpg,1308.jpg,steak,.jpg,72.31,800.0,533.0,RGB,JPEG,True,
/content/drive/MyDrive/Calorify/dataset/steak/1309.jpg,1309.jpg,steak,.jpg,85.98,626.0,417.0,RGB,JPEG,True,
/content/drive/MyDrive/Calorify/dataset/steak/1310.jpg,1310.jpg,steak,.jpg,80.86,800.0,603.0,RGB,JPEG,True,
/content/drive/MyDrive/Calorify/dataset/steak/1311.jpg,1311.jpg,steak,.jpg,68.49,800.0,533.0,RGB,JPEG,True,
/content/drive/MyDrive/Calorify/dataset/steak/1312.jpg,1312.jpg,steak,.jpg,127.81,863.0,1390.0,RGB,JPEG,True,
/content/drive/MyDrive/Calorify/dataset/steak/1313.jpg,1313.jpg,steak,.jpg,207.48,2000.0,1143.0,RGB,JPEG,True,
/content/drive/MyDrive/Calorify/dataset/steak/1314.jpg,1314.jpg,steak,.jpg,190.21,1300.0,953.0,RGB,JPEG,True,
/content/drive/MyDrive/Calorify/dataset/steak/1315.jpg,1315.jpg,steak,.jpg,48.71,626.0,417.0,RGB,JPEG,True,
/content/drive/MyDrive/Calorify/dataset/steak/1316.jpg,1316.jpg,steak,.jpg,58.63,626.0,417.0,RGB,JPEG,True,
/content/drive/MyDrive/Calorify/dataset/steak/1317.jpg,1317.jpg,steak,.jpg,53.72,600.0,900.0,RGB,JPEG,True,
/content/drive/MyDrive/Calorify/dataset/steak/1318.jpg,1318.jpg,steak,.jpg,199.41,1600.0,1157.0,RGB,JPEG,True,
/content/drive/MyDrive/Calorify/dataset/steak/1319.jpg,1319.jpg,steak,.jpg,73.77,800.0,534.0,RGB,JPEG,True,
/content/drive/MyDrive/Calorify/dataset/steak/1320.jpg,1320.jpg,steak,.jpg,70.66,626.0,358.0,RGB,JPEG,True,
/content/drive/MyDrive/Calorify/dataset/steak/1321.jpg,1321.jpg,steak,.jpg,89.67,800.0,618.0,RGB,JPEG,True,
/content/drive/MyDrive/Calorify/dataset/steak/1322.jpg,1322.jpg,steak,.jpg,72.38,800.0,534.0,RGB,JPEG,True,
/content/drive/MyDrive/Calorify/dataset/steak/1323.jpg,1323.jpg,steak,.jpg,76.18,417.0,626.0,RGB,JPEG,True,
/content/drive/MyDrive/Calorify/dataset/steak/1324.jpg,1324.jpg,steak,.jpg,84.13,992.0,662.0,RGB,JPEG,True,
/content/drive/MyDrive/Calorify/dataset/steak/1325.jpg,1325.jpg,steak,.jpg,188.4,736.0,1104.0,RGB,JPEG,True,
/content/drive/MyDrive/Calorify/dataset/steak/1327.jpg,1327.jpg,steak,.jpg,209.41,1300.0,957.0,RGB,JPEG,True,
/content/drive/MyDrive/Calorify/dataset/steak/1326.jpg,1326.jpg,steak,.jpg,40.63,800.0,449.0,RGB,JPEG,True,
/content/drive/MyDrive/Calorify/dataset/steak/1328.jpg,1328.jpg,steak,.jpg,161.6,1600.0,1157.0,RGB,JPEG,True,
/content/drive/MyDrive/Calorify/dataset/steak/1329.jpg,1329.jpg,steak,.jpg,62.33,626.0,358.0,RGB,JPEG,True,
/content/drive/MyDrive/Calorify/dataset/steak/1330.jpg,1330.jpg,steak,.jpg,47.39,626.0,417.0,RGB,JPEG,True,
/content/drive/MyDrive/Calorify/dataset/steak/1331.jpg,1331.jpg,steak,.jpg,167.77,860.0,1390.0,RGB,JPEG,True,
/content/drive/MyDrive/Calorify/dataset/steak/1332.jpg,1332.jpg,steak,.jpg,125.5,996.0,996.0,RGB,JPEG,True,
/content/drive/MyDrive/Calorify/dataset/steak/1333.jpg,1333.jpg,steak,.jpg,56.32,626.0,358.0,RGB,JPEG,True,
/content/drive/MyDrive/Calorify/dataset/steak/1334.jpg,1334.jpg,steak,.jpg,58.8,800.0,534.0,RGB,JPEG,True,
/content/drive/MyDrive/Calorify/dataset/steak/1335.jpg,1335.jpg,steak,.jpg,48.24,800.0,533.0,RGB,JPEG,True,
/content/drive/MyDrive/Calorify/dataset/steak/1336.jpg,1336.jpg,steak,.jpg,57.16,800.0,534.0,RGB,JPEG,True,
/content/drive/MyDrive/Calorify/dataset/steak/1337.jpg,1337.jpg,steak,.jpg,54.58,800.0,534.0,RGB,JPEG,True,
/content/drive/MyDrive/Calorify/dataset/steak/1338.jpg,1338.jpg,steak,.jpg,64.87,800.0,534.0,RGB,JPEG,True,
/content/drive/MyDrive/Calorify/dataset/steak/1339.jpg,1339.jpg,steak,.jpg,159.59,1600.0,1156.0,RGB,JPEG,True,
/content/drive/MyDrive/Calorify/dataset/steak/1340.jpg,1340.jpg,steak,.jpg,58.38,800.0,534.0,RGB,JPEG,True,
/content/drive/MyDrive/Calorify/dataset/steak/1341.jpg,1341.jpg,steak,.jpg,175.13,1300.0,956.0,RGB,JPEG,True,
/content/drive/MyDrive/Calorify/dataset/steak/1342.jpg,1342.jpg,steak,.jpg,242.64,1300.0,1065.0,RGB,JPEG,True,
/content/drive/MyDrive/Calorify/dataset/steak/1343.jpg,1343.jpg,steak,.jpg,29.63,480.0,270.0,RGB,JPEG,True,
/content/drive/MyDrive/Calorify/dataset/steak/1344.jpg,1344.jpg,steak,.jpg,179.26,1600.0,1156.0,RGB,JPEG,True,
/content/drive/MyDrive/Calorify/dataset/steak/1345.jpg,1345.jpg,steak,.jpg,217.92,1600.0,1690.0,RGB,JPEG,True,
/content/drive/MyDrive/Calorify/dataset/steak/1346.jpg,1346.jpg,steak,.jpg,170.45,1600.0,1004.0,RGB,JPEG,True,
/content/drive/MyDrive/Calorify/dataset/steak/1347.jpg,1347.jpg,steak,.jpg,329.89,1600.0,1157.0,RGB,JPEG,True,
/content/drive/MyDrive/Calorify/dataset/steak/1348.jpg,1348.jpg,steak,.jpg,196.43,866.0,1390.0,RGB,JPEG,True,
/content/drive/MyDrive/Calorify/dataset/steak/1350.jpg,1350.jpg,steak,.jpg,63.9,800.0,449.0,RGB,JPEG,True,
/content/drive/MyDrive/Calorify/dataset/steak/1349.jpg,1349.jpg,steak,.jpg,211.48,1125.0,1690.0,RGB,JPEG,True,
/content/drive/MyDrive/Calorify/dataset/steak/1351.jpg,1351.jpg,steak,.jpg,201.74,1300.0,957.0,RGB,JPEG,True,
/content/drive/MyDrive/Calorify/dataset/steak/1352.jpg,1352.jpg,steak,.jpg,55.97,626.0,492.0,RGB,JPEG,True,
/content/drive/MyDrive/Calorify/dataset/steak/1353.jpg,1353.jpg,steak,.jpg,123.81,1600.0,990.0,RGB,JPEG,True,
/content/drive/MyDrive/Calorify/dataset/steak/1354.jpg,1354.jpg,steak,.jpg,398.72,2000.0,1292.0,RGB,JPEG,True,
/content/drive/MyDrive/Calorify/dataset/steak/1355.jpg,1355.jpg,steak,.jpg,144.64,1205.0,1690.0,RGB,JPEG,True,
/content/drive/MyDrive/Calorify/dataset/steak/1356.jpg,1356.jpg,steak,.jpg,103.73,626.0,626.0,RGB,JPEG,True,
/content/drive/MyDrive/Calorify/dataset/steak/1358.jpg,1358.jpg,steak,.jpg,61.15,800.0,560.0,RGB,JPEG,True,
/content/drive/MyDrive/Calorify/dataset/steak/1359.jpg,1359.jpg,steak,.jpg,97.17,800.0,534.0,RGB,JPEG,True,
/content/drive/MyDrive/Calorify/dataset/steak/1360.jpg,1360.jpg,steak,.jpg,785.5,2266.0,2560.0,RGB,JPEG,True,
/content/drive/MyDrive/Calorify/dataset/steak/1361.jpg,1361.jpg,steak,.jpg,68.29,626.0,417.0,RGB,JPEG,True,
/content/drive/MyDrive/Calorify/dataset/steak/1362.jpg,1362.jpg,steak,.jpg,1685.98,988.0,975.0,RGB,PNG,True,
/content/drive/MyDrive/Calorify/dataset/steak/1363.jpg,1363.jpg,steak,.jpg,207.36,1200.0,1200.0,RGB,JPEG,True,
/content/drive/MyDrive/Calorify/dataset/steak/1364.jpg,1364.jpg,steak,.jpg,242.76,1200.0,1200.0,RGB,JPEG,True,
/content/drive/MyDrive/Calorify/dataset/steak/1365.jpg,1365.jpg,steak,.jpg,716.94,1365.0,2048.0,RGB,JPEG,True,
/content/drive/MyDrive/Calorify/dataset/steak/1366.jpg,1366.jpg,steak,.jpg,92.79,600.0,400.0,RGB,WEBP,True,
/content/drive/MyDrive/Calorify/dataset/steak/1367.jpg,1367.jpg,steak,.jpg,38.29,683.0,1024.0,RGB,JPEG,True,
/content/drive/MyDrive/Calorify/dataset/steak/1368.jpg,1368.jpg,steak,.jpg,49.14,683.0,1024.0,RGB,JPEG,True,
/content/drive/MyDrive/Calorify/dataset/steak/1369.jpg,1369.jpg,steak,.jpg,156.01,1200.0,800.0,RGB,JPEG,True,
/content/drive/MyDrive/Calorify/dataset/steak/1370.jpg,1370.jpg,steak,.jpg,383.58,1200.0,1800.0,RGB,JPEG,True,
/content/drive/MyDrive/Calorify/dataset/steak/1371.jpg,1371.jpg,steak,.jpg,65.52,800.0,534.0,RGB,JPEG,True,
/content/drive/MyDrive/Calorify/dataset/steak/1372.jpg,1372.jpg,steak,.jpg,1797.09,1024.0,1024.0,RGB,PNG,True,
/content/drive/MyDrive/Calorify/dataset/steak/1373.jpg,1373.jpg,steak,.jpg,90.6,626.0,417.0,RGB,JPEG,True,
/content/drive/MyDrive/Calorify/dataset/steak/1374.jpg,1374.jpg,steak,.jpg,51.37,626.0,358.0,RGB,JPEG,True,
/content/drive/MyDrive/Calorify/dataset/steak/1375.jpg,1375.jpg,steak,.jpg,153.29,750.0,938.0,RGB,JPEG,True,
/content/drive/MyDrive/Calorify/dataset/steak/1376.jpg,1376.jpg,steak,.jpg,233.12,1500.0,1000.0,RGB,JPEG,True,
/content/drive/MyDrive/Calorify/dataset/steak/1377.jpg,1377.jpg,steak,.jpg,120.53,1200.0,1200.0,RGB,JPEG,True,
/content/drive/MyDrive/Calorify/dataset/steak/1379.jpg,1379.jpg,steak,.jpg,108.95,1300.0,1009.0,RGB,JPEG,True,
/content/drive/MyDrive/Calorify/dataset/steak/1380.jpg,1380.jpg,steak,.jpg,74.18,626.0,417.0,RGB,JPEG,True,
/content/drive/MyDrive/Calorify/dataset/steak/1381.jpg,1381.jpg,steak,.jpg,62.32,800.0,450.0,RGB,JPEG,True,
/content/drive/MyDrive/Calorify/dataset/steak/1382.jpg,1382.jpg,steak,.jpg,316.51,1280.0,1280.0,RGB,JPEG,True,
/content/drive/MyDrive/Calorify/dataset/steak/1385.jpg,1385.jpg,steak,.jpg,251.39,1039.0,1390.0,RGB,JPEG,True,
/content/drive/MyDrive/Calorify/dataset/steak/1387.jpg,1387.jpg,steak,.jpg,293.19,3840.0,2160.0,RGB,JPEG,True,
/content/drive/MyDrive/Calorify/dataset/steak/1388.jpg,1388.jpg,steak,.jpg,72.77,626.0,417.0,RGB,JPEG,True,
/content/drive/MyDrive/Calorify/dataset/steak/1390.jpg,1390.jpg,steak,.jpg,112.44,1200.0,1200.0,RGB,JPEG,True,
/content/drive/MyDrive/Calorify/dataset/steak/1391.jpg,1391.jpg,steak,.jpg,724.22,1500.0,1101.0,RGB,JPEG,True,
/content/drive/MyDrive/Calorify/dataset/steak/1392.jpg,1392.jpg,steak,.jpg,177.3,1300.0,956.0,RGB,JPEG,True,
/content/drive/MyDrive/Calorify/dataset/steak/1393.jpg,1393.jpg,steak,.jpg,92.27,470.0,626.0,RGB,JPEG,True,
/content/drive/MyDrive/Calorify/dataset/steak/1394.jpg,1394.jpg,steak,.jpg,61.05,626.0,417.0,RGB,JPEG,True,
/content/drive/MyDrive/Calorify/dataset/steak/1395.jpg,1395.jpg,steak,.jpg,65.52,800.0,534.0,RGB,JPEG,True,
/content/drive/MyDrive/Calorify/dataset/steak/1396.jpg,1396.jpg,steak,.jpg,69.49,626.0,471.0,RGB,JPEG,True,
/content/drive/MyDrive/Calorify/dataset/steak/1397.jpg,1397.jpg,steak,.jpg,92.67,1300.0,956.0,RGB,JPEG,True,
/content/drive/MyDrive/Calorify/dataset/steak/1398.jpg,1398.jpg,steak,.jpg,53.88,626.0,418.0,RGB,JPEG,True,
/content/drive/MyDrive/Calorify/dataset/steak/1399.jpg,1399.jpg,steak,.jpg,57.53,626.0,417.0,RGB,JPEG,True,
/content/drive/MyDrive/Calorify/dataset/steak/1400.jpg,1400.jpg,steak,.jpg,44.56,800.0,578.0,RGB,JPEG,True,
/content/drive/MyDrive/Calorify/dataset/steak/1401.jpg,1401.jpg,steak,.jpg,850.68,3500.0,2333.0,RGB,JPEG,True,
/content/drive/MyDrive/Calorify/dataset/steak/1402.jpg,1402.jpg,steak,.jpg,143.26,1200.0,1200.0,RGB,JPEG,True,
/content/drive/MyDrive/Calorify/dataset/steak/1403.jpg,1403.jpg,steak,.jpg,1278.92,1500.0,1101.0,RGB,JPEG,True,
/content/drive/MyDrive/Calorify/dataset/steak/1404.jpg,1404.jpg,steak,.jpg,1242.41,5184.0,3456.0,RGB,JPEG,True,
/content/drive/MyDrive/Calorify/dataset/steak/1405.jpg,1405.jpg,steak,.jpg,74.18,626.0,417.0,RGB,JPEG,True,
/content/drive/MyDrive/Calorify/dataset/steak/1406.jpg,1406.jpg,steak,.jpg,33.96,417.0,626.0,RGB,JPEG,True,
/content/drive/MyDrive/Calorify/dataset/steak/1407.jpg,1407.jpg,steak,.jpg,147.76,1600.0,1153.0,RGB,JPEG,True,
/content/drive/MyDrive/Calorify/dataset/steak/1409.jpg,1409.jpg,steak,.jpg,62.45,800.0,599.0,RGB,JPEG,True,
/content/drive/MyDrive/Calorify/dataset/steak/1408.jpg,1408.jpg,steak,.jpg,1868.66,4000.0,6000.0,RGB,JPEG,True,
/content/drive/MyDrive/Calorify/dataset/steak/1410.jpg,1410.jpg,steak,.jpg,965.33,5542.0,3695.0,RGB,JPEG,True,
/content/drive/MyDrive/Calorify/dataset/steak/1411.jpg,1411.jpg,steak,.jpg,80.86,800.0,603.0,RGB,JPEG,True,
/content/drive/MyDrive/Calorify/dataset/steak/1412.jpg,1412.jpg,steak,.jpg,1516.36,6000.0,3376.0,RGB,JPEG,True,
/content/drive/MyDrive/Calorify/dataset/steak/1413.jpg,1413.jpg,steak,.jpg,90.62,1060.0,600.0,RGB,JPEG,True,
/content/drive/MyDrive/Calorify/dataset/steak/1414.jpg,1414.jpg,steak,.jpg,36.2,800.0,578.0,RGB,JPEG,True,
/content/drive/MyDrive/Calorify/dataset/steak/1416.jpg,1416.jpg,steak,.jpg,805.11,4928.0,3264.0,RGB,JPEG,True,
/content/drive/MyDrive/Calorify/dataset/steak/1417.jpg,1417.jpg,steak,.jpg,40.78,626.0,313.0,RGB,JPEG,True,
/content/drive/MyDrive/Calorify/dataset/steak/1418.jpg,1418.jpg,steak,.jpg,156.59,1470.0,980.0,RGB,JPEG,True,
/content/drive/MyDrive/Calorify/dataset/steak/1419.jpg,1419.jpg,steak,.jpg,154.73,1600.0,1004.0,RGB,JPEG,True,
/content/drive/MyDrive/Calorify/dataset/steak/1420.jpg,1420.jpg,steak,.jpg,51.65,626.0,313.0,RGB,JPEG,True,
/content/drive/MyDrive/Calorify/dataset/steak/1421.jpg,1421.jpg,steak,.jpg,74.78,800.0,533.0,RGB,JPEG,True,
/content/drive/MyDrive/Calorify/dataset/steak/1422.jpg,1422.jpg,steak,.jpg,50.11,626.0,372.0,RGB,JPEG,True,
/content/drive/MyDrive/Calorify/dataset/steak/1423.jpg,1423.jpg,steak,.jpg,338.64,2000.0,1333.0,RGB,JPEG,True,
/content/drive/MyDrive/Calorify/dataset/steak/1424.jpg,1424.jpg,steak,.jpg,63.8,800.0,534.0,RGB,JPEG,True,
/content/drive/MyDrive/Calorify/dataset/steak/1425.jpg,1425.jpg,steak,.jpg,111.61,626.0,626.0,RGB,JPEG,True,
/content/drive/MyDrive/Calorify/dataset/steak/1426.jpg,1426.jpg,steak,.jpg,36.82,626.0,351.0,RGB,JPEG,True,
/content/drive/MyDrive/Calorify/dataset/steak/1427.jpg,1427.jpg,steak,.jpg,64.6,800.0,457.0,RGB,JPEG,True,
/content/drive/MyDrive/Calorify/dataset/steak/1428.jpg,1428.jpg,steak,.jpg,53.46,626.0,351.0,RGB,JPEG,True,
/content/drive/MyDrive/Calorify/dataset/steak/1429.jpg,1429.jpg,steak,.jpg,53.27,626.0,351.0,RGB,JPEG,True,
/content/drive/MyDrive/Calorify/dataset/steak/1430.jpg,1430.jpg,steak,.jpg,59.02,800.0,533.0,RGB,JPEG,True,
/content/drive/MyDrive/Calorify/dataset/steak/1431.jpg,1431.jpg,steak,.jpg,144.64,1205.0,1690.0,RGB,JPEG,True,
/content/drive/MyDrive/Calorify/dataset/steak/1432.jpg,1432.jpg,steak,.jpg,50.37,626.0,372.0,RGB,JPEG,True,
/content/drive/MyDrive/Calorify/dataset/steak/1433.jpg,1433.jpg,steak,.jpg,36.14,626.0,351.0,RGB,JPEG,True,
/content/drive/MyDrive/Calorify/dataset/steak/1434.jpg,1434.jpg,steak,.jpg,72.31,800.0,533.0,RGB,JPEG,True,
/content/drive/MyDrive/Calorify/dataset/steak/1435.jpg,1435.jpg,steak,.jpg,41.78,626.0,313.0,RGB,JPEG,True,
/content/drive/MyDrive/Calorify/dataset/steak/1436.jpg,1436.jpg,steak,.jpg,226.14,1600.0,1156.0,RGB,JPEG,True,
/content/drive/MyDrive/Calorify/dataset/steak/1437.jpg,1437.jpg,steak,.jpg,52.13,800.0,533.0,RGB,JPEG,True,
/content/drive/MyDrive/Calorify/dataset/steak/1438.jpg,1438.jpg,steak,.jpg,68.49,800.0,533.0,RGB,JPEG,True,
/content/drive/MyDrive/Calorify/dataset/steak/1439.jpg,1439.jpg,steak,.jpg,36.79,626.0,313.0,RGB,JPEG,True,
/content/drive/MyDrive/Calorify/dataset/steak/1441.jpg,1441.jpg,steak,.jpg,32.03,608.0,432.0,RGB,JPEG,True,
/content/drive/MyDrive/Calorify/dataset/steak/1442.jpg,1442.jpg,steak,.jpg,147.46,1300.0,951.0,RGB,JPEG,True,
/content/drive/MyDrive/Calorify/dataset/steak/1443.jpg,1443.jpg,steak,.jpg,183.09,1600.0,1157.0,RGB,JPEG,True,
/content/drive/MyDrive/Calorify/dataset/steak/1444.jpg,1444.jpg,steak,.jpg,40.53,800.0,450.0,RGB,JPEG,True,
/content/drive/MyDrive/Calorify/dataset/steak/1445.jpg,1445.jpg,steak,.jpg,143.53,1300.0,951.0,RGB,JPEG,True,
/content/drive/MyDrive/Calorify/dataset/steak/1446.jpg,1446.jpg,steak,.jpg,68.2,626.0,373.0,RGB,JPEG,True,
/content/drive/MyDrive/Calorify/dataset/steak/1447.jpg,1447.jpg,steak,.jpg,147.67,1024.0,682.0,RGB,JPEG,True,
/content/drive/MyDrive/Calorify/dataset/steak/1448.jpg,1448.jpg,steak,.jpg,111.99,498.0,996.0,RGB,JPEG,True,
/content/drive/MyDrive/Calorify/dataset/steak/1449.jpg,1449.jpg,steak,.jpg,305.22,1300.0,956.0,RGB,JPEG,True,
/content/drive/MyDrive/Calorify/dataset/steak/1451.jpg,1451.jpg,steak,.jpg,91.02,800.0,534.0,RGB,JPEG,True,
/content/drive/MyDrive/Calorify/dataset/steak/1452.jpg,1452.jpg,steak,.jpg,48.06,626.0,351.0,RGB,JPEG,True,
/content/drive/MyDrive/Calorify/dataset/steak/1453.jpg,1453.jpg,steak,.jpg,132.28,996.0,664.0,RGB,JPEG,True,
/content/drive/MyDrive/Calorify/dataset/steak/1454.jpg,1454.jpg,steak,.jpg,61.87,599.0,900.0,RGB,JPEG,True,
/content/drive/MyDrive/Calorify/dataset/steak/1455.jpg,1455.jpg,steak,.jpg,143.45,1300.0,951.0,RGB,JPEG,True,
/content/drive/MyDrive/Calorify/dataset/steak/1456.jpg,1456.jpg,steak,.jpg,218.42,1042.0,1390.0,RGB,JPEG,True,
/content/drive/MyDrive/Calorify/dataset/steak/1457.jpg,1457.jpg,steak,.jpg,47.93,800.0,449.0,RGB,JPEG,True,
/content/drive/MyDrive/Calorify/dataset/steak/1458.jpg,1458.jpg,steak,.jpg,120.9,1300.0,951.0,RGB,JPEG,True,
/content/drive/MyDrive/Calorify/dataset/steak/1460.jpg,1460.jpg,steak,.jpg,136.09,1300.0,951.0,RGB,JPEG,True,
/content/drive/MyDrive/Calorify/dataset/steak/1459.jpg,1459.jpg,steak,.jpg,206.04,1300.0,951.0,RGB,JPEG,True,
/content/drive/MyDrive/Calorify/dataset/steak/1461.jpg,1461.jpg,steak,.jpg,68.35,626.0,351.0,RGB,JPEG,True,
/content/drive/MyDrive/Calorify/dataset/steak/1463.jpg,1463.jpg,steak,.jpg,27.56,608.0,432.0,RGB,JPEG,True,
/content/drive/MyDrive/Calorify/dataset/steak/1462.jpg,1462.jpg,steak,.jpg,124.47,626.0,417.0,RGB,JPEG,True,
/content/drive/MyDrive/Calorify/dataset/steak/1464.jpg,1464.jpg,steak,.jpg,71.54,417.0,626.0,RGB,JPEG,True,
/content/drive/MyDrive/Calorify/dataset/steak/1466.jpg,1466.jpg,steak,.jpg,85.03,800.0,534.0,RGB,JPEG,True,
/content/drive/MyDrive/Calorify/dataset/steak/1465.jpg,1465.jpg,steak,.jpg,98.62,1300.0,951.0,RGB,JPEG,True,
/content/drive/MyDrive/Calorify/dataset/steak/1467.jpg,1467.jpg,steak,.jpg,92.27,470.0,626.0,RGB,JPEG,True,
/content/drive/MyDrive/Calorify/dataset/steak/1468.jpg,1468.jpg,steak,.jpg,61.05,626.0,417.0,RGB,JPEG,True,
/content/drive/MyDrive/Calorify/dataset/steak/1469.jpg,1469.jpg,steak,.jpg,70.68,626.0,470.0,RGB,JPEG,True,
/content/drive/MyDrive/Calorify/dataset/steak/1470.jpg,1470.jpg,steak,.jpg,69.49,626.0,471.0,RGB,JPEG,True,
/content/drive/MyDrive/Calorify/dataset/steak/1472.jpg,1472.jpg,steak,.jpg,53.88,626.0,418.0,RGB,JPEG,True,
/content/drive/MyDrive/Calorify/dataset/steak/1471.jpg,1471.jpg,steak,.jpg,92.67,1300.0,956.0,RGB,JPEG,True,
/content/drive/MyDrive/Calorify/dataset/steak/1473.jpg,1473.jpg,steak,.jpg,46.46,800.0,449.0,RGB,JPEG,True,
/content/drive/MyDrive/Calorify/dataset/steak/1474.jpg,1474.jpg,steak,.jpg,66.03,800.0,533.0,RGB,JPEG,True,
/content/drive/MyDrive/Calorify/dataset/steak/1476.jpg,1476.jpg,steak,.jpg,68.52,626.0,418.0,RGB,JPEG,True,
/content/drive/MyDrive/Calorify/dataset/steak/1477.jpg,1477.jpg,steak,.jpg,57.53,626.0,417.0,RGB,JPEG,True,
/content/drive/MyDrive/Calorify/dataset/steak/1478.jpg,1478.jpg,steak,.jpg,850.68,3500.0,2333.0,RGB,JPEG,True,
/content/drive/MyDrive/Calorify/dataset/steak/1479.jpg,1479.jpg,steak,.jpg,143.26,1200.0,1200.0,RGB,JPEG,True,
/content/drive/MyDrive/Calorify/dataset/steak/1480.jpg,1480.jpg,steak,.jpg,74.18,626.0,417.0,RGB,JPEG,True,
/content/drive/MyDrive/Calorify/dataset/steak/1481.jpg,1481.jpg,steak,.jpg,56.15,626.0,417.0,RGB,JPEG,True,
/content/drive/MyDrive/Calorify/dataset/steak/1482.jpg,1482.jpg,steak,.jpg,42.17,626.0,351.0,RGB,JPEG,True,
/content/drive/MyDrive/Calorify/dataset/steak/1483.jpg,1483.jpg,steak,.jpg,62.45,800.0,599.0,RGB,JPEG,True,
/content/drive/MyDrive/Calorify/dataset/steak/1485.jpg,1485.jpg,steak,.jpg,80.86,800.0,603.0,RGB,JPEG,True,
/content/drive/MyDrive/Calorify/dataset/steak/1486.jpg,1486.jpg,steak,.jpg,1516.36,6000.0,3376.0,RGB,JPEG,True,
/content/drive/MyDrive/Calorify/dataset/steak/1487.jpg,1487.jpg,steak,.jpg,90.62,1060.0,600.0,RGB,JPEG,True,
/content/drive/MyDrive/Calorify/dataset/steak/1489.jpg,1489.jpg,steak,.jpg,805.11,4928.0,3264.0,RGB,JPEG,True,
/content/drive/MyDrive/Calorify/dataset/steak/1490.jpg,1490.jpg,steak,.jpg,60.81,626.0,417.0,RGB,JPEG,True,
/content/drive/MyDrive/Calorify/dataset/steak/1491.jpg,1491.jpg,steak,.jpg,64.75,626.0,417.0,RGB,JPEG,True,
/content/drive/MyDrive/Calorify/dataset/steak/1492.jpg,1492.jpg,steak,.jpg,169.05,1280.0,720.0,RGB,JPEG,True,
/content/drive/MyDrive/Calorify/dataset/steak/1493.jpg,1493.jpg,steak,.jpg,123.42,1120.0,739.0,RGB,JPEG,True,
/content/drive/MyDrive/Calorify/dataset/steak/1498.jpg,1498.jpg,steak,.jpg,359.35,960.0,1200.0,RGB,JPEG,True,
/content/drive/MyDrive/Calorify/dataset/steak/1500.jpg,1500.jpg,steak,.jpg,143.85,1200.0,1200.0,RGB,JPEG,True,
/content/drive/MyDrive/Calorify/dataset/steak/1503.jpg,1503.jpg,steak,.jpg,92.67,1300.0,956.0,RGB,JPEG,True,
/content/drive/MyDrive/Calorify/dataset/steak/1502.jpg,1502.jpg,steak,.jpg,180.52,1300.0,956.0,RGB,JPEG,True,
/content/drive/MyDrive/Calorify/dataset/steak/1504.jpg,1504.jpg,steak,.jpg,90.1,626.0,567.0,RGB,JPEG,True,
/content/drive/MyDrive/Calorify/dataset/steak/1505.jpg,1505.jpg,steak,.jpg,192.15,1300.0,1390.0,RGB,JPEG,True,
/content/drive/MyDrive/Calorify/dataset/steak/1506.jpg,1506.jpg,steak,.jpg,499.63,1600.0,899.0,RGB,JPEG,True,
/content/drive/MyDrive/Calorify/dataset/steak/1508.jpg,1508.jpg,steak,.jpg,143.26,1200.0,1200.0,RGB,JPEG,True,
/content/drive/MyDrive/Calorify/dataset/steak/1509.jpg,1509.jpg,steak,.jpg,1278.92,1500.0,1101.0,RGB,JPEG,True,
/content/drive/MyDrive/Calorify/dataset/steak/1510.jpg,1510.jpg,steak,.jpg,53.67,970.0,646.0,RGB,JPEG,True,
/content/drive/MyDrive/Calorify/dataset/steak/1511.jpg,1511.jpg,steak,.jpg,88.28,1200.0,1800.0,RGB,JPEG,True,
/content/drive/MyDrive/Calorify/dataset/steak/1513.jpg,1513.jpg,steak,.jpg,158.82,1200.0,904.0,RGB,JPEG,True,
/content/drive/MyDrive/Calorify/dataset/steak/1515.jpg,1515.jpg,steak,.jpg,1516.36,6000.0,3376.0,RGB,JPEG,True,
/content/drive/MyDrive/Calorify/dataset/steak/1517.jpg,1517.jpg,steak,.jpg,34.66,480.0,270.0,RGB,JPEG,True,
/content/drive/MyDrive/Calorify/dataset/steak/1518.jpg,1518.jpg,steak,.jpg,101.74,626.0,626.0,RGB,JPEG,True,
/content/drive/MyDrive/Calorify/dataset/steak/1519.jpg,1519.jpg,steak,.jpg,80.31,501.0,626.0,RGB,JPEG,True,
/content/drive/MyDrive/Calorify/dataset/steak/1520.jpg,1520.jpg,steak,.jpg,40.53,800.0,450.0,RGB,JPEG,True,
/content/drive/MyDrive/Calorify/dataset/steak/1521.jpg,1521.jpg,steak,.jpg,241.54,1600.0,1157.0,RGB,JPEG,True,
/content/drive/MyDrive/Calorify/dataset/steak/1522.jpg,1522.jpg,steak,.jpg,842.06,3000.0,2009.0,RGB,JPEG,True,
/content/drive/MyDrive/Calorify/dataset/steak/1524.jpg,1524.jpg,steak,.jpg,68.93,800.0,449.0,RGB,JPEG,True,
/content/drive/MyDrive/Calorify/dataset/steak/1523.jpg,1523.jpg,steak,.jpg,147.67,1024.0,682.0,RGB,JPEG,True,
/content/drive/MyDrive/Calorify/dataset/steak/1525.jpg,1525.jpg,steak,.jpg,111.99,498.0,996.0,RGB,JPEG,True,
/content/drive/MyDrive/Calorify/dataset/steak/1526.jpg,1526.jpg,steak,.jpg,108.8,626.0,626.0,RGB,JPEG,True,
/content/drive/MyDrive/Calorify/dataset/steak/1528.jpg,1528.jpg,steak,.jpg,68.35,626.0,419.0,RGB,JPEG,True,
/content/drive/MyDrive/Calorify/dataset/steak/1529.jpg,1529.jpg,steak,.jpg,81.88,626.0,626.0,RGB,JPEG,True,
/content/drive/MyDrive/Calorify/dataset/steak/1530.jpg,1530.jpg,steak,.jpg,132.28,996.0,664.0,RGB,JPEG,True,
/content/drive/MyDrive/Calorify/dataset/steak/1531.jpg,1531.jpg,steak,.jpg,218.42,1042.0,1390.0,RGB,JPEG,True,
/content/drive/MyDrive/Calorify/dataset/steak/1532.jpg,1532.jpg,steak,.jpg,89.66,1300.0,775.0,RGB,JPEG,True,
/content/drive/MyDrive/Calorify/dataset/steak/1533.jpg,1533.jpg,steak,.jpg,46.46,800.0,449.0,RGB,JPEG,True,
/content/drive/MyDrive/Calorify/dataset/steak/1534.jpg,1534.jpg,steak,.jpg,66.03,800.0,533.0,RGB,JPEG,True,
/content/drive/MyDrive/Calorify/dataset/steak/1535.jpg,1535.jpg,steak,.jpg,59.02,800.0,533.0,RGB,JPEG,True,
/content/drive/MyDrive/Calorify/dataset/steak/1536.jpg,1536.jpg,steak,.jpg,73.54,800.0,800.0,RGB,JPEG,True,
/content/drive/MyDrive/Calorify/dataset/steak/1537.jpg,1537.jpg,steak,.jpg,125.51,980.0,980.0,RGB,JPEG,True,
/content/drive/MyDrive/Calorify/dataset/steak/1538.jpg,1538.jpg,steak,.jpg,72.31,800.0,533.0,RGB,JPEG,True,
/content/drive/MyDrive/Calorify/dataset/steak/1539.jpg,1539.jpg,steak,.jpg,80.86,800.0,603.0,RGB,JPEG,True,
/content/drive/MyDrive/Calorify/dataset/steak/1540.jpg,1540.jpg,steak,.jpg,95.99,1300.0,956.0,RGB,JPEG,True,
/content/drive/MyDrive/Calorify/dataset/steak/1541.jpg,1541.jpg,steak,.jpg,90.49,1300.0,775.0,RGB,JPEG,True,
/content/drive/MyDrive/Calorify/dataset/steak/108.jpg,108.jpg,steak,.jpg,206.23,1733.0,980.0,RGB,JPEG,True,
/content/drive/MyDrive/Calorify/dataset/steak/133.jpg,133.jpg,steak,.jpg,63.37,512.0,512.0,RGB,JPEG,True,
/content/drive/MyDrive/Calorify/dataset/steak/101.jpg,101.jpg,steak,.jpg,304.17,1300.0,956.0,RGB,JPEG,True,
/content/drive/MyDrive/Calorify/dataset/steak/112.jpg,112.jpg,steak,.jpg,265.46,1300.0,956.0,RGB,JPEG,True,
/content/drive/MyDrive/Calorify/dataset/steak/12.jpg,12.jpg,steak,.jpg,60.49,800.0,600.0,RGB,JPEG,True,
/content/drive/MyDrive/Calorify/dataset/steak/124.jpg,124.jpg,steak,.jpg,150.11,600.0,900.0,RGB,JPEG,True,
/content/drive/MyDrive/Calorify/dataset/steak/125.jpg,125.jpg,steak,.jpg,69.82,700.0,500.0,RGB,JPEG,True,
/content/drive/MyDrive/Calorify/dataset/steak/10.jpg,10.jpg,steak,.jpg,142.97,1200.0,1200.0,RGB,JPEG,True,
/content/drive/MyDrive/Calorify/dataset/steak/111.jpg,111.jpg,steak,.jpg,172.04,800.0,800.0,RGB,JPEG,True,
/content/drive/MyDrive/Calorify/dataset/steak/123.jpg,123.jpg,steak,.jpg,63.41,800.0,453.0,RGB,JPEG,True,
/content/drive/MyDrive/Calorify/dataset/steak/132.jpg,132.jpg,steak,.jpg,427.36,770.0,577.0,RGB,JPEG,True,
/content/drive/MyDrive/Calorify/dataset/steak/1.jpg,1.jpg,steak,.jpg,134.42,640.0,1138.0,RGB,JPEG,True,
/content/drive/MyDrive/Calorify/dataset/steak/102.jpg,102.jpg,steak,.jpg,54.63,800.0,533.0,RGB,JPEG,True,
/content/drive/MyDrive/Calorify/dataset/steak/122.jpg,122.jpg,steak,.jpg,207.13,1300.0,956.0,RGB,JPEG,True,
/content/drive/MyDrive/Calorify/dataset/steak/114.jpg,114.jpg,steak,.jpg,156.86,980.0,980.0,RGB,JPEG,True,
/content/drive/MyDrive/Calorify/dataset/steak/105.jpg,105.jpg,steak,.jpg,424.84,1960.0,1960.0,RGB,JPEG,True,
/content/drive/MyDrive/Calorify/dataset/steak/11.jpg,11.jpg,steak,.jpg,65.68,1024.0,731.0,RGB,WEBP,True,
/content/drive/MyDrive/Calorify/dataset/steak/119.jpg,119.jpg,steak,.jpg,48.37,626.0,417.0,RGB,JPEG,True,
/content/drive/MyDrive/Calorify/dataset/steak/118.jpg,118.jpg,steak,.jpg,79.09,800.0,800.0,RGB,JPEG,True,
/content/drive/MyDrive/Calorify/dataset/steak/110.jpg,110.jpg,steak,.jpg,56.78,1024.0,1024.0,RGB,WEBP,True,
/content/drive/MyDrive/Calorify/dataset/steak/159.jpg,159.jpg,steak,.jpg,123.42,1120.0,739.0,RGB,JPEG,True,
/content/drive/MyDrive/Calorify/dataset/steak/14.jpg,14.jpg,steak,.jpg,542.28,735.0,1312.0,RGB,JPEG,True,
/content/drive/MyDrive/Calorify/dataset/steak/153.jpg,153.jpg,steak,.jpg,88.28,1200.0,1800.0,RGB,JPEG,True,
/content/drive/MyDrive/Calorify/dataset/steak/149.jpg,149.jpg,steak,.jpg,72.31,800.0,533.0,RGB,JPEG,True,
/content/drive/MyDrive/Calorify/dataset/steak/136.jpg,136.jpg,steak,.jpg,294.56,1600.0,1063.0,RGB,JPEG,True,
/content/drive/MyDrive/Calorify/dataset/steak/146.jpg,146.jpg,steak,.jpg,53.46,626.0,351.0,RGB,JPEG,True,
/content/drive/MyDrive/Calorify/dataset/steak/150.jpg,150.jpg,steak,.jpg,95.99,1300.0,956.0,RGB,JPEG,True,
/content/drive/MyDrive/Calorify/dataset/steak/17.jpg,17.jpg,steak,.jpg,156.51,1200.0,1800.0,RGB,JPEG,True,
/content/drive/MyDrive/Calorify/dataset/steak/167.jpg,167.jpg,steak,.jpg,86.94,612.0,612.0,RGB,JPEG,True,
/content/drive/MyDrive/Calorify/dataset/steak/162.jpg,162.jpg,steak,.jpg,102.11,800.0,534.0,RGB,JPEG,True,
/content/drive/MyDrive/Calorify/dataset/steak/144.jpg,144.jpg,steak,.jpg,66.03,800.0,533.0,RGB,JPEG,True,
/content/drive/MyDrive/Calorify/dataset/steak/148.jpg,148.jpg,steak,.jpg,80.86,800.0,603.0,RGB,JPEG,True,
/content/drive/MyDrive/Calorify/dataset/steak/164.jpg,164.jpg,steak,.jpg,846.78,1500.0,1101.0,RGB,JPEG,True,
/content/drive/MyDrive/Calorify/dataset/steak/139.jpg,139.jpg,steak,.jpg,246.38,1300.0,956.0,RGB,JPEG,True,
/content/drive/MyDrive/Calorify/dataset/steak/145.jpg,145.jpg,steak,.jpg,48.65,626.0,417.0,RGB,JPEG,True,
/content/drive/MyDrive/Calorify/dataset/steak/138.jpg,138.jpg,steak,.jpg,46.66,1152.0,896.0,RGB,JPEG,True,
/content/drive/MyDrive/Calorify/dataset/steak/151.jpg,151.jpg,steak,.jpg,46.46,800.0,449.0,RGB,JPEG,True,
/content/drive/MyDrive/Calorify/dataset/steak/156.jpg,156.jpg,steak,.jpg,158.82,1200.0,904.0,RGB,JPEG,True,
/content/drive/MyDrive/Calorify/dataset/steak/163.jpg,163.jpg,steak,.jpg,120.0,826.0,551.0,RGB,JPEG,True,
/content/drive/MyDrive/Calorify/dataset/steak/143.jpg,143.jpg,steak,.jpg,842.06,3000.0,2009.0,RGB,JPEG,True,
/content/drive/MyDrive/Calorify/dataset/steak/160.jpg,160.jpg,steak,.jpg,44.01,612.0,408.0,RGB,JPEG,True,
/content/drive/MyDrive/Calorify/dataset/steak/152.jpg,152.jpg,steak,.jpg,183.33,1300.0,956.0,RGB,JPEG,True,
/content/drive/MyDrive/Calorify/dataset/steak/157.jpg,157.jpg,steak,.jpg,88.42,626.0,626.0,RGB,JPEG,True,
/content/drive/MyDrive/Calorify/dataset/steak/168.jpg,168.jpg,steak,.jpg,317.74,1120.0,1690.0,RGB,JPEG,True,
/content/drive/MyDrive/Calorify/dataset/steak/161.jpg,161.jpg,steak,.jpg,349.37,1600.0,896.0,RGB,JPEG,True,
/content/drive/MyDrive/Calorify/dataset/steak/16.jpg,16.jpg,steak,.jpg,311.84,1500.0,2000.0,RGB,JPEG,True,
/content/drive/MyDrive/Calorify/dataset/steak/142.jpg,142.jpg,steak,.jpg,133.49,980.0,980.0,RGB,JPEG,True,
/content/drive/MyDrive/Calorify/dataset/steak/140.jpg,140.jpg,steak,.jpg,168.42,1300.0,956.0,RGB,JPEG,True,
/content/drive/MyDrive/Calorify/dataset/steak/137.jpg,137.jpg,steak,.jpg,66.09,600.0,900.0,RGB,JPEG,True,
/content/drive/MyDrive/Calorify/dataset/steak/166.jpg,166.jpg,steak,.jpg,64.16,800.0,449.0,RGB,JPEG,True,
/content/drive/MyDrive/Calorify/dataset/steak/15.jpg,15.jpg,steak,.jpg,140.73,640.0,1280.0,RGB,JPEG,True,
/content/drive/MyDrive/Calorify/dataset/steak/134.jpg,134.jpg,steak,.jpg,190.36,1120.0,1600.0,RGB,JPEG,True,
/content/drive/MyDrive/Calorify/dataset/steak/169.jpg,169.jpg,steak,.jpg,813.15,1500.0,1101.0,RGB,JPEG,True,
/content/drive/MyDrive/Calorify/dataset/steak/147.jpg,147.jpg,steak,.jpg,90.49,1300.0,775.0,RGB,JPEG,True,
/content/drive/MyDrive/Calorify/dataset/steak/175.jpg,175.jpg,steak,.jpg,67.6,599.0,900.0,RGB,JPEG,True,
/content/drive/MyDrive/Calorify/dataset/steak/22.jpg,22.jpg,steak,.jpg,1276.35,1024.0,1024.0,RGB,PNG,True,
/content/drive/MyDrive/Calorify/dataset/steak/181.jpg,181.jpg,steak,.jpg,60.08,626.0,417.0,RGB,JPEG,True,
/content/drive/MyDrive/Calorify/dataset/steak/173.jpg,173.jpg,steak,.jpg,413.02,1500.0,1101.0,RGB,JPEG,True,
/content/drive/MyDrive/Calorify/dataset/steak/192.jpg,192.jpg,steak,.jpg,201.06,675.0,1200.0,RGB,JPEG,True,
/content/drive/MyDrive/Calorify/dataset/steak/196.jpg,196.jpg,steak,.jpg,90.98,626.0,626.0,RGB,JPEG,True,
/content/drive/MyDrive/Calorify/dataset/steak/172.jpg,172.jpg,steak,.jpg,87.71,473.0,612.0,RGB,JPEG,True,
/content/drive/MyDrive/Calorify/dataset/steak/2.jpg,2.jpg,steak,.jpg,93.95,800.0,534.0,RGB,JPEG,True,
/content/drive/MyDrive/Calorify/dataset/steak/199.jpg,199.jpg,steak,.jpg,50.11,626.0,372.0,RGB,JPEG,True,
/content/drive/MyDrive/Calorify/dataset/steak/198.jpg,198.jpg,steak,.jpg,133.73,960.0,960.0,RGB,JPEG,True,
/content/drive/MyDrive/Calorify/dataset/steak/195.jpg,195.jpg,steak,.jpg,63.0,626.0,372.0,RGB,JPEG,True,
/content/drive/MyDrive/Calorify/dataset/steak/188.jpg,188.jpg,steak,.jpg,182.21,1067.0,1690.0,RGB,JPEG,True,
/content/drive/MyDrive/Calorify/dataset/steak/187.jpg,187.jpg,steak,.jpg,52.43,626.0,372.0,RGB,JPEG,True,
/content/drive/MyDrive/Calorify/dataset/steak/179.jpg,179.jpg,steak,.jpg,67.29,800.0,517.0,RGB,JPEG,True,
/content/drive/MyDrive/Calorify/dataset/steak/171.jpg,171.jpg,steak,.jpg,876.12,1500.0,1101.0,RGB,JPEG,True,
/content/drive/MyDrive/Calorify/dataset/steak/19.jpg,19.jpg,steak,.jpg,168.14,1200.0,992.0,RGB,WEBP,True,
/content/drive/MyDrive/Calorify/dataset/steak/21.jpg,21.jpg,steak,.jpg,272.0,1600.0,900.0,RGB,JPEG,True,
/content/drive/MyDrive/Calorify/dataset/steak/177.jpg,177.jpg,steak,.jpg,111.83,996.0,591.0,RGB,JPEG,True,
/content/drive/MyDrive/Calorify/dataset/steak/178.jpg,178.jpg,steak,.jpg,985.92,1920.0,2560.0,RGB,JPEG,True,
/content/drive/MyDrive/Calorify/dataset/steak/185.jpg,185.jpg,steak,.jpg,99.0,1200.0,1800.0,RGB,JPEG,True,
/content/drive/MyDrive/Calorify/dataset/steak/174.jpg,174.jpg,steak,.jpg,53.74,626.0,470.0,RGB,JPEG,True,
/content/drive/MyDrive/Calorify/dataset/steak/197.jpg,197.jpg,steak,.jpg,168.27,960.0,960.0,RGB,JPEG,True,
/content/drive/MyDrive/Calorify/dataset/steak/194.jpg,194.jpg,steak,.jpg,634.92,960.0,960.0,RGB,JPEG,True,
/content/drive/MyDrive/Calorify/dataset/steak/182.jpg,182.jpg,steak,.jpg,273.02,2000.0,1333.0,RGB,JPEG,True,
/content/drive/MyDrive/Calorify/dataset/steak/193.jpg,193.jpg,steak,.jpg,53.46,626.0,351.0,RGB,JPEG,True,
/content/drive/MyDrive/Calorify/dataset/steak/191.jpg,191.jpg,steak,.jpg,192.91,1600.0,1124.0,RGB,JPEG,True,
/content/drive/MyDrive/Calorify/dataset/steak/190.jpg,190.jpg,steak,.jpg,56.98,800.0,532.0,RGB,JPEG,True,
/content/drive/MyDrive/Calorify/dataset/steak/23.jpg,23.jpg,steak,.jpg,220.22,1080.0,1920.0,RGB,JPEG,True,
/content/drive/MyDrive/Calorify/dataset/steak/170.jpg,170.jpg,steak,.jpg,757.8,1500.0,1098.0,RGB,JPEG,True,
/content/drive/MyDrive/Calorify/dataset/steak/189.jpg,189.jpg,steak,.jpg,198.36,1200.0,1200.0,RGB,JPEG,True,
/content/drive/MyDrive/Calorify/dataset/steak/183.jpg,183.jpg,steak,.jpg,70.17,600.0,900.0,RGB,JPEG,True,
/content/drive/MyDrive/Calorify/dataset/steak/176.jpg,176.jpg,steak,.jpg,100.21,600.0,900.0,RGB,JPEG,True,
/content/drive/MyDrive/Calorify/dataset/steak/180.jpg,180.jpg,steak,.jpg,63.29,1024.0,1024.0,RGB,JPEG,True,
/content/drive/MyDrive/Calorify/dataset/steak/184.jpg,184.jpg,steak,.jpg,48.91,612.0,612.0,RGB,JPEG,True,
/content/drive/MyDrive/Calorify/dataset/steak/24.jpg,24.jpg,steak,.jpg,204.46,736.0,981.0,RGB,JPEG,True,
/content/drive/MyDrive/Calorify/dataset/steak/46.jpg,46.jpg,steak,.jpg,247.82,576.0,1024.0,RGB,JPEG,True,
/content/drive/MyDrive/Calorify/dataset/steak/28.jpg,28.jpg,steak,.jpg,175.62,1300.0,956.0,RGB,JPEG,True,
/content/drive/MyDrive/Calorify/dataset/steak/65.jpg,65.jpg,steak,.jpg,108.46,1024.0,768.0,RGB,JPEG,True,
/content/drive/MyDrive/Calorify/dataset/steak/55.jpg,55.jpg,steak,.jpg,140.04,736.0,1104.0,RGB,JPEG,True,
/content/drive/MyDrive/Calorify/dataset/steak/49.jpg,49.jpg,steak,.jpg,639.28,1024.0,1024.0,P,PNG,True,
/content/drive/MyDrive/Calorify/dataset/steak/54.jpg,54.jpg,steak,.jpg,294.77,1200.0,1600.0,RGB,JPEG,True,
/content/drive/MyDrive/Calorify/dataset/steak/66.jpg,66.jpg,steak,.jpg,57.18,1024.0,1024.0,RGB,WEBP,True,
/content/drive/MyDrive/Calorify/dataset/steak/58.jpg,58.jpg,steak,.jpg,100.72,1200.0,1200.0,RGB,JPEG,True,
/content/drive/MyDrive/Calorify/dataset/steak/32.jpg,32.jpg,steak,.jpg,329.24,1066.0,1066.0,RGB,JPEG,True,
/content/drive/MyDrive/Calorify/dataset/steak/27.jpg,27.jpg,steak,.jpg,74.53,800.0,449.0,RGB,JPEG,True,
/content/drive/MyDrive/Calorify/dataset/steak/57.jpg,57.jpg,steak,.jpg,103.11,878.0,1024.0,RGB,JPEG,True,
/content/drive/MyDrive/Calorify/dataset/steak/30.jpg,30.jpg,steak,.jpg,201.51,594.0,1444.0,RGB,JPEG,True,
/content/drive/MyDrive/Calorify/dataset/steak/3.jpg,3.jpg,steak,.jpg,1158.26,642.0,744.0,RGB,PNG,True,
/content/drive/MyDrive/Calorify/dataset/steak/59.jpg,59.jpg,steak,.jpg,208.66,1200.0,1000.0,RGB,WEBP,True,
/content/drive/MyDrive/Calorify/dataset/steak/39.jpg,39.jpg,steak,.jpg,174.11,866.0,1390.0,RGB,JPEG,True,
/content/drive/MyDrive/Calorify/dataset/steak/61.jpg,61.jpg,steak,.jpg,519.18,2500.0,1600.0,RGB,JPEG,True,
/content/drive/MyDrive/Calorify/dataset/steak/35.jpg,35.jpg,steak,.jpg,115.08,1024.0,1024.0,RGB,JPEG,True,
/content/drive/MyDrive/Calorify/dataset/steak/45.jpg,45.jpg,steak,.jpg,134.73,1024.0,683.0,RGB,WEBP,True,
/content/drive/MyDrive/Calorify/dataset/steak/33.jpg,33.jpg,steak,.jpg,159.61,698.0,1024.0,RGB,WEBP,True,
/content/drive/MyDrive/Calorify/dataset/steak/36.jpg,36.jpg,steak,.jpg,328.29,1024.0,1365.0,RGB,WEBP,True,
/content/drive/MyDrive/Calorify/dataset/steak/52.jpg,52.jpg,steak,.jpg,760.58,2000.0,1333.0,RGB,JPEG,True,
/content/drive/MyDrive/Calorify/dataset/steak/64.jpg,64.jpg,steak,.jpg,49.91,896.0,672.0,RGB,JPEG,True,
/content/drive/MyDrive/Calorify/dataset/steak/56.jpg,56.jpg,steak,.jpg,192.76,1280.0,720.0,RGB,JPEG,True,
/content/drive/MyDrive/Calorify/dataset/steak/44.jpg,44.jpg,steak,.jpg,35.59,626.0,358.0,RGB,JPEG,True,
/content/drive/MyDrive/Calorify/dataset/steak/37.jpg,37.jpg,steak,.jpg,126.87,1200.0,1800.0,RGB,JPEG,True,
/content/drive/MyDrive/Calorify/dataset/steak/41.jpg,41.jpg,steak,.jpg,194.17,576.0,1024.0,RGB,JPEG,True,
/content/drive/MyDrive/Calorify/dataset/steak/31.jpg,31.jpg,steak,.jpg,136.14,1024.0,1024.0,RGB,JPEG,True,
/content/drive/MyDrive/Calorify/dataset/steak/34.jpg,34.jpg,steak,.jpg,55.04,800.0,449.0,RGB,JPEG,True,
/content/drive/MyDrive/Calorify/dataset/steak/25.jpg,25.jpg,steak,.jpg,127.9,698.0,1024.0,RGB,WEBP,True,
/content/drive/MyDrive/Calorify/dataset/steak/53.jpg,53.jpg,steak,.jpg,197.47,1600.0,1200.0,RGB,JPEG,True,
/content/drive/MyDrive/Calorify/dataset/steak/4.jpg,4.jpg,steak,.jpg,136.25,1224.0,816.0,RGB,JPEG,True,
/content/drive/MyDrive/Calorify/dataset/steak/29.jpg,29.jpg,steak,.jpg,187.43,1500.0,1125.0,RGB,JPEG,True,
/content/drive/MyDrive/Calorify/dataset/steak/40.jpg,40.jpg,steak,.jpg,57.49,800.0,449.0,RGB,JPEG,True,
/content/drive/MyDrive/Calorify/dataset/steak/68.jpg,68.jpg,steak,.jpg,205.98,1376.0,864.0,RGB,JPEG,True,
/content/drive/MyDrive/Calorify/dataset/steak/42.jpg,42.jpg,steak,.jpg,181.39,768.0,1152.0,RGB,JPEG,True,
/content/drive/MyDrive/Calorify/dataset/steak/74.jpg,74.jpg,steak,.jpg,109.91,1024.0,1536.0,RGB,JPEG,True,
/content/drive/MyDrive/Calorify/dataset/steak/80.jpg,80.jpg,steak,.jpg,125.66,750.0,1000.0,RGB,JPEG,True,
/content/drive/MyDrive/Calorify/dataset/steak/steak_1001.jpg,steak_1001.jpg,steak,.jpg,44.49,508.0,512.0,RGB,JPEG,True,
/content/drive/MyDrive/Calorify/dataset/steak/steak_1020.jpg,steak_1020.jpg,steak,.jpg,46.2,512.0,512.0,RGB,JPEG,True,
/content/drive/MyDrive/Calorify/dataset/steak/71.jpg,71.jpg,steak,.jpg,248.28,1024.0,768.0,RGB,JPEG,True,
/content/drive/MyDrive/Calorify/dataset/steak/99.jpg,99.jpg,steak,.jpg,77.04,470.0,626.0,RGB,JPEG,True,
/content/drive/MyDrive/Calorify/dataset/steak/steak_1018.jpg,steak_1018.jpg,steak,.jpg,49.85,512.0,512.0,RGB,JPEG,True,
/content/drive/MyDrive/Calorify/dataset/steak/69.jpg,69.jpg,steak,.jpg,95.47,878.0,1024.0,RGB,JPEG,True,
/content/drive/MyDrive/Calorify/dataset/steak/steak_1010.jpg,steak_1010.jpg,steak,.jpg,58.78,512.0,512.0,RGB,JPEG,True,
/content/drive/MyDrive/Calorify/dataset/steak/steak_1005.jpg,steak_1005.jpg,steak,.jpg,39.92,512.0,512.0,RGB,JPEG,True,
/content/drive/MyDrive/Calorify/dataset/steak/94.jpg,94.jpg,steak,.jpg,83.23,626.0,626.0,RGB,JPEG,True,
/content/drive/MyDrive/Calorify/dataset/steak/steak_1013.jpg,steak_1013.jpg,steak,.jpg,55.65,512.0,384.0,RGB,JPEG,True,
/content/drive/MyDrive/Calorify/dataset/steak/steak_1006.jpg,steak_1006.jpg,steak,.jpg,97.68,512.0,512.0,RGB,JPEG,True,
/content/drive/MyDrive/Calorify/dataset/steak/steak_1007.jpg,steak_1007.jpg,steak,.jpg,63.34,512.0,512.0,RGB,JPEG,True,
/content/drive/MyDrive/Calorify/dataset/steak/88.jpg,88.jpg,steak,.jpg,291.59,1000.0,1000.0,RGB,JPEG,True,
/content/drive/MyDrive/Calorify/dataset/steak/steak_1017.jpg,steak_1017.jpg,steak,.jpg,59.31,512.0,512.0,RGB,JPEG,True,
/content/drive/MyDrive/Calorify/dataset/steak/83.jpg,83.jpg,steak,.jpg,80.4,626.0,417.0,RGB,JPEG,True,
/content/drive/MyDrive/Calorify/dataset/steak/steak_1012.jpg,steak_1012.jpg,steak,.jpg,33.91,512.0,304.0,RGB,JPEG,True,
/content/drive/MyDrive/Calorify/dataset/steak/79.jpg,79.jpg,steak,.jpg,192.15,1300.0,1390.0,RGB,JPEG,True,
/content/drive/MyDrive/Calorify/dataset/steak/steak_1008.jpg,steak_1008.jpg,steak,.jpg,67.29,512.0,512.0,RGB,JPEG,True,
/content/drive/MyDrive/Calorify/dataset/steak/steak_1019.jpg,steak_1019.jpg,steak,.jpg,45.85,512.0,512.0,RGB,JPEG,True,
/content/drive/MyDrive/Calorify/dataset/steak/steak_1021.jpg,steak_1021.jpg,steak,.jpg,70.38,512.0,512.0,RGB,JPEG,True,
/content/drive/MyDrive/Calorify/dataset/steak/steak_1011.jpg,steak_1011.jpg,steak,.jpg,52.02,512.0,512.0,RGB,JPEG,True,
/content/drive/MyDrive/Calorify/dataset/steak/72.jpg,72.jpg,steak,.jpg,181.05,1200.0,1600.0,RGB,JPEG,True,
/content/drive/MyDrive/Calorify/dataset/steak/steak_1004.jpg,steak_1004.jpg,steak,.jpg,39.46,512.0,384.0,RGB,JPEG,True,
/content/drive/MyDrive/Calorify/dataset/steak/steak_1000.jpg,steak_1000.jpg,steak,.jpg,40.92,512.0,512.0,RGB,JPEG,True,
/content/drive/MyDrive/Calorify/dataset/steak/steak_1009.jpg,steak_1009.jpg,steak,.jpg,79.87,512.0,384.0,RGB,JPEG,True,
/content/drive/MyDrive/Calorify/dataset/steak/steak_1022.jpg,steak_1022.jpg,steak,.jpg,68.63,512.0,512.0,RGB,JPEG,True,
/content/drive/MyDrive/Calorify/dataset/steak/73.jpg,73.jpg,steak,.jpg,280.91,1300.0,861.0,RGB,JPEG,True,
/content/drive/MyDrive/Calorify/dataset/steak/8.jpg,8.jpg,steak,.jpg,55.07,480.0,480.0,RGB,JPEG,True,
/content/drive/MyDrive/Calorify/dataset/steak/7.jpg,7.jpg,steak,.jpg,144.21,500.0,625.0,RGB,JPEG,True,
/content/drive/MyDrive/Calorify/dataset/steak/91.jpg,91.jpg,steak,.jpg,125.8,1200.0,627.0,RGB,JPEG,True,
/content/drive/MyDrive/Calorify/dataset/steak/steak_1014.jpg,steak_1014.jpg,steak,.jpg,60.04,512.0,512.0,RGB,JPEG,True,
/content/drive/MyDrive/Calorify/dataset/steak/9.jpg,9.jpg,steak,.jpg,168.72,1024.0,1024.0,RGB,WEBP,True,
/content/drive/MyDrive/Calorify/dataset/steak/steak_1003.jpg,steak_1003.jpg,steak,.jpg,49.12,512.0,382.0,RGB,JPEG,True,
/content/drive/MyDrive/Calorify/dataset/steak/90.jpg,90.jpg,steak,.jpg,265.88,800.0,800.0,RGB,WEBP,True,
/content/drive/MyDrive/Calorify/dataset/steak/steak_1016.jpg,steak_1016.jpg,steak,.jpg,71.33,512.0,512.0,RGB,JPEG,True,
/content/drive/MyDrive/Calorify/dataset/steak/steak_1015.jpg,steak_1015.jpg,steak,.jpg,84.5,512.0,384.0,RGB,JPEG,True,
/content/drive/MyDrive/Calorify/dataset/steak/92.jpg,92.jpg,steak,.jpg,63.3,800.0,800.0,RGB,JPEG,True,
/content/drive/MyDrive/Calorify/dataset/steak/70.jpg,70.jpg,steak,.jpg,76.82,736.0,736.0,RGB,JPEG,True,
/content/drive/MyDrive/Calorify/dataset/steak/steak_1002.jpg,steak_1002.jpg,steak,.jpg,53.05,382.0,512.0,RGB,JPEG,True,
/content/drive/MyDrive/Calorify/dataset/steak/steak_1055.jpg,steak_1055.jpg,steak,.jpg,50.37,512.0,512.0,RGB,JPEG,True,
/content/drive/MyDrive/Calorify/dataset/steak/steak_1041.jpg,steak_1041.jpg,steak,.jpg,75.82,512.0,341.0,RGB,JPEG,True,
/content/drive/MyDrive/Calorify/dataset/steak/steak_1023.jpg,steak_1023.jpg,steak,.jpg,59.87,512.0,512.0,RGB,JPEG,True,
/content/drive/MyDrive/Calorify/dataset/steak/steak_1062.jpg,steak_1062.jpg,steak,.jpg,49.0,383.0,512.0,RGB,JPEG,True,
/content/drive/MyDrive/Calorify/dataset/steak/steak_1045.jpg,steak_1045.jpg,steak,.jpg,70.67,512.0,512.0,RGB,JPEG,True,
/content/drive/MyDrive/Calorify/dataset/steak/steak_1061.jpg,steak_1061.jpg,steak,.jpg,89.74,512.0,384.0,RGB,JPEG,True,
/content/drive/MyDrive/Calorify/dataset/steak/steak_1031.jpg,steak_1031.jpg,steak,.jpg,59.41,512.0,512.0,RGB,JPEG,True,
/content/drive/MyDrive/Calorify/dataset/steak/steak_1052.jpg,steak_1052.jpg,steak,.jpg,54.95,512.0,512.0,RGB,JPEG,True,
/content/drive/MyDrive/Calorify/dataset/steak/steak_1042.jpg,steak_1042.jpg,steak,.jpg,20.18,340.0,512.0,RGB,JPEG,True,
/content/drive/MyDrive/Calorify/dataset/steak/steak_1050.jpg,steak_1050.jpg,steak,.jpg,34.05,306.0,512.0,RGB,JPEG,True,
/content/drive/MyDrive/Calorify/dataset/steak/steak_1037.jpg,steak_1037.jpg,steak,.jpg,40.39,512.0,384.0,RGB,JPEG,True,
/content/drive/MyDrive/Calorify/dataset/steak/steak_1046.jpg,steak_1046.jpg,steak,.jpg,56.61,512.0,512.0,RGB,JPEG,True,
/content/drive/MyDrive/Calorify/dataset/steak/steak_1029.jpg,steak_1029.jpg,steak,.jpg,58.38,512.0,512.0,RGB,JPEG,True,
/content/drive/MyDrive/Calorify/dataset/steak/steak_1026.jpg,steak_1026.jpg,steak,.jpg,23.37,512.0,307.0,RGB,JPEG,True,
/content/drive/MyDrive/Calorify/dataset/steak/steak_1063.jpg,steak_1063.jpg,steak,.jpg,47.97,512.0,512.0,RGB,JPEG,True,
/content/drive/MyDrive/Calorify/dataset/steak/steak_1024.jpg,steak_1024.jpg,steak,.jpg,57.7,512.0,384.0,RGB,JPEG,True,
/content/drive/MyDrive/Calorify/dataset/steak/steak_1056.jpg,steak_1056.jpg,steak,.jpg,59.11,512.0,512.0,RGB,JPEG,True,
/content/drive/MyDrive/Calorify/dataset/steak/steak_1039.jpg,steak_1039.jpg,steak,.jpg,27.98,512.0,308.0,RGB,JPEG,True,
/content/drive/MyDrive/Calorify/dataset/steak/steak_1043.jpg,steak_1043.jpg,steak,.jpg,88.6,512.0,287.0,RGB,JPEG,True,
/content/drive/MyDrive/Calorify/dataset/steak/steak_1036.jpg,steak_1036.jpg,steak,.jpg,55.27,512.0,512.0,RGB,JPEG,True,
/content/drive/MyDrive/Calorify/dataset/steak/steak_1033.jpg,steak_1033.jpg,steak,.jpg,63.44,512.0,512.0,RGB,JPEG,True,
/content/drive/MyDrive/Calorify/dataset/steak/steak_1059.jpg,steak_1059.jpg,steak,.jpg,48.02,512.0,387.0,RGB,JPEG,True,
/content/drive/MyDrive/Calorify/dataset/steak/steak_1060.jpg,steak_1060.jpg,steak,.jpg,79.09,512.0,512.0,RGB,JPEG,True,
/content/drive/MyDrive/Calorify/dataset/steak/steak_1047.jpg,steak_1047.jpg,steak,.jpg,53.99,512.0,382.0,RGB,JPEG,True,
/content/drive/MyDrive/Calorify/dataset/steak/steak_1028.jpg,steak_1028.jpg,steak,.jpg,42.48,512.0,512.0,RGB,JPEG,True,
/content/drive/MyDrive/Calorify/dataset/steak/steak_1038.jpg,steak_1038.jpg,steak,.jpg,36.52,512.0,512.0,RGB,JPEG,True,
/content/drive/MyDrive/Calorify/dataset/steak/steak_1049.jpg,steak_1049.jpg,steak,.jpg,39.41,512.0,382.0,RGB,JPEG,True,
/content/drive/MyDrive/Calorify/dataset/steak/steak_1044.jpg,steak_1044.jpg,steak,.jpg,58.11,512.0,512.0,RGB,JPEG,True,
/content/drive/MyDrive/Calorify/dataset/steak/steak_1035.jpg,steak_1035.jpg,steak,.jpg,59.05,512.0,512.0,RGB,JPEG,True,
/content/drive/MyDrive/Calorify/dataset/steak/steak_1027.jpg,steak_1027.jpg,steak,.jpg,51.45,512.0,512.0,RGB,JPEG,True,
/content/drive/MyDrive/Calorify/dataset/steak/steak_1058.jpg,steak_1058.jpg,steak,.jpg,64.68,384.0,512.0,RGB,JPEG,True,
/content/drive/MyDrive/Calorify/dataset/steak/steak_1053.jpg,steak_1053.jpg,steak,.jpg,41.78,512.0,384.0,RGB,JPEG,True,
/content/drive/MyDrive/Calorify/dataset/steak/steak_1034.jpg,steak_1034.jpg,steak,.jpg,64.26,512.0,384.0,RGB,JPEG,True,
/content/drive/MyDrive/Calorify/dataset/steak/steak_1025.jpg,steak_1025.jpg,steak,.jpg,45.84,512.0,512.0,RGB,JPEG,True,
/content/drive/MyDrive/Calorify/dataset/steak/steak_1048.jpg,steak_1048.jpg,steak,.jpg,45.09,512.0,512.0,RGB,JPEG,True,
/content/drive/MyDrive/Calorify/dataset/steak/steak_1054.jpg,steak_1054.jpg,steak,.jpg,41.3,512.0,383.0,RGB,JPEG,True,
/content/drive/MyDrive/Calorify/dataset/steak/steak_1051.jpg,steak_1051.jpg,steak,.jpg,83.9,512.0,512.0,RGB,JPEG,True,
/content/drive/MyDrive/Calorify/dataset/steak/steak_1057.jpg,steak_1057.jpg,steak,.jpg,51.65,512.0,512.0,RGB,JPEG,True,
/content/drive/MyDrive/Calorify/dataset/steak/steak_1032.jpg,steak_1032.jpg,steak,.jpg,65.29,512.0,512.0,RGB,JPEG,True,
/content/drive/MyDrive/Calorify/dataset/steak/steak_1030.jpg,steak_1030.jpg,steak,.jpg,37.73,512.0,384.0,RGB,JPEG,True,
/content/drive/MyDrive/Calorify/dataset/steak/steak_1040.jpg,steak_1040.jpg,steak,.jpg,25.69,512.0,384.0,RGB,JPEG,True,
/content/drive/MyDrive/Calorify/dataset/steak/steak_1091.jpg,steak_1091.jpg,steak,.jpg,37.27,308.0,512.0,RGB,JPEG,True,
/content/drive/MyDrive/Calorify/dataset/steak/steak_1090.jpg,steak_1090.jpg,steak,.jpg,32.4,512.0,512.0,RGB,JPEG,True,
/content/drive/MyDrive/Calorify/dataset/steak/steak_1085.jpg,steak_1085.jpg,steak,.jpg,49.55,512.0,512.0,RGB,JPEG,True,
/content/drive/MyDrive/Calorify/dataset/steak/steak_1069.jpg,steak_1069.jpg,steak,.jpg,39.07,384.0,512.0,RGB,JPEG,True,
/content/drive/MyDrive/Calorify/dataset/steak/steak_1077.jpg,steak_1077.jpg,steak,.jpg,61.33,512.0,512.0,RGB,JPEG,True,
/content/drive/MyDrive/Calorify/dataset/steak/steak_145.jpg,steak_145.jpg,steak,.jpg,67.15,512.0,512.0,RGB,JPEG,True,
/content/drive/MyDrive/Calorify/dataset/steak/steak_1075.jpg,steak_1075.jpg,steak,.jpg,29.42,512.0,384.0,RGB,JPEG,True,
/content/drive/MyDrive/Calorify/dataset/steak/steak_142.jpg,steak_142.jpg,steak,.jpg,35.34,512.0,384.0,RGB,JPEG,True,
/content/drive/MyDrive/Calorify/dataset/steak/steak_1065.jpg,steak_1065.jpg,steak,.jpg,69.43,512.0,512.0,RGB,JPEG,True,
/content/drive/MyDrive/Calorify/dataset/steak/steak_1078.jpg,steak_1078.jpg,steak,.jpg,72.94,512.0,512.0,RGB,JPEG,True,
/content/drive/MyDrive/Calorify/dataset/steak/steak_1088.jpg,steak_1088.jpg,steak,.jpg,43.41,512.0,384.0,RGB,JPEG,True,
/content/drive/MyDrive/Calorify/dataset/steak/steak_1080.jpg,steak_1080.jpg,steak,.jpg,45.31,512.0,512.0,RGB,JPEG,True,
/content/drive/MyDrive/Calorify/dataset/steak/steak_1066.jpg,steak_1066.jpg,steak,.jpg,34.83,512.0,384.0,RGB,JPEG,True,
/content/drive/MyDrive/Calorify/dataset/steak/steak_144.jpg,steak_144.jpg,steak,.jpg,48.29,512.0,384.0,RGB,JPEG,True,
/content/drive/MyDrive/Calorify/dataset/steak/steak_1074.jpg,steak_1074.jpg,steak,.jpg,64.55,512.0,512.0,RGB,JPEG,True,
/content/drive/MyDrive/Calorify/dataset/steak/steak_148.jpg,steak_148.jpg,steak,.jpg,55.42,512.0,512.0,RGB,JPEG,True,
/content/drive/MyDrive/Calorify/dataset/steak/steak_149.jpg,steak_149.jpg,steak,.jpg,33.34,512.0,307.0,RGB,JPEG,True,
/content/drive/MyDrive/Calorify/dataset/steak/steak_153.jpg,steak_153.jpg,steak,.jpg,52.97,512.0,512.0,RGB,JPEG,True,
/content/drive/MyDrive/Calorify/dataset/steak/steak_1081.jpg,steak_1081.jpg,steak,.jpg,38.89,512.0,384.0,RGB,JPEG,True,
/content/drive/MyDrive/Calorify/dataset/steak/steak_1084.jpg,steak_1084.jpg,steak,.jpg,53.89,512.0,512.0,RGB,JPEG,True,
/content/drive/MyDrive/Calorify/dataset/steak/steak_1067.jpg,steak_1067.jpg,steak,.jpg,45.26,512.0,512.0,RGB,JPEG,True,
/content/drive/MyDrive/Calorify/dataset/steak/steak_1086.jpg,steak_1086.jpg,steak,.jpg,111.34,512.0,512.0,RGB,JPEG,True,
/content/drive/MyDrive/Calorify/dataset/steak/steak_1068.jpg,steak_1068.jpg,steak,.jpg,47.88,512.0,384.0,RGB,JPEG,True,
/content/drive/MyDrive/Calorify/dataset/steak/steak_152.jpg,steak_152.jpg,steak,.jpg,48.67,512.0,512.0,RGB,JPEG,True,
/content/drive/MyDrive/Calorify/dataset/steak/steak_1089.jpg,steak_1089.jpg,steak,.jpg,33.1,512.0,384.0,RGB,JPEG,True,
/content/drive/MyDrive/Calorify/dataset/steak/steak_1064.jpg,steak_1064.jpg,steak,.jpg,36.59,512.0,384.0,RGB,JPEG,True,
/content/drive/MyDrive/Calorify/dataset/steak/steak_151.jpg,steak_151.jpg,steak,.jpg,36.26,512.0,512.0,RGB,JPEG,True,
/content/drive/MyDrive/Calorify/dataset/steak/steak_147.jpg,steak_147.jpg,steak,.jpg,82.67,512.0,512.0,RGB,JPEG,True,
/content/drive/MyDrive/Calorify/dataset/steak/steak_1082.jpg,steak_1082.jpg,steak,.jpg,78.41,341.0,512.0,RGB,JPEG,True,
/content/drive/MyDrive/Calorify/dataset/steak/steak_1083.jpg,steak_1083.jpg,steak,.jpg,56.96,512.0,512.0,RGB,JPEG,True,
/content/drive/MyDrive/Calorify/dataset/steak/steak_1073.jpg,steak_1073.jpg,steak,.jpg,40.43,512.0,384.0,RGB,JPEG,True,
/content/drive/MyDrive/Calorify/dataset/steak/steak_1079.jpg,steak_1079.jpg,steak,.jpg,104.76,512.0,384.0,RGB,JPEG,True,
/content/drive/MyDrive/Calorify/dataset/steak/steak_1071.jpg,steak_1071.jpg,steak,.jpg,51.89,512.0,512.0,RGB,JPEG,True,
/content/drive/MyDrive/Calorify/dataset/steak/steak_1076.jpg,steak_1076.jpg,steak,.jpg,37.1,512.0,512.0,RGB,JPEG,True,
/content/drive/MyDrive/Calorify/dataset/steak/steak_143.jpg,steak_143.jpg,steak,.jpg,33.69,512.0,382.0,RGB,JPEG,True,
/content/drive/MyDrive/Calorify/dataset/steak/steak_146.jpg,steak_146.jpg,steak,.jpg,114.06,512.0,343.0,RGB,JPEG,True,
/content/drive/MyDrive/Calorify/dataset/steak/steak_150.jpg,steak_150.jpg,steak,.jpg,24.11,512.0,288.0,RGB,JPEG,True,
/content/drive/MyDrive/Calorify/dataset/steak/steak_1072.jpg,steak_1072.jpg,steak,.jpg,63.64,512.0,341.0,RGB,JPEG,True,
/content/drive/MyDrive/Calorify/dataset/steak/steak_1087.jpg,steak_1087.jpg,steak,.jpg,41.91,512.0,512.0,RGB,JPEG,True,
/content/drive/MyDrive/Calorify/dataset/steak/steak_1070.jpg,steak_1070.jpg,steak,.jpg,65.93,512.0,512.0,RGB,JPEG,True,
/content/drive/MyDrive/Calorify/dataset/steak/steak_181.jpg,steak_181.jpg,steak,.jpg,75.67,512.0,384.0,RGB,JPEG,True,
/content/drive/MyDrive/Calorify/dataset/steak/steak_156.jpg,steak_156.jpg,steak,.jpg,28.83,512.0,384.0,RGB,JPEG,True,
/content/drive/MyDrive/Calorify/dataset/steak/steak_173.jpg,steak_173.jpg,steak,.jpg,56.15,512.0,512.0,RGB,JPEG,True,
/content/drive/MyDrive/Calorify/dataset/steak/steak_182.jpg,steak_182.jpg,steak,.jpg,40.85,512.0,509.0,RGB,JPEG,True,
/content/drive/MyDrive/Calorify/dataset/steak/steak_163.jpg,steak_163.jpg,steak,.jpg,68.21,512.0,512.0,RGB,JPEG,True,
/content/drive/MyDrive/Calorify/dataset/steak/steak_179.jpg,steak_179.jpg,steak,.jpg,69.98,512.0,512.0,RGB,JPEG,True,
/content/drive/MyDrive/Calorify/dataset/steak/steak_158.jpg,steak_158.jpg,steak,.jpg,34.36,382.0,512.0,RGB,JPEG,True,
/content/drive/MyDrive/Calorify/dataset/steak/steak_167.jpg,steak_167.jpg,steak,.jpg,32.43,512.0,384.0,RGB,JPEG,True,
/content/drive/MyDrive/Calorify/dataset/steak/steak_171.jpg,steak_171.jpg,steak,.jpg,52.17,512.0,512.0,RGB,JPEG,True,
/content/drive/MyDrive/Calorify/dataset/steak/steak_172.jpg,steak_172.jpg,steak,.jpg,56.41,512.0,512.0,RGB,JPEG,True,
/content/drive/MyDrive/Calorify/dataset/steak/steak_157.jpg,steak_157.jpg,steak,.jpg,67.45,512.0,512.0,RGB,JPEG,True,
/content/drive/MyDrive/Calorify/dataset/steak/steak_168.jpg,steak_168.jpg,steak,.jpg,30.32,512.0,384.0,RGB,JPEG,True,
/content/drive/MyDrive/Calorify/dataset/steak/steak_169.jpg,steak_169.jpg,steak,.jpg,70.43,512.0,384.0,RGB,JPEG,True,
/content/drive/MyDrive/Calorify/dataset/steak/steak_184.jpg,steak_184.jpg,steak,.jpg,50.01,512.0,384.0,RGB,JPEG,True,
/content/drive/MyDrive/Calorify/dataset/steak/steak_174.jpg,steak_174.jpg,steak,.jpg,59.97,512.0,512.0,RGB,JPEG,True,
/content/drive/MyDrive/Calorify/dataset/steak/steak_161.jpg,steak_161.jpg,steak,.jpg,42.54,512.0,308.0,RGB,JPEG,True,
/content/drive/MyDrive/Calorify/dataset/steak/steak_178.jpg,steak_178.jpg,steak,.jpg,23.44,289.0,512.0,RGB,JPEG,True,
/content/drive/MyDrive/Calorify/dataset/steak/steak_188.jpg,steak_188.jpg,steak,.jpg,75.51,512.0,512.0,RGB,JPEG,True,
/content/drive/MyDrive/Calorify/dataset/steak/steak_176.jpg,steak_176.jpg,steak,.jpg,63.43,512.0,382.0,RGB,JPEG,True,
/content/drive/MyDrive/Calorify/dataset/steak/steak_166.jpg,steak_166.jpg,steak,.jpg,32.54,512.0,512.0,RGB,JPEG,True,
/content/drive/MyDrive/Calorify/dataset/steak/steak_177.jpg,steak_177.jpg,steak,.jpg,51.72,512.0,512.0,RGB,JPEG,True,
/content/drive/MyDrive/Calorify/dataset/steak/steak_165.jpg,steak_165.jpg,steak,.jpg,47.78,512.0,512.0,RGB,JPEG,True,
/content/drive/MyDrive/Calorify/dataset/steak/steak_187.jpg,steak_187.jpg,steak,.jpg,38.5,512.0,288.0,RGB,JPEG,True,
/content/drive/MyDrive/Calorify/dataset/steak/steak_189.jpg,steak_189.jpg,steak,.jpg,68.67,512.0,512.0,RGB,JPEG,True,
/content/drive/MyDrive/Calorify/dataset/steak/steak_185.jpg,steak_185.jpg,steak,.jpg,43.1,512.0,512.0,RGB,JPEG,True,
/content/drive/MyDrive/Calorify/dataset/steak/steak_190.jpg,steak_190.jpg,steak,.jpg,41.94,512.0,364.0,RGB,JPEG,True,
/content/drive/MyDrive/Calorify/dataset/steak/steak_186.jpg,steak_186.jpg,steak,.jpg,22.11,289.0,512.0,RGB,JPEG,True,
/content/drive/MyDrive/Calorify/dataset/steak/steak_183.jpg,steak_183.jpg,steak,.jpg,25.43,383.0,512.0,RGB,JPEG,True,
/content/drive/MyDrive/Calorify/dataset/steak/steak_180.jpg,steak_180.jpg,steak,.jpg,37.69,512.0,512.0,RGB,JPEG,True,
/content/drive/MyDrive/Calorify/dataset/steak/steak_175.jpg,steak_175.jpg,steak,.jpg,113.52,503.0,512.0,RGB,JPEG,True,
/content/drive/MyDrive/Calorify/dataset/steak/steak_154.jpg,steak_154.jpg,steak,.jpg,58.58,512.0,384.0,RGB,JPEG,True,
/content/drive/MyDrive/Calorify/dataset/steak/steak_164.jpg,steak_164.jpg,steak,.jpg,44.4,512.0,385.0,RGB,JPEG,True,
/content/drive/MyDrive/Calorify/dataset/steak/steak_170.jpg,steak_170.jpg,steak,.jpg,44.85,512.0,512.0,RGB,JPEG,True,
/content/drive/MyDrive/Calorify/dataset/steak/steak_159.jpg,steak_159.jpg,steak,.jpg,48.42,512.0,512.0,RGB,JPEG,True,
/content/drive/MyDrive/Calorify/dataset/steak/steak_160.jpg,steak_160.jpg,steak,.jpg,58.57,512.0,512.0,RGB,JPEG,True,
/content/drive/MyDrive/Calorify/dataset/steak/steak_162.jpg,steak_162.jpg,steak,.jpg,58.84,512.0,512.0,RGB,JPEG,True,
/content/drive/MyDrive/Calorify/dataset/steak/steak_155.jpg,steak_155.jpg,steak,.jpg,28.32,306.0,512.0,RGB,JPEG,True,
/content/drive/MyDrive/Calorify/dataset/steak/steak_212.jpg,steak_212.jpg,steak,.jpg,54.69,512.0,512.0,RGB,JPEG,True,
/content/drive/MyDrive/Calorify/dataset/steak/steak_197.jpg,steak_197.jpg,steak,.jpg,74.44,512.0,436.0,RGB,JPEG,True,
/content/drive/MyDrive/Calorify/dataset/steak/steak_221.jpg,steak_221.jpg,steak,.jpg,67.63,512.0,384.0,RGB,JPEG,True,
/content/drive/MyDrive/Calorify/dataset/steak/steak_208.jpg,steak_208.jpg,steak,.jpg,42.51,512.0,384.0,RGB,JPEG,True,
/content/drive/MyDrive/Calorify/dataset/steak/steak_196.jpg,steak_196.jpg,steak,.jpg,60.77,512.0,512.0,RGB,JPEG,True,
/content/drive/MyDrive/Calorify/dataset/steak/steak_216.jpg,steak_216.jpg,steak,.jpg,39.11,512.0,384.0,RGB,JPEG,True,
/content/drive/MyDrive/Calorify/dataset/steak/steak_213.jpg,steak_213.jpg,steak,.jpg,29.37,512.0,384.0,RGB,JPEG,True,
/content/drive/MyDrive/Calorify/dataset/steak/steak_200.jpg,steak_200.jpg,steak,.jpg,17.27,288.0,512.0,RGB,JPEG,True,
/content/drive/MyDrive/Calorify/dataset/steak/steak_193.jpg,steak_193.jpg,steak,.jpg,65.73,512.0,288.0,RGB,JPEG,True,
/content/drive/MyDrive/Calorify/dataset/steak/steak_224.jpg,steak_224.jpg,steak,.jpg,63.37,512.0,512.0,RGB,JPEG,True,
/content/drive/MyDrive/Calorify/dataset/steak/steak_211.jpg,steak_211.jpg,steak,.jpg,49.14,512.0,382.0,RGB,JPEG,True,
/content/drive/MyDrive/Calorify/dataset/steak/steak_205.jpg,steak_205.jpg,steak,.jpg,47.74,512.0,384.0,RGB,JPEG,True,
/content/drive/MyDrive/Calorify/dataset/steak/steak_203.jpg,steak_203.jpg,steak,.jpg,47.05,512.0,512.0,RGB,JPEG,True,
/content/drive/MyDrive/Calorify/dataset/steak/steak_206.jpg,steak_206.jpg,steak,.jpg,41.04,512.0,512.0,RGB,JPEG,True,
/content/drive/MyDrive/Calorify/dataset/steak/steak_192.jpg,steak_192.jpg,steak,.jpg,47.18,512.0,384.0,RGB,JPEG,True,
/content/drive/MyDrive/Calorify/dataset/steak/steak_207.jpg,steak_207.jpg,steak,.jpg,52.52,512.0,512.0,RGB,JPEG,True,
/content/drive/MyDrive/Calorify/dataset/steak/steak_229.jpg,steak_229.jpg,steak,.jpg,56.8,512.0,512.0,RGB,JPEG,True,
/content/drive/MyDrive/Calorify/dataset/steak/steak_201.jpg,steak_201.jpg,steak,.jpg,47.97,512.0,512.0,RGB,JPEG,True,
/content/drive/MyDrive/Calorify/dataset/steak/steak_227.jpg,steak_227.jpg,steak,.jpg,40.6,511.0,512.0,RGB,JPEG,True,
/content/drive/MyDrive/Calorify/dataset/steak/steak_209.jpg,steak_209.jpg,steak,.jpg,62.22,512.0,512.0,RGB,JPEG,True,
/content/drive/MyDrive/Calorify/dataset/steak/steak_215.jpg,steak_215.jpg,steak,.jpg,47.3,512.0,512.0,RGB,JPEG,True,
/content/drive/MyDrive/Calorify/dataset/steak/steak_199.jpg,steak_199.jpg,steak,.jpg,60.1,512.0,512.0,RGB,JPEG,True,
/content/drive/MyDrive/Calorify/dataset/steak/steak_195.jpg,steak_195.jpg,steak,.jpg,31.94,512.0,289.0,RGB,JPEG,True,
/content/drive/MyDrive/Calorify/dataset/steak/steak_225.jpg,steak_225.jpg,steak,.jpg,61.47,512.0,512.0,RGB,JPEG,True,
/content/drive/MyDrive/Calorify/dataset/steak/steak_230.jpg,steak_230.jpg,steak,.jpg,39.95,512.0,512.0,RGB,JPEG,True,
/content/drive/MyDrive/Calorify/dataset/steak/steak_214.jpg,steak_214.jpg,steak,.jpg,33.49,512.0,307.0,RGB,JPEG,True,
/content/drive/MyDrive/Calorify/dataset/steak/steak_219.jpg,steak_219.jpg,steak,.jpg,51.36,512.0,512.0,RGB,JPEG,True,
/content/drive/MyDrive/Calorify/dataset/steak/steak_198.jpg,steak_198.jpg,steak,.jpg,68.07,512.0,512.0,RGB,JPEG,True,
/content/drive/MyDrive/Calorify/dataset/steak/steak_210.jpg,steak_210.jpg,steak,.jpg,36.06,512.0,384.0,RGB,JPEG,True,
/content/drive/MyDrive/Calorify/dataset/steak/steak_228.jpg,steak_228.jpg,steak,.jpg,59.58,512.0,512.0,RGB,JPEG,True,
/content/drive/MyDrive/Calorify/dataset/steak/steak_223.jpg,steak_223.jpg,steak,.jpg,51.13,512.0,382.0,RGB,JPEG,True,
/content/drive/MyDrive/Calorify/dataset/steak/steak_204.jpg,steak_204.jpg,steak,.jpg,66.97,512.0,512.0,RGB,JPEG,True,
/content/drive/MyDrive/Calorify/dataset/steak/steak_222.jpg,steak_222.jpg,steak,.jpg,58.95,511.0,512.0,RGB,JPEG,True,
/content/drive/MyDrive/Calorify/dataset/steak/steak_217.jpg,steak_217.jpg,steak,.jpg,43.64,512.0,512.0,RGB,JPEG,True,
/content/drive/MyDrive/Calorify/dataset/steak/steak_220.jpg,steak_220.jpg,steak,.jpg,48.07,512.0,471.0,RGB,JPEG,True,
/content/drive/MyDrive/Calorify/dataset/steak/steak_218.jpg,steak_218.jpg,steak,.jpg,32.61,510.0,512.0,L,JPEG,True,
/content/drive/MyDrive/Calorify/dataset/steak/steak_191.jpg,steak_191.jpg,steak,.jpg,69.05,512.0,341.0,RGB,JPEG,True,
/content/drive/MyDrive/Calorify/dataset/steak/steak_202.jpg,steak_202.jpg,steak,.jpg,22.91,512.0,306.0,RGB,JPEG,True,
/content/drive/MyDrive/Calorify/dataset/steak/steak_226.jpg,steak_226.jpg,steak,.jpg,56.86,512.0,512.0,RGB,JPEG,True,
/content/drive/MyDrive/Calorify/dataset/steak/steak_194.jpg,steak_194.jpg,steak,.jpg,32.42,512.0,384.0,RGB,JPEG,True,
/content/drive/MyDrive/Calorify/dataset/steak/steak_248.jpg,steak_248.jpg,steak,.jpg,41.33,512.0,384.0,RGB,JPEG,True,
/content/drive/MyDrive/Calorify/dataset/steak/steak_268.jpg,steak_268.jpg,steak,.jpg,92.03,512.0,384.0,RGB,JPEG,True,
/content/drive/MyDrive/Calorify/dataset/steak/steak_236.jpg,steak_236.jpg,steak,.jpg,57.15,384.0,512.0,RGB,JPEG,True,
/content/drive/MyDrive/Calorify/dataset/steak/steak_252.jpg,steak_252.jpg,steak,.jpg,35.83,512.0,382.0,RGB,JPEG,True,
/content/drive/MyDrive/Calorify/dataset/steak/steak_253.jpg,steak_253.jpg,steak,.jpg,55.19,512.0,512.0,RGB,JPEG,True,
/content/drive/MyDrive/Calorify/dataset/steak/steak_270.jpg,steak_270.jpg,steak,.jpg,65.64,512.0,512.0,RGB,JPEG,True,
/content/drive/MyDrive/Calorify/dataset/steak/steak_235.jpg,steak_235.jpg,steak,.jpg,77.79,512.0,512.0,RGB,JPEG,True,
/content/drive/MyDrive/Calorify/dataset/steak/steak_244.jpg,steak_244.jpg,steak,.jpg,25.24,341.0,512.0,RGB,JPEG,True,
/content/drive/MyDrive/Calorify/dataset/steak/steak_233.jpg,steak_233.jpg,steak,.jpg,42.62,512.0,384.0,RGB,JPEG,True,
/content/drive/MyDrive/Calorify/dataset/steak/steak_242.jpg,steak_242.jpg,steak,.jpg,65.26,512.0,509.0,RGB,JPEG,True,
/content/drive/MyDrive/Calorify/dataset/steak/steak_231.jpg,steak_231.jpg,steak,.jpg,52.48,512.0,395.0,RGB,JPEG,True,
/content/drive/MyDrive/Calorify/dataset/steak/steak_232.jpg,steak_232.jpg,steak,.jpg,45.81,512.0,512.0,RGB,JPEG,True,
/content/drive/MyDrive/Calorify/dataset/steak/steak_262.jpg,steak_262.jpg,steak,.jpg,30.36,512.0,384.0,RGB,JPEG,True,
/content/drive/MyDrive/Calorify/dataset/steak/steak_251.jpg,steak_251.jpg,steak,.jpg,31.97,384.0,512.0,RGB,JPEG,True,
/content/drive/MyDrive/Calorify/dataset/steak/steak_237.jpg,steak_237.jpg,steak,.jpg,54.51,512.0,512.0,RGB,JPEG,True,
/content/drive/MyDrive/Calorify/dataset/steak/steak_238.jpg,steak_238.jpg,steak,.jpg,68.55,512.0,512.0,RGB,JPEG,True,
/content/drive/MyDrive/Calorify/dataset/steak/steak_254.jpg,steak_254.jpg,steak,.jpg,53.47,512.0,512.0,RGB,JPEG,True,
/content/drive/MyDrive/Calorify/dataset/steak/steak_265.jpg,steak_265.jpg,steak,.jpg,40.29,512.0,382.0,RGB,JPEG,True,
/content/drive/MyDrive/Calorify/dataset/steak/steak_264.jpg,steak_264.jpg,steak,.jpg,92.36,382.0,512.0,RGB,JPEG,True,
/content/drive/MyDrive/Calorify/dataset/steak/steak_266.jpg,steak_266.jpg,steak,.jpg,35.84,382.0,512.0,RGB,JPEG,True,
/content/drive/MyDrive/Calorify/dataset/steak/steak_245.jpg,steak_245.jpg,steak,.jpg,41.12,384.0,512.0,RGB,JPEG,True,
/content/drive/MyDrive/Calorify/dataset/steak/steak_241.jpg,steak_241.jpg,steak,.jpg,50.59,512.0,512.0,RGB,JPEG,True,
/content/drive/MyDrive/Calorify/dataset/steak/steak_255.jpg,steak_255.jpg,steak,.jpg,30.7,512.0,307.0,RGB,JPEG,True,
/content/drive/MyDrive/Calorify/dataset/steak/steak_257.jpg,steak_257.jpg,steak,.jpg,75.88,512.0,341.0,RGB,JPEG,True,
/content/drive/MyDrive/Calorify/dataset/steak/steak_260.jpg,steak_260.jpg,steak,.jpg,56.68,512.0,512.0,RGB,JPEG,True,
/content/drive/MyDrive/Calorify/dataset/steak/steak_256.jpg,steak_256.jpg,steak,.jpg,48.52,512.0,511.0,RGB,JPEG,True,
/content/drive/MyDrive/Calorify/dataset/steak/steak_250.jpg,steak_250.jpg,steak,.jpg,60.6,512.0,512.0,RGB,JPEG,True,
/content/drive/MyDrive/Calorify/dataset/steak/steak_269.jpg,steak_269.jpg,steak,.jpg,57.6,512.0,512.0,RGB,JPEG,True,
/content/drive/MyDrive/Calorify/dataset/steak/steak_259.jpg,steak_259.jpg,steak,.jpg,47.36,512.0,341.0,RGB,JPEG,True,
/content/drive/MyDrive/Calorify/dataset/steak/steak_246.jpg,steak_246.jpg,steak,.jpg,55.46,512.0,512.0,RGB,JPEG,True,
/content/drive/MyDrive/Calorify/dataset/steak/steak_240.jpg,steak_240.jpg,steak,.jpg,33.59,384.0,512.0,RGB,JPEG,True,
/content/drive/MyDrive/Calorify/dataset/steak/steak_243.jpg,steak_243.jpg,steak,.jpg,38.71,382.0,512.0,RGB,JPEG,True,
/content/drive/MyDrive/Calorify/dataset/steak/steak_247.jpg,steak_247.jpg,steak,.jpg,57.61,512.0,512.0,RGB,JPEG,True,
/content/drive/MyDrive/Calorify/dataset/steak/steak_239.jpg,steak_239.jpg,steak,.jpg,31.09,512.0,512.0,RGB,JPEG,True,
/content/drive/MyDrive/Calorify/dataset/steak/steak_271.jpg,steak_271.jpg,steak,.jpg,61.63,512.0,512.0,RGB,JPEG,True,
/content/drive/MyDrive/Calorify/dataset/steak/steak_263.jpg,steak_263.jpg,steak,.jpg,41.26,512.0,382.0,RGB,JPEG,True,
/content/drive/MyDrive/Calorify/dataset/steak/steak_261.jpg,steak_261.jpg,steak,.jpg,60.4,512.0,512.0,RGB,JPEG,True,
/content/drive/MyDrive/Calorify/dataset/steak/steak_249.jpg,steak_249.jpg,steak,.jpg,41.16,512.0,512.0,RGB,JPEG,True,
/content/drive/MyDrive/Calorify/dataset/steak/steak_258.jpg,steak_258.jpg,steak,.jpg,69.73,512.0,512.0,RGB,JPEG,True,
/content/drive/MyDrive/Calorify/dataset/steak/steak_267.jpg,steak_267.jpg,steak,.jpg,70.12,512.0,512.0,RGB,JPEG,True,
/content/drive/MyDrive/Calorify/dataset/steak/steak_234.jpg,steak_234.jpg,steak,.jpg,45.89,384.0,512.0,RGB,JPEG,True,
/content/drive/MyDrive/Calorify/dataset/steak/steak_283.jpg,steak_283.jpg,steak,.jpg,67.17,512.0,364.0,RGB,JPEG,True,
/content/drive/MyDrive/Calorify/dataset/steak/steak_282.jpg,steak_282.jpg,steak,.jpg,28.68,512.0,289.0,RGB,JPEG,True,
/content/drive/MyDrive/Calorify/dataset/steak/steak_294.jpg,steak_294.jpg,steak,.jpg,58.01,512.0,512.0,RGB,JPEG,True,
/content/drive/MyDrive/Calorify/dataset/steak/steak_280.jpg,steak_280.jpg,steak,.jpg,35.63,306.0,512.0,RGB,JPEG,True,
/content/drive/MyDrive/Calorify/dataset/steak/steak_293.jpg,steak_293.jpg,steak,.jpg,51.5,442.0,512.0,RGB,JPEG,True,
/content/drive/MyDrive/Calorify/dataset/steak/steak_275.jpg,steak_275.jpg,steak,.jpg,46.29,512.0,512.0,RGB,JPEG,True,
/content/drive/MyDrive/Calorify/dataset/steak/steak_292.jpg,steak_292.jpg,steak,.jpg,33.99,512.0,511.0,RGB,JPEG,True,
/content/drive/MyDrive/Calorify/dataset/steak/steak_296.jpg,steak_296.jpg,steak,.jpg,57.01,512.0,512.0,RGB,JPEG,True,
/content/drive/MyDrive/Calorify/dataset/steak/steak_308.jpg,steak_308.jpg,steak,.jpg,50.09,512.0,512.0,RGB,JPEG,True,
/content/drive/MyDrive/Calorify/dataset/steak/steak_290.jpg,steak_290.jpg,steak,.jpg,62.78,512.0,512.0,RGB,JPEG,True,
/content/drive/MyDrive/Calorify/dataset/steak/steak_302.jpg,steak_302.jpg,steak,.jpg,61.09,512.0,512.0,RGB,JPEG,True,
/content/drive/MyDrive/Calorify/dataset/steak/steak_281.jpg,steak_281.jpg,steak,.jpg,37.13,512.0,512.0,RGB,JPEG,True,
/content/drive/MyDrive/Calorify/dataset/steak/steak_301.jpg,steak_301.jpg,steak,.jpg,54.62,512.0,512.0,RGB,JPEG,True,
/content/drive/MyDrive/Calorify/dataset/steak/steak_306.jpg,steak_306.jpg,steak,.jpg,53.39,512.0,512.0,RGB,JPEG,True,
/content/drive/MyDrive/Calorify/dataset/steak/steak_276.jpg,steak_276.jpg,steak,.jpg,49.53,512.0,512.0,RGB,JPEG,True,
/content/drive/MyDrive/Calorify/dataset/steak/steak_309.jpg,steak_309.jpg,steak,.jpg,61.22,512.0,512.0,RGB,JPEG,True,
/content/drive/MyDrive/Calorify/dataset/steak/steak_285.jpg,steak_285.jpg,steak,.jpg,24.76,512.0,306.0,RGB,JPEG,True,
/content/drive/MyDrive/Calorify/dataset/steak/steak_272.jpg,steak_272.jpg,steak,.jpg,60.55,512.0,512.0,RGB,JPEG,True,
/content/drive/MyDrive/Calorify/dataset/steak/steak_273.jpg,steak_273.jpg,steak,.jpg,52.35,512.0,512.0,RGB,JPEG,True,
/content/drive/MyDrive/Calorify/dataset/steak/steak_298.jpg,steak_298.jpg,steak,.jpg,64.87,512.0,512.0,RGB,JPEG,True,
/content/drive/MyDrive/Calorify/dataset/steak/steak_277.jpg,steak_277.jpg,steak,.jpg,53.39,512.0,512.0,RGB,JPEG,True,
/content/drive/MyDrive/Calorify/dataset/steak/steak_303.jpg,steak_303.jpg,steak,.jpg,48.11,512.0,341.0,RGB,JPEG,True,
/content/drive/MyDrive/Calorify/dataset/steak/steak_278.jpg,steak_278.jpg,steak,.jpg,47.33,512.0,407.0,RGB,JPEG,True,
/content/drive/MyDrive/Calorify/dataset/steak/steak_310.jpg,steak_310.jpg,steak,.jpg,68.95,512.0,512.0,RGB,JPEG,True,
/content/drive/MyDrive/Calorify/dataset/steak/steak_300.jpg,steak_300.jpg,steak,.jpg,56.46,512.0,512.0,RGB,JPEG,True,
/content/drive/MyDrive/Calorify/dataset/steak/steak_284.jpg,steak_284.jpg,steak,.jpg,35.21,512.0,287.0,RGB,JPEG,True,
/content/drive/MyDrive/Calorify/dataset/steak/steak_295.jpg,steak_295.jpg,steak,.jpg,43.39,384.0,512.0,RGB,JPEG,True,
/content/drive/MyDrive/Calorify/dataset/steak/steak_289.jpg,steak_289.jpg,steak,.jpg,71.86,512.0,512.0,RGB,JPEG,True,
/content/drive/MyDrive/Calorify/dataset/steak/steak_286.jpg,steak_286.jpg,steak,.jpg,52.01,512.0,512.0,RGB,JPEG,True,
/content/drive/MyDrive/Calorify/dataset/steak/steak_305.jpg,steak_305.jpg,steak,.jpg,53.0,512.0,512.0,RGB,JPEG,True,
/content/drive/MyDrive/Calorify/dataset/steak/steak_279.jpg,steak_279.jpg,steak,.jpg,41.96,512.0,512.0,RGB,JPEG,True,
/content/drive/MyDrive/Calorify/dataset/steak/steak_288.jpg,steak_288.jpg,steak,.jpg,61.96,512.0,512.0,RGB,JPEG,True,
/content/drive/MyDrive/Calorify/dataset/steak/steak_291.jpg,steak_291.jpg,steak,.jpg,105.75,512.0,343.0,RGB,JPEG,True,
/content/drive/MyDrive/Calorify/dataset/steak/steak_304.jpg,steak_304.jpg,steak,.jpg,56.97,512.0,512.0,RGB,JPEG,True,
/content/drive/MyDrive/Calorify/dataset/steak/steak_299.jpg,steak_299.jpg,steak,.jpg,29.12,512.0,341.0,RGB,JPEG,True,
/content/drive/MyDrive/Calorify/dataset/steak/steak_307.jpg,steak_307.jpg,steak,.jpg,62.48,512.0,512.0,RGB,JPEG,True,
/content/drive/MyDrive/Calorify/dataset/steak/steak_274.jpg,steak_274.jpg,steak,.jpg,51.81,512.0,512.0,RGB,JPEG,True,
/content/drive/MyDrive/Calorify/dataset/steak/steak_311.jpg,steak_311.jpg,steak,.jpg,38.08,512.0,512.0,RGB,JPEG,True,
/content/drive/MyDrive/Calorify/dataset/steak/steak_287.jpg,steak_287.jpg,steak,.jpg,34.78,306.0,512.0,RGB,JPEG,True,
/content/drive/MyDrive/Calorify/dataset/steak/steak_297.jpg,steak_297.jpg,steak,.jpg,45.32,512.0,384.0,RGB,JPEG,True,
/content/drive/MyDrive/Calorify/dataset/steak/steak_333.jpg,steak_333.jpg,steak,.jpg,100.84,382.0,512.0,RGB,JPEG,True,
/content/drive/MyDrive/Calorify/dataset/steak/steak_334.jpg,steak_334.jpg,steak,.jpg,43.63,512.0,512.0,RGB,JPEG,True,
/content/drive/MyDrive/Calorify/dataset/steak/steak_327.jpg,steak_327.jpg,steak,.jpg,52.01,512.0,512.0,RGB,JPEG,True,
/content/drive/MyDrive/Calorify/dataset/steak/steak_313.jpg,steak_313.jpg,steak,.jpg,36.76,512.0,382.0,RGB,JPEG,True,
/content/drive/MyDrive/Calorify/dataset/steak/steak_320.jpg,steak_320.jpg,steak,.jpg,64.47,512.0,512.0,RGB,JPEG,True,
/content/drive/MyDrive/Calorify/dataset/steak/steak_341.jpg,steak_341.jpg,steak,.jpg,50.1,512.0,512.0,RGB,JPEG,True,
/content/drive/MyDrive/Calorify/dataset/steak/steak_328.jpg,steak_328.jpg,steak,.jpg,37.5,512.0,306.0,RGB,JPEG,True,
/content/drive/MyDrive/Calorify/dataset/steak/steak_326.jpg,steak_326.jpg,steak,.jpg,22.44,341.0,512.0,RGB,JPEG,True,
/content/drive/MyDrive/Calorify/dataset/steak/steak_331.jpg,steak_331.jpg,steak,.jpg,56.77,512.0,512.0,RGB,JPEG,True,
/content/drive/MyDrive/Calorify/dataset/steak/steak_319.jpg,steak_319.jpg,steak,.jpg,75.77,512.0,512.0,RGB,JPEG,True,
/content/drive/MyDrive/Calorify/dataset/steak/steak_312.jpg,steak_312.jpg,steak,.jpg,67.82,512.0,341.0,RGB,JPEG,True,
/content/drive/MyDrive/Calorify/dataset/steak/steak_344.jpg,steak_344.jpg,steak,.jpg,105.7,512.0,384.0,RGB,JPEG,True,
/content/drive/MyDrive/Calorify/dataset/steak/steak_336.jpg,steak_336.jpg,steak,.jpg,43.31,512.0,354.0,RGB,JPEG,True,
/content/drive/MyDrive/Calorify/dataset/steak/steak_349.jpg,steak_349.jpg,steak,.jpg,63.41,512.0,512.0,RGB,JPEG,True,
/content/drive/MyDrive/Calorify/dataset/steak/steak_350.jpg,steak_350.jpg,steak,.jpg,50.34,512.0,512.0,RGB,JPEG,True,
/content/drive/MyDrive/Calorify/dataset/steak/steak_347.jpg,steak_347.jpg,steak,.jpg,59.38,512.0,512.0,RGB,JPEG,True,
/content/drive/MyDrive/Calorify/dataset/steak/steak_346.jpg,steak_346.jpg,steak,.jpg,79.4,512.0,512.0,RGB,JPEG,True,
/content/drive/MyDrive/Calorify/dataset/steak/steak_339.jpg,steak_339.jpg,steak,.jpg,49.49,512.0,384.0,RGB,JPEG,True,
/content/drive/MyDrive/Calorify/dataset/steak/steak_323.jpg,steak_323.jpg,steak,.jpg,41.94,512.0,512.0,RGB,JPEG,True,
/content/drive/MyDrive/Calorify/dataset/steak/steak_324.jpg,steak_324.jpg,steak,.jpg,54.11,512.0,384.0,RGB,JPEG,True,
/content/drive/MyDrive/Calorify/dataset/steak/steak_337.jpg,steak_337.jpg,steak,.jpg,37.57,512.0,512.0,RGB,JPEG,True,
/content/drive/MyDrive/Calorify/dataset/steak/steak_342.jpg,steak_342.jpg,steak,.jpg,58.7,512.0,512.0,RGB,JPEG,True,
/content/drive/MyDrive/Calorify/dataset/steak/steak_348.jpg,steak_348.jpg,steak,.jpg,50.28,512.0,512.0,RGB,JPEG,True,
/content/drive/MyDrive/Calorify/dataset/steak/steak_316.jpg,steak_316.jpg,steak,.jpg,42.73,382.0,512.0,RGB,JPEG,True,
/content/drive/MyDrive/Calorify/dataset/steak/steak_322.jpg,steak_322.jpg,steak,.jpg,54.55,512.0,512.0,RGB,JPEG,True,
/content/drive/MyDrive/Calorify/dataset/steak/steak_332.jpg,steak_332.jpg,steak,.jpg,52.14,512.0,512.0,RGB,JPEG,True,
/content/drive/MyDrive/Calorify/dataset/steak/steak_343.jpg,steak_343.jpg,steak,.jpg,40.86,512.0,512.0,RGB,JPEG,True,
/content/drive/MyDrive/Calorify/dataset/steak/steak_352.jpg,steak_352.jpg,steak,.jpg,54.05,512.0,512.0,RGB,JPEG,True,
/content/drive/MyDrive/Calorify/dataset/steak/steak_315.jpg,steak_315.jpg,steak,.jpg,55.66,512.0,512.0,RGB,JPEG,True,
/content/drive/MyDrive/Calorify/dataset/steak/steak_338.jpg,steak_338.jpg,steak,.jpg,72.92,512.0,384.0,RGB,JPEG,True,
/content/drive/MyDrive/Calorify/dataset/steak/steak_340.jpg,steak_340.jpg,steak,.jpg,30.7,512.0,307.0,RGB,JPEG,True,
/content/drive/MyDrive/Calorify/dataset/steak/steak_318.jpg,steak_318.jpg,steak,.jpg,29.87,382.0,512.0,RGB,JPEG,True,
/content/drive/MyDrive/Calorify/dataset/steak/steak_335.jpg,steak_335.jpg,steak,.jpg,62.0,512.0,512.0,RGB,JPEG,True,
/content/drive/MyDrive/Calorify/dataset/steak/steak_321.jpg,steak_321.jpg,steak,.jpg,40.88,382.0,512.0,RGB,JPEG,True,
/content/drive/MyDrive/Calorify/dataset/steak/steak_330.jpg,steak_330.jpg,steak,.jpg,54.62,512.0,384.0,RGB,JPEG,True,
/content/drive/MyDrive/Calorify/dataset/steak/steak_314.jpg,steak_314.jpg,steak,.jpg,52.54,512.0,512.0,RGB,JPEG,True,
/content/drive/MyDrive/Calorify/dataset/steak/steak_325.jpg,steak_325.jpg,steak,.jpg,56.76,512.0,512.0,RGB,JPEG,True,
/content/drive/MyDrive/Calorify/dataset/steak/steak_329.jpg,steak_329.jpg,steak,.jpg,57.83,512.0,512.0,RGB,JPEG,True,
/content/drive/MyDrive/Calorify/dataset/steak/steak_345.jpg,steak_345.jpg,steak,.jpg,49.17,512.0,384.0,RGB,JPEG,True,
/content/drive/MyDrive/Calorify/dataset/steak/steak_351.jpg,steak_351.jpg,steak,.jpg,49.88,512.0,342.0,RGB,JPEG,True,
/content/drive/MyDrive/Calorify/dataset/steak/steak_317.jpg,steak_317.jpg,steak,.jpg,56.43,512.0,512.0,RGB,JPEG,True,
/content/drive/MyDrive/Calorify/dataset/steak/steak_385.jpg,steak_385.jpg,steak,.jpg,60.78,384.0,512.0,RGB,JPEG,True,
/content/drive/MyDrive/Calorify/dataset/steak/steak_375.jpg,steak_375.jpg,steak,.jpg,63.43,512.0,512.0,RGB,JPEG,True,
/content/drive/MyDrive/Calorify/dataset/steak/steak_389.jpg,steak_389.jpg,steak,.jpg,60.71,512.0,393.0,RGB,JPEG,True,
/content/drive/MyDrive/Calorify/dataset/steak/steak_369.jpg,steak_369.jpg,steak,.jpg,43.16,512.0,512.0,RGB,JPEG,True,
/content/drive/MyDrive/Calorify/dataset/steak/steak_380.jpg,steak_380.jpg,steak,.jpg,45.66,384.0,512.0,RGB,JPEG,True,
/content/drive/MyDrive/Calorify/dataset/steak/steak_357.jpg,steak_357.jpg,steak,.jpg,55.0,512.0,512.0,RGB,JPEG,True,
/content/drive/MyDrive/Calorify/dataset/steak/steak_371.jpg,steak_371.jpg,steak,.jpg,52.63,512.0,512.0,RGB,JPEG,True,
/content/drive/MyDrive/Calorify/dataset/steak/steak_362.jpg,steak_362.jpg,steak,.jpg,49.16,512.0,384.0,RGB,JPEG,True,
/content/drive/MyDrive/Calorify/dataset/steak/steak_377.jpg,steak_377.jpg,steak,.jpg,47.86,512.0,512.0,RGB,JPEG,True,
/content/drive/MyDrive/Calorify/dataset/steak/steak_364.jpg,steak_364.jpg,steak,.jpg,53.18,512.0,512.0,RGB,JPEG,True,
/content/drive/MyDrive/Calorify/dataset/steak/steak_355.jpg,steak_355.jpg,steak,.jpg,62.71,512.0,512.0,RGB,JPEG,True,
/content/drive/MyDrive/Calorify/dataset/steak/steak_382.jpg,steak_382.jpg,steak,.jpg,48.16,512.0,512.0,RGB,JPEG,True,
/content/drive/MyDrive/Calorify/dataset/steak/steak_373.jpg,steak_373.jpg,steak,.jpg,65.52,512.0,512.0,RGB,JPEG,True,
/content/drive/MyDrive/Calorify/dataset/steak/steak_393.jpg,steak_393.jpg,steak,.jpg,56.92,512.0,512.0,RGB,JPEG,True,
/content/drive/MyDrive/Calorify/dataset/steak/steak_365.jpg,steak_365.jpg,steak,.jpg,57.96,512.0,512.0,RGB,JPEG,True,
/content/drive/MyDrive/Calorify/dataset/steak/steak_379.jpg,steak_379.jpg,steak,.jpg,52.47,512.0,512.0,RGB,JPEG,True,
/content/drive/MyDrive/Calorify/dataset/steak/steak_366.jpg,steak_366.jpg,steak,.jpg,40.37,512.0,512.0,RGB,JPEG,True,
/content/drive/MyDrive/Calorify/dataset/steak/steak_360.jpg,steak_360.jpg,steak,.jpg,98.6,506.0,512.0,RGB,JPEG,True,
/content/drive/MyDrive/Calorify/dataset/steak/steak_361.jpg,steak_361.jpg,steak,.jpg,100.24,512.0,339.0,RGB,JPEG,True,
/content/drive/MyDrive/Calorify/dataset/steak/steak_376.jpg,steak_376.jpg,steak,.jpg,35.55,306.0,512.0,RGB,JPEG,True,
/content/drive/MyDrive/Calorify/dataset/steak/steak_374.jpg,steak_374.jpg,steak,.jpg,38.11,512.0,382.0,RGB,JPEG,True,
/content/drive/MyDrive/Calorify/dataset/steak/steak_391.jpg,steak_391.jpg,steak,.jpg,61.31,512.0,512.0,RGB,JPEG,True,
/content/drive/MyDrive/Calorify/dataset/steak/steak_384.jpg,steak_384.jpg,steak,.jpg,56.79,512.0,512.0,RGB,JPEG,True,
/content/drive/MyDrive/Calorify/dataset/steak/steak_387.jpg,steak_387.jpg,steak,.jpg,34.7,512.0,384.0,RGB,JPEG,True,
/content/drive/MyDrive/Calorify/dataset/steak/steak_392.jpg,steak_392.jpg,steak,.jpg,64.56,512.0,512.0,RGB,JPEG,True,
/content/drive/MyDrive/Calorify/dataset/steak/steak_353.jpg,steak_353.jpg,steak,.jpg,46.75,512.0,512.0,RGB,JPEG,True,
/content/drive/MyDrive/Calorify/dataset/steak/steak_372.jpg,steak_372.jpg,steak,.jpg,51.16,512.0,384.0,RGB,JPEG,True,
/content/drive/MyDrive/Calorify/dataset/steak/steak_386.jpg,steak_386.jpg,steak,.jpg,68.1,512.0,288.0,RGB,JPEG,True,
/content/drive/MyDrive/Calorify/dataset/steak/steak_381.jpg,steak_381.jpg,steak,.jpg,47.13,512.0,512.0,RGB,JPEG,True,
/content/drive/MyDrive/Calorify/dataset/steak/steak_383.jpg,steak_383.jpg,steak,.jpg,45.55,512.0,512.0,RGB,JPEG,True,
/content/drive/MyDrive/Calorify/dataset/steak/steak_367.jpg,steak_367.jpg,steak,.jpg,34.95,512.0,384.0,RGB,JPEG,True,
/content/drive/MyDrive/Calorify/dataset/steak/steak_359.jpg,steak_359.jpg,steak,.jpg,43.64,382.0,512.0,RGB,JPEG,True,
/content/drive/MyDrive/Calorify/dataset/steak/steak_368.jpg,steak_368.jpg,steak,.jpg,57.77,512.0,512.0,RGB,JPEG,True,
/content/drive/MyDrive/Calorify/dataset/steak/steak_378.jpg,steak_378.jpg,steak,.jpg,65.88,511.0,512.0,RGB,JPEG,True,
/content/drive/MyDrive/Calorify/dataset/steak/steak_390.jpg,steak_390.jpg,steak,.jpg,108.36,512.0,512.0,RGB,JPEG,True,
/content/drive/MyDrive/Calorify/dataset/steak/steak_388.jpg,steak_388.jpg,steak,.jpg,46.74,512.0,512.0,RGB,JPEG,True,
/content/drive/MyDrive/Calorify/dataset/steak/steak_370.jpg,steak_370.jpg,steak,.jpg,50.86,512.0,512.0,RGB,JPEG,True,
/content/drive/MyDrive/Calorify/dataset/steak/steak_356.jpg,steak_356.jpg,steak,.jpg,45.39,512.0,512.0,RGB,JPEG,True,
/content/drive/MyDrive/Calorify/dataset/steak/steak_354.jpg,steak_354.jpg,steak,.jpg,49.83,512.0,512.0,RGB,JPEG,True,
/content/drive/MyDrive/Calorify/dataset/steak/steak_358.jpg,steak_358.jpg,steak,.jpg,30.31,512.0,384.0,RGB,JPEG,True,
/content/drive/MyDrive/Calorify/dataset/steak/steak_363.jpg,steak_363.jpg,steak,.jpg,67.31,512.0,512.0,RGB,JPEG,True,
/content/drive/MyDrive/Calorify/dataset/steak/steak_396.jpg,steak_396.jpg,steak,.jpg,50.9,512.0,512.0,RGB,JPEG,True,
/content/drive/MyDrive/Calorify/dataset/steak/steak_429.jpg,steak_429.jpg,steak,.jpg,52.73,512.0,512.0,RGB,JPEG,True,
/content/drive/MyDrive/Calorify/dataset/steak/steak_431.jpg,steak_431.jpg,steak,.jpg,65.43,512.0,512.0,RGB,JPEG,True,
/content/drive/MyDrive/Calorify/dataset/steak/steak_416.jpg,steak_416.jpg,steak,.jpg,70.56,512.0,512.0,RGB,JPEG,True,
/content/drive/MyDrive/Calorify/dataset/steak/steak_434.jpg,steak_434.jpg,steak,.jpg,44.58,384.0,512.0,RGB,JPEG,True,
/content/drive/MyDrive/Calorify/dataset/steak/steak_395.jpg,steak_395.jpg,steak,.jpg,51.75,512.0,512.0,RGB,JPEG,True,
/content/drive/MyDrive/Calorify/dataset/steak/steak_399.jpg,steak_399.jpg,steak,.jpg,53.37,512.0,384.0,RGB,JPEG,True,
/content/drive/MyDrive/Calorify/dataset/steak/steak_401.jpg,steak_401.jpg,steak,.jpg,32.62,512.0,384.0,RGB,JPEG,True,
/content/drive/MyDrive/Calorify/dataset/steak/steak_433.jpg,steak_433.jpg,steak,.jpg,53.38,512.0,512.0,RGB,JPEG,True,
/content/drive/MyDrive/Calorify/dataset/steak/steak_427.jpg,steak_427.jpg,steak,.jpg,66.16,512.0,512.0,RGB,JPEG,True,
/content/drive/MyDrive/Calorify/dataset/steak/steak_414.jpg,steak_414.jpg,steak,.jpg,38.17,382.0,512.0,RGB,JPEG,True,
/content/drive/MyDrive/Calorify/dataset/steak/steak_406.jpg,steak_406.jpg,steak,.jpg,47.59,512.0,512.0,RGB,JPEG,True,
/content/drive/MyDrive/Calorify/dataset/steak/steak_430.jpg,steak_430.jpg,steak,.jpg,53.22,512.0,512.0,RGB,JPEG,True,
/content/drive/MyDrive/Calorify/dataset/steak/steak_418.jpg,steak_418.jpg,steak,.jpg,73.25,512.0,512.0,RGB,JPEG,True,
/content/drive/MyDrive/Calorify/dataset/steak/steak_424.jpg,steak_424.jpg,steak,.jpg,51.58,512.0,512.0,RGB,JPEG,True,
/content/drive/MyDrive/Calorify/dataset/steak/steak_408.jpg,steak_408.jpg,steak,.jpg,65.08,512.0,512.0,RGB,JPEG,True,
/content/drive/MyDrive/Calorify/dataset/steak/steak_409.jpg,steak_409.jpg,steak,.jpg,51.6,512.0,512.0,RGB,JPEG,True,
/content/drive/MyDrive/Calorify/dataset/steak/steak_402.jpg,steak_402.jpg,steak,.jpg,46.6,512.0,512.0,RGB,JPEG,True,
/content/drive/MyDrive/Calorify/dataset/steak/steak_412.jpg,steak_412.jpg,steak,.jpg,41.28,512.0,512.0,RGB,JPEG,True,
/content/drive/MyDrive/Calorify/dataset/steak/steak_403.jpg,steak_403.jpg,steak,.jpg,34.29,512.0,341.0,RGB,JPEG,True,
/content/drive/MyDrive/Calorify/dataset/steak/steak_432.jpg,steak_432.jpg,steak,.jpg,50.93,512.0,512.0,RGB,JPEG,True,
/content/drive/MyDrive/Calorify/dataset/steak/steak_413.jpg,steak_413.jpg,steak,.jpg,39.81,512.0,289.0,RGB,JPEG,True,
/content/drive/MyDrive/Calorify/dataset/steak/steak_404.jpg,steak_404.jpg,steak,.jpg,33.97,384.0,512.0,RGB,JPEG,True,
/content/drive/MyDrive/Calorify/dataset/steak/steak_415.jpg,steak_415.jpg,steak,.jpg,42.59,512.0,512.0,RGB,JPEG,True,
/content/drive/MyDrive/Calorify/dataset/steak/steak_397.jpg,steak_397.jpg,steak,.jpg,75.62,512.0,512.0,RGB,JPEG,True,
/content/drive/MyDrive/Calorify/dataset/steak/steak_394.jpg,steak_394.jpg,steak,.jpg,66.63,512.0,512.0,RGB,JPEG,True,
/content/drive/MyDrive/Calorify/dataset/steak/steak_400.jpg,steak_400.jpg,steak,.jpg,41.15,512.0,512.0,RGB,JPEG,True,
/content/drive/MyDrive/Calorify/dataset/steak/steak_422.jpg,steak_422.jpg,steak,.jpg,33.16,512.0,384.0,RGB,JPEG,True,
/content/drive/MyDrive/Calorify/dataset/steak/steak_426.jpg,steak_426.jpg,steak,.jpg,46.6,512.0,512.0,RGB,JPEG,True,
/content/drive/MyDrive/Calorify/dataset/steak/steak_421.jpg,steak_421.jpg,steak,.jpg,57.55,512.0,512.0,RGB,JPEG,True,
/content/drive/MyDrive/Calorify/dataset/steak/steak_428.jpg,steak_428.jpg,steak,.jpg,22.88,512.0,306.0,RGB,JPEG,True,
/content/drive/MyDrive/Calorify/dataset/steak/steak_405.jpg,steak_405.jpg,steak,.jpg,41.87,512.0,384.0,RGB,JPEG,True,
/content/drive/MyDrive/Calorify/dataset/steak/steak_398.jpg,steak_398.jpg,steak,.jpg,47.41,512.0,384.0,RGB,JPEG,True,
/content/drive/MyDrive/Calorify/dataset/steak/steak_420.jpg,steak_420.jpg,steak,.jpg,60.58,512.0,512.0,RGB,JPEG,True,
/content/drive/MyDrive/Calorify/dataset/steak/steak_410.jpg,steak_410.jpg,steak,.jpg,46.99,512.0,512.0,RGB,JPEG,True,
/content/drive/MyDrive/Calorify/dataset/steak/steak_407.jpg,steak_407.jpg,steak,.jpg,44.6,512.0,512.0,RGB,JPEG,True,
/content/drive/MyDrive/Calorify/dataset/steak/steak_411.jpg,steak_411.jpg,steak,.jpg,67.6,512.0,512.0,RGB,JPEG,True,
/content/drive/MyDrive/Calorify/dataset/steak/steak_419.jpg,steak_419.jpg,steak,.jpg,74.93,512.0,512.0,RGB,JPEG,True,
/content/drive/MyDrive/Calorify/dataset/steak/steak_417.jpg,steak_417.jpg,steak,.jpg,51.08,512.0,512.0,RGB,JPEG,True,
/content/drive/MyDrive/Calorify/dataset/steak/steak_425.jpg,steak_425.jpg,steak,.jpg,39.8,512.0,384.0,RGB,JPEG,True,
/content/drive/MyDrive/Calorify/dataset/steak/steak_423.jpg,steak_423.jpg,steak,.jpg,30.1,512.0,512.0,RGB,JPEG,True,
/content/drive/MyDrive/Calorify/dataset/steak/steak_444.jpg,steak_444.jpg,steak,.jpg,51.37,512.0,512.0,RGB,JPEG,True,
/content/drive/MyDrive/Calorify/dataset/steak/steak_463.jpg,steak_463.jpg,steak,.jpg,42.27,384.0,512.0,RGB,JPEG,True,
/content/drive/MyDrive/Calorify/dataset/steak/steak_470.jpg,steak_470.jpg,steak,.jpg,56.21,512.0,512.0,RGB,JPEG,True,
/content/drive/MyDrive/Calorify/dataset/steak/steak_443.jpg,steak_443.jpg,steak,.jpg,54.57,512.0,512.0,RGB,JPEG,True,
/content/drive/MyDrive/Calorify/dataset/steak/steak_435.jpg,steak_435.jpg,steak,.jpg,31.47,512.0,384.0,RGB,JPEG,True,
/content/drive/MyDrive/Calorify/dataset/steak/steak_472.jpg,steak_472.jpg,steak,.jpg,52.24,512.0,512.0,RGB,JPEG,True,
/content/drive/MyDrive/Calorify/dataset/steak/steak_473.jpg,steak_473.jpg,steak,.jpg,43.28,512.0,342.0,RGB,JPEG,True,
/content/drive/MyDrive/Calorify/dataset/steak/steak_471.jpg,steak_471.jpg,steak,.jpg,76.12,512.0,512.0,RGB,JPEG,True,
/content/drive/MyDrive/Calorify/dataset/steak/steak_446.jpg,steak_446.jpg,steak,.jpg,28.99,289.0,512.0,RGB,JPEG,True,
/content/drive/MyDrive/Calorify/dataset/steak/steak_456.jpg,steak_456.jpg,steak,.jpg,22.95,382.0,512.0,RGB,JPEG,True,
/content/drive/MyDrive/Calorify/dataset/steak/steak_468.jpg,steak_468.jpg,steak,.jpg,53.43,512.0,512.0,RGB,JPEG,True,
/content/drive/MyDrive/Calorify/dataset/steak/steak_447.jpg,steak_447.jpg,steak,.jpg,60.44,384.0,512.0,RGB,JPEG,True,
/content/drive/MyDrive/Calorify/dataset/steak/steak_440.jpg,steak_440.jpg,steak,.jpg,67.95,512.0,512.0,RGB,JPEG,True,
/content/drive/MyDrive/Calorify/dataset/steak/steak_449.jpg,steak_449.jpg,steak,.jpg,47.24,512.0,512.0,RGB,JPEG,True,
/content/drive/MyDrive/Calorify/dataset/steak/steak_455.jpg,steak_455.jpg,steak,.jpg,27.71,512.0,512.0,RGB,JPEG,True,
