source_site,food_class,query,recipe_name,ingredients_text,calories,protein,fat,carbs,source_url,scraped_at
bbc_good_food,burger,beef burger,Beef stroganoff,1 tbsp olive oil 1 onion sliced 1 clove of  garlic 1 tbsp butter 250g/9oz mushrooms sliced 1 tbsp plain flour 500g/1lb 2oz fillet steak sliced 150g/5oz crème fraîche 1 tsp English mustard 100ml/3½fl oz beef stock ½ small pack of parsley chopped,438.0,30.0,31.0,8.0,https://www.bbcgoodfood.com/recipes/beef-stroganoff,2026-05-12 00:35:32
bbc_good_food,burger,beef burger,Harissa beef & tomato bulgur,"1 tbsp olive oil 1 red onion finely chopped 300g butternut squash chopped 2 tbsp  tomato purée 2 tsp ground cumin ½ tsp ground cinnamon 250g bulgur wheat 250g  vine tomatoes roughly chopped 800ml vegetable stock 1-2 tbsp  harissa (depending on how spicy you like it) 800g  leftover ragu (see recipe below) small handful of  mint leaves 25g  pine nuts toasted lemon wedges and natural yogurt, to serve",603.0,30.0,20.0,69.0,https://www.bbcgoodfood.com/recipes/harissa-beef-tomato-bulgur,2026-05-12 00:35:38
bbc_good_food,burger,beef burger,Slow-cooker beef stew,"1 onion chopped 2 celery sticks finely chopped 2 tbsp rapeseed oil 3 carrots halved and cut into chunks 2 bay leaves ½ pack thyme 2 tbsp tomato purée 2 tbsp Worcestershire sauce 2 beef stock cubes or stock pots 900g beef for braising such as skirt, buy a whole piece and cut it yourself for bigger chunks or buy ready-diced 2 tsp cornflour (optional) ½ small bunch parsley chopped buttery mash to serve (optional)",474.0,48.0,25.0,10.0,https://www.bbcgoodfood.com/recipes/slow-cooker-beef-stew,2026-05-12 00:35:40
bbc_good_food,burger,beef burger,Chinese-style braised beef one-pot,"3-4 tbsp olive oil 6 garlic cloves thinly sliced good thumb-size piece fresh root ginger peeled and shredded 1 bunch spring onions sliced 1 red chilli deseeded and thinly sliced 1 ½kg braising beef cut into large pieces (we used ox cheek) 2 tbsp plain flour well seasoned 1 tsp Chinese five-spice powder 2 star anise (optional) 2 tsp light muscovado sugar (or use whatever you've got) 3 tbsp Chinese cooking wine or dry sherry 3 tbsp dark soy sauce plus more to serve 500ml beef stock (we used Knorr Touch of Taste) steamed bok choi and steamed basmati rice, to serve",506.0,52.0,27.0,11.0,https://www.bbcgoodfood.com/recipes/braised-beef-onepot,2026-05-12 00:35:42
bbc_good_food,burger,beef burger,Beef curry,"2 tbsp oil 500g diced braising steak 1 tbsp butter 1 large onion chopped 2 garlic cloves crushed 1 thumb sized piece of ginger finely grated ¼ tsp hot chilli powder 1 tsp turmeric 2 tsp ground coriander 3 cardamom pods crushed 400g can chopped tomatoes 300ml beef stock 1 tsp sugar 2 tsp garam masala 2 tbsp double cream (optional) ½ small bunch coriander roughly chopped naan bread or rice, to serve",337.0,29.0,19.0,11.0,https://www.bbcgoodfood.com/recipes/beef-curry,2026-05-12 00:35:45
bbc_good_food,burger,beef burger,Beef stew,"2 celery sticks thickly sliced 1 onion chopped 2 really big  carrots halved lengthways then very chunkily sliced 5 bay leaves 2 thyme sprigs 1 whole and 1 leaves picked 1 tbsp vegetable oil 1 tbsp butter 2 tbsp plain flour 2 tbsp tomato purée 2 tbsp Worcestershire sauce 2 beef stock cubes crumbled 850g stewing beef (featherblade or brisket works nicely), cut into nice large chunks",483.0,33.7,32.6,14.3,https://www.bbcgoodfood.com/recipes/beef-vegetable-casserole,2026-05-12 00:35:47
bbc_good_food,burger,beef burger,Beef goulash,4 tbsp olive oil 700g stewing steak cut into chunks 30g plain flour 1 large onion thinly sliced 2 garlic cloves finely chopped 1 green pepper deseeded and thinly sliced 1 red pepper deseeded and thinly sliced 2 tbsp tomato purée 2 tbsp paprika 2 large tomatoes diced 75ml dry white wine 300ml beef stock homemade or shop-bought 2 tbsp flat-leaf parsley leaves 150ml soured cream,534.0,39.0,31.0,18.0,https://www.bbcgoodfood.com/recipes/beef-goulash,2026-05-12 00:35:49
bbc_good_food,burger,beef burger,Beef bourguignon,"1.6kg braising steak cut into large chunks 3 bay leaves small bunch thyme 2 bottles cheap  red wine 2 tbsp oil 3 large or 6 normal  carrots cut into large chunks 2 onions roughly chopped 3 tbsp plain flour 1 tbsp tomato purée small knob butter 300g bacon lardons 500g pearl onions or small shallots, peeled 400g mushrooms halved chopped parsley",861.0,67.0,36.0,19.0,https://www.bbcgoodfood.com/recipes/beef-bourguignon,2026-05-12 00:35:51
bbc_good_food,burger,beef burger,Crispy chilli beef,"350g thin-cut  minute steak very thinly sliced into strips 3 tbsp cornflour 2 tsp Chinese five-spice powder 100ml vegetable oil 1 red pepper thinly sliced 1 red chilli thinly sliced 4 spring onions sliced, green and white parts separated 2 garlic cloves crushed thumb-sized piece  ginger cut into matchsticks 4 tbsp rice wine vinegar or white wine vinegar 1 tbsp soy sauce 2 tbsp sweet chilli sauce 2 tbsp tomato ketchup cooked noodles to serve (optional) prawn crackers to serve (optional)",454.0,26.0,23.0,32.0,https://www.bbcgoodfood.com/recipes/crispy-chilli-beef,2026-05-12 00:35:53
bbc_good_food,burger,beef burger,Slow cooker beef bourguignon,"3 tbsp vegetable oil 1 ½kg stewing or braising steak cut into small chunks 2 large onions chopped 2 carrots chopped 2 celery stalks chopped 2 bay leaves 2 thyme sprigs or rosemary sprigs 3 tbsp plain flour 750ml bottle red wine 1 beef stock cube 1 tsp caster sugar 2 tbsp tomato purée 100g unsmoked bacon lardons 6 small shallots or baby onions, halved or quartered 300g closed cup mushrooms halved or quartered mashed potatoes or crusty bread, to serve",497.0,47.0,20.0,14.0,https://www.bbcgoodfood.com/recipes/slow-cooker-beef-bourguignon,2026-05-12 00:35:54
bbc_good_food,burger,beef burger,Beef enchiladas,2 tsp olive or rapeseed oil 1 onion finely chopped 400g beef mince 2 large garlic cloves crushed or finely grated 2 tsp dried oregano 2 tsp ground cumin 2 tsp smoked paprika ½-1 tsp chilli powder (optional) 2 tbsp tomato purée 400g can chopped tomatoes 400g can black beans 1 vegetable or chicken stock cube 8 medium tortillas 100g mature cheddar grated coriander leaves to serve,703.0,32.0,26.0,79.0,https://www.bbcgoodfood.com/recipes/beef-enchiladas,2026-05-12 00:35:56
bbc_good_food,burger,beef burger,Beef wellington,a good beef fillet (preferably Aberdeen Angus) of around 1kg/2lb 4oz 3 tbsp olive oil 250g/9oz chestnut mushroom include some wild ones if you like 50g/2oz butter 1 large sprig fresh thyme 100ml/3.5 fl oz dry white wine 12 slices prosciutto 500g/1lb 2oz pack puff pastry thawed if frozen a little flour for dusting 2 egg yolks beaten with 1 tsp water,779.0,46.0,52.0,27.0,https://www.bbcgoodfood.com/recipes/beef-wellington,2026-05-12 00:35:57
bbc_good_food,burger,beef burger,Porcini-buttered roast beef sirloin with pickled peppercorn sauce,2kg boneless sirloin rolled and tied 10g dried porcini mushrooms 1 tsp black peppercorns 50g unsalted butter softened 2 tbsp rapeseed or vegetable oil 6-8  shallots peeled and trimmed 2 tbsp green peppercorns 4 tbsp sherry vinegar 2 large shallots finely chopped 250ml beef or vegetable stock 200ml double cream,607.0,56.0,43.0,2.0,https://www.bbcgoodfood.com/recipes/porcini-buttered-roast-beef-sirloin-with-pickled-peppercorn-sauce,2026-05-12 00:35:59
bbc_good_food,burger,chicken burger,Peanut butter chicken,"2tbsp avocado oil 8 skinless boneless chicken thighs cut into chunks 1 onion finely chopped 3 garlic cloves crushed 2 red chillies finely sliced (deseeded if you don't like it too hot) 2tsp fresh ginger grated 2tbsp garam masala 100g smooth peanut butter 400ml coconut milk 400g can chopped tomatoes bunch of coriander ½ roughly chopped, ½ leaves picked roasted peanuts to serve cauliflower rice to serve",579.0,32.0,43.0,12.0,https://www.bbcgoodfood.com/recipes/peanut-butter-chicken,2026-05-12 00:36:13
bbc_good_food,burger,chicken burger,Easy butter chicken,500g skinless boneless chicken thighs 1/2-1 lemon (to taste) juiced 2 tsp ground cumin 2 tsp paprika 1-2 tsp hot chilli powder 200g natural yogurt 2 tbsp vegetable oil 1 large onion chopped 3 garlic cloves crushed 1 green chilli deseeded and finely chopped (optional) thumb-sized piece ginger grated 1 tsp garam masala 2 tsp ground fenugreek 3 tbsp tomato purée 300ml chicken stock 50g flaked almonds toasted cooked  basmati rice naan bread mango chutney or lime pickle fresh  coriander lime wedges,402.0,34.0,23.0,13.0,https://www.bbcgoodfood.com/recipes/easy-butter-chicken,2026-05-12 00:36:14
bbc_good_food,burger,chicken burger,Chicken & chorizo jambalaya,1 tbsp olive oil 2 chicken breasts chopped 1 onion diced 1 red pepper thinly sliced 2 garlic cloves crushed 75g chorizo sliced 1 tbsp Cajun seasoning 250g long grain rice 400g can plum tomato 350ml chicken stock,445.0,30.0,10.0,64.0,https://www.bbcgoodfood.com/recipes/chicken-chorizo-jambalaya,2026-05-12 00:36:16
bbc_good_food,burger,chicken burger,Classic butter chicken,"3 tbsp  lemon juice 2-3 tbsp  kashmiri chili powder or paprika 4 skinless  chicken breasts or 8 thigh fillets, chopped into 5cm cubes 3 tbsp melted butter or  ghee for basting the skewers 200ml  plain yogurt 1 tbsp crushed  garlic 1 tbsp finely grated  ginger 2 tbsp ground  coriander 2 tbsp ground  cumin 2 tsp  amchoor powder (dried mango powder) 1 tbsp dried  fenugreek leaves crushed 1 tbsp dried  mint leaves 1 tsp  plain salt 3 tbsp  vegetable oil 1 tsp  cumin seeds 4-8 hot  green chillies sliced 90g butter or  ghee 2 medium  onions finely chopped 4 green cardamom pods cracked ½ tbsp crushed  garlic ½ tbsp grated ginger 1 tsp  ground turmeric 2 tsp dried  fenugreek leaves crushed 500ml  passata diluted with 150ml water 2 tsp  garam masala 100ml single cream large pinch of  coriander leaves, to garnish",522.0,32.0,37.0,13.0,https://www.bbcgoodfood.com/recipes/classic-butter-chicken,2026-05-12 00:36:17
bbc_good_food,burger,chicken burger,Old Delhi-style butter chicken,"800g boneless and skinless chicken thighs, cut into bite-sized pieces coriander leaves, finely sliced red onion, sliced green or red chilli, naan bread or basmati rice, and chutney, to serve 120g Greek yogurt thumb-sized piece ginger grated 4-5 garlic cloves crushed 1 tbsp vegetable or coconut oil 1 lemon juiced 3 tsp mild chilli powder 1 tsp ground cumin ½ tsp garam masala ½ tsp turmeric 1kg ripe vine or plum tomatoes thumb-sized piece ginger peeled, half grated and half finely chopped 4 garlic cloves crushed 4 green cardamom pods 2 cloves 1 bay leaf 1-2 tsp chilli powder 80g butter diced 2 green chillies cut lengthways 75ml single cream plus a drizzle to serve 5-6 dried fenugreek leaves, crushed between your fingers (optional) 1 tsp garam masala 1 tbsp sugar or xylitol 3 tbsp ghee (see below) or butter 2 tsp black mustard seeds 1 dried whole Kashmiri chilli 6-8 dried curry leaves",472.0,29.0,34.0,11.0,https://www.bbcgoodfood.com/recipes/old-delhi-style-butter-chicken,2026-05-12 00:36:19
bbc_good_food,burger,chicken burger,Peanut butter chicken curry,"1 large  chicken jointed, or 1.5kg bone-in chicken pieces 6 garlic cloves 2 finely chopped, 4 left whole 3 lemongrass stalks, bashed and roughly chopped thumb-sized piece of  ginger peeled and finely chopped 1 tbsp ground  cumin 1 tbsp ground  coriander 1 tbsp ground  turmeric 2 limes juiced 2 red chillies 1 roughly chopped and 1 sliced to serve (optional) 1 small  onion roughly chopped 2 tbsp vegetable oil 100g smooth peanut butter 4 tbsp kecap manis or 3 tbsp soy sauce mixed with 1 tbsp light brown soft sugar 400g can  coconut milk a few  spring onions chopped small handful of  coriander chopped small handful of roasted  peanuts roughly chopped (optional)",517.0,34.0,39.0,7.0,https://www.bbcgoodfood.com/recipes/peanut-butter-chicken-curry,2026-05-12 00:36:21
bbc_good_food,burger,chicken burger,Slow-cooker butter chicken,500g skinless boneless chicken thighs cut into 3 pieces 1 lemon juiced 2 tsp ground cumin 2 tsp paprika 1-2 tsp hot chilli powder 200g natural yogurt 2 tbsp butter ghee or vegetable oil 1 large  onion chopped 3 garlic cloves crushed 1 green chilli deseeded and finely chopped (optional) thumb-sized piece ginger grated 1 tsp garam masala 2 tsp ground fenugreek 3 tbsp tomato purée 250ml chicken stock 50g flaked almonds toasted cooked basmati rice naan bread mango chutney or lime pickle fresh coriander lime wedges,371.0,36.0,19.0,11.0,https://www.bbcgoodfood.com/recipes/slow-cooker-butter-chicken,2026-05-12 00:36:24
bbc_good_food,burger,chicken burger,Cardamom butter chicken,"2 garlic cloves roughly chopped thumb-sized piece ginger chopped 2 green chillies chopped (leave seeds in if you like it hot) small bunch coriander leaves picked, stalks roughly chopped 3 tbsp ghee or vegetable oil 2 onions sliced 2 tsp each turmeric, garam masala and  ground cumin 1 tsp ground fenugreek 4 chicken breasts cut into 2.5cm cubes 4 cloves 12 cardamom pods seeds removed 1 cinnamon stick 400g can tomato 150ml pot yogurt 50ml double cream chapatis and  rice to serve",460.0,32.0,32.0,12.0,https://www.bbcgoodfood.com/recipes/cardamom-butter-chicken,2026-05-12 00:36:26
bbc_good_food,pizza,pizza,Pizza sauce,2 tbsp olive oil 1 small onion finely chopped 1 fat garlic clove crushed 2 x 400g cans chopped tomatoes 3 tbsp tomato purée 1 bay leaf 2 tbsp dried oregano 2 tsp brown sugar 1 small bunch basil finely chopped,120.0,3.0,6.0,12.0,https://www.bbcgoodfood.com/recipes/pizza-sauce,2026-05-12 00:36:29
bbc_good_food,pizza,pizza,Quick pizza dough,350g strong white bread flour plus extra for dusting 1 sachet fast-action dried yeast ½ tsp caster sugar pizza toppings of your choice,656.0,23.0,2.0,133.0,https://www.bbcgoodfood.com/recipes/quick-pizza-dough-2,2026-05-12 00:36:31
bbc_good_food,pizza,pizza,Pizza dough,"500g '00'  flour or plain flour, plus extra for dusting 1 tsp salt ½ tsp dried yeast (not fast-action) 300-350ml warm water oil for greasing",504.0,13.0,2.0,106.0,https://www.bbcgoodfood.com/recipes/basic-pizza-dough,2026-05-12 00:36:35
bbc_good_food,pizza,pizza,No yeast pizza dough,350g plain flour 2 ¾ tsp  baking powder 1 tsp salt 1 tbsp oil additional toppings of your choice,352.0,9.0,4.0,68.0,https://www.bbcgoodfood.com/recipes/no-yeast-pizza-dough,2026-05-12 00:36:36
bbc_good_food,pizza,cheese pizza,Cauliflower cheese,"1 large cauliflower (leaves cut off), broken into pieces 500ml milk 4 tbsp flour 50g butter 100g strong cheddar grated 2-3 tbsp breadcrumbs if you have them",299.0,12.0,17.0,22.07,https://www.bbcgoodfood.com/recipes/cauliflower-cheese-0,2026-05-12 00:37:35
bbc_good_food,pizza,cheese pizza,Best ever macaroni cheese recipe,"50g baguette cut into small chunks 2 tbsp butter plus 1 tbsp melted 350g spiral or other short pasta 1 garlic clove finely chopped 1 tsp English mustard powder 3 tbsp plain flour 500ml whole milk 250g vegetarian mature cheddar grated 50g parmesan (or vegetarian alternative), grated",884.0,38.0,41.0,87.09,https://www.bbcgoodfood.com/recipes/best-ever-macaroni-cheese-recipe,2026-05-12 00:37:36
bbc_good_food,pizza,cheese pizza,Classic cheese scones,225g self-raising flour plus extra for dusting pinch of salt pinch of cayenne pepper 1 tsp baking powder 55g chilled butter cut into cubes 120g mature cheddar grated 90-100ml milk plus 1 tbsp for glazing,300.0,9.0,16.0,30.0,https://www.bbcgoodfood.com/recipes/classic-cheese-scones,2026-05-12 00:37:39
bbc_good_food,pizza,cheese pizza,Cheese sauce,"500ml milk 4 tbsp plain flour 50g butter 100g grated strong cheddar (or 50g grated cheddar, 50g crumbled blue cheese)",219.0,8.0,14.0,14.0,https://www.bbcgoodfood.com/recipes/cheese-sauce,2026-05-12 00:37:46
bbc_good_food,pizza,cheese pizza,Next-level cauliflower cheese,"1 large cauliflower cut into large florets 2 tbsp olive oil pinch of cayenne pepper 40g vegetarian Italian-style hard cheese finely grated 50g butter 40g plain flour 600ml whole milk 1 tsp mustard powder or English mustard 1 tsp yeast extract (optional) 150g extra mature cheddar most grated, some cubed grating of  nutmeg 3 tbsp  dried breadcrumbs (panko work well) 2 tbsp crispy onions",407.0,17.0,27.0,22.0,https://www.bbcgoodfood.com/recipes/next-level-cauliflower-cheese,2026-05-12 00:37:47
bbc_good_food,pizza,cheese pizza,Cheese & bacon turnovers,"1 sheet ready-rolled  puff pastry 3 tbsp  soft cheese 1 tsp  Dijon mustard (optional) 6 rashers dry-cured  smoked bacon 100g  mature cheddar gruyère or Swiss cheese, grated 1 egg beaten",366.0,13.0,27.0,17.0,https://www.bbcgoodfood.com/recipes/cheese-bacon-turnovers,2026-05-12 00:37:49
bbc_good_food,pizza,cheese pizza,Fish pie mac ’n’ cheese,"650ml milk 40g plain flour 40g butter 2 tsp Dijon mustard 150g mature  cheddar grated 180g frozen peas handful of  parsley chopped 300g macaroni 300g fish pie mix (smoked fish, white fish and salmon) green salad to serve (optional)",504.0,28.0,22.0,47.0,https://www.bbcgoodfood.com/recipes/fish-pie-mac-n-cheese,2026-05-12 00:37:50
bbc_good_food,pizza,cheese pizza,Baked ratatouille & goat’s cheese,"4 tbsp olive oil 2 red onions chopped 2 garlic cloves finely chopped 2 aubergines diced 2 red peppers seeded and diced 1 tsp smoked paprika 2 tbsp balsamic vinegar 1 tsp soy sauce 500ml passata 200g young goat’s cheese 4 courgettes (a mixture of green and yellow looks nice), thinly sliced 400ml milk 50g unsalted butter 50g plain flour 80g parmesan or vegetarian alternative, finely grated",472.0,20.0,31.0,25.0,https://www.bbcgoodfood.com/recipes/baked-ratatouille-goats-cheese,2026-05-12 00:37:52
bbc_good_food,pizza,cheese pizza,Macaroni cheese lasagne,2 tbsp olive oil 400g lean beef mince 50g smoked pancetta chopped ½ onion finely chopped ½ celery stick finely chopped ½ carrot finely chopped 1 garlic clove crushed 150ml red wine 1 tbsp tomato purée 400g can chopped tomatoes 250ml beef stock 2 bay leaves 1 rosemary sprig 1 tsp sugar 400g macaroni 80g grated mozzarella a few whole basil leaves to serve (optional) 50g butter 50g plain flour 2 tsp English mustard 800ml semi-skimmed milk small grating of nutmeg 100g grated parmesan 100g mature cheddar grated,574.0,33.0,25.0,49.0,https://www.bbcgoodfood.com/recipes/macaroni-cheese-lasagne,2026-05-12 00:37:54
bbc_good_food,pizza,vegetable pizza,Vegetable soup,"200g chopped  vegetables such as onions, celery and carrots 300g potatoes cubed 1 tbsp oil 700ml stock crème fraîche and fresh herbs, to serve",215.0,4.0,7.0,32.0,https://www.bbcgoodfood.com/recipes/versatile-veg-soup,2026-05-12 00:38:00
bbc_good_food,pizza,vegetable pizza,Vegetable & bean chilli,"1tbsp olive oil 1 clove garlic finely chopped ginger finely chopped 1 large onion chopped 2 courgettes diced 1 red pepper deseeded and chopped 1 yellow pepper deseeded and chopped 1tbsp chilli powder 100g red lentils washed and drained 1tbsp tomato purée 2x cans chopped tomatoes 195g can sweetcorn drained 420g can butter beans drained 400g can kidney beans in water, drained",361.0,21.0,6.0,61.0,https://www.bbcgoodfood.com/recipes/vegetable-bean-chilli,2026-05-12 00:38:02
bbc_good_food,pizza,vegetable pizza,Rustic vegetable soup,1 tbsp rapeseed oil 1 large onion chopped 2 carrots chopped 2 celery sticks chopped 50g dried red lentils 1½ l boiling vegetable bouillon (we used Marigold) 2 tbsp tomato purée 1 tbsp chopped fresh thyme 1 leek finely sliced 175g bite-sized cauliflower florets 1 courgette chopped 3 garlic cloves finely chopped ½ large Savoy cabbage stalks removed and leaves chopped 1 tbsp basil chopped,162.0,7.0,5.0,19.0,https://www.bbcgoodfood.com/recipes/rustic-vegetable-soup,2026-05-12 00:38:04
bbc_good_food,pizza,vegetable pizza,Slow cooker vegetable lasagne,1 tbsp rapeseed oil 2 onions sliced 2 large garlic cloves chopped 2 large courgettes diced (400g) 1 red and 1 yellow pepper deseeded and roughly sliced 400g can chopped tomatoes 2 tbsp tomato purée 2 tsp vegetable bouillon 15g fresh basil chopped plus a few leaves 1 large aubergine sliced across length or width for maximum surface area 6 wholewheat lasagne sheets (105g) 125g vegetarian buffalo mozzarella chopped,325.0,15.0,11.0,36.0,https://www.bbcgoodfood.com/recipes/slow-cooker-vegetable-lasagne,2026-05-12 00:38:06
bbc_good_food,pizza,vegetable pizza,Roasted summer vegetables,"3 tbsp olive oil 1 aubergine cut into chunks 2 mixed coloured peppers such as orange and red, cut into chunks 1 red onion cut into wedges 2 courgettes cut into chunks 4 garlic cloves smashed 3 sprigs of thyme 200g cherry tomatoes handful of basil leaves zest of 1 lemon 50g feta crumbled",198.0,6.0,12.0,12.0,https://www.bbcgoodfood.com/recipes/roasted-vegetables,2026-05-12 00:38:07
bbc_good_food,pizza,vegetable pizza,Vegetable samosas,1 tbsp vegetable oil 1 onion finely chopped 2 garlic cloves crushed 1 potato (about 150g) finely diced 1 carrot (about 100g) finely diced 100g frozen peas 2 tsp curry powder or your own spices according to taste 100ml vegetable stock 225g plain flour 2 tsp sea salt 2 tbsp vegetable oil 2l vegetable oil to deep fry,105.0,1.0,7.0,10.0,https://www.bbcgoodfood.com/recipes/vegetable-samosas,2026-05-12 00:38:10
bbc_good_food,pizza,vegetable pizza,Italian vegetable soup,"2 each of onions and carrots, chopped 4 sticks celery chopped 1 tbsp olive oil 2 tbsp sugar 4 garlic cloves crushed 2 tbsp tomato purée 2 bay leaves few sprigs thyme 3 courgettes chopped 400g can butter beans drained 400g can chopped tomatoes 1.2l vegetable stock 100g parmesan or vegetarian equivalent, grated 140g small pasta shapes small bunch basil shredded",215.0,11.0,6.0,30.0,https://www.bbcgoodfood.com/recipes/italian-vegetable-soup,2026-05-12 00:38:12
bbc_good_food,pizza,vegetable pizza,Vegetable pasta bake,300g dried penne pasta 3 tbsp olive oil 1 large aubergine chopped 1 red onion finely chopped 2 peppers deseeded and finely sliced 2 courgettes chopped 3 garlic cloves crushed 2 tbsp tomato purée 400g can cherry tomatoes small bunch of basil leaves picked and stems finely chopped 25g vegetarian hard cheese grated 25g grated mozzarella 75g mature cheddar grated 20g panko breadcrumbs,409.0,16.0,14.0,52.0,https://www.bbcgoodfood.com/recipes/vegetable-pasta-bake,2026-05-12 00:38:13
bbc_good_food,pizza,vegetable pizza,Easy vegetable curry,"1 large potato diced 1 small butternut squash peeled, deseeded and diced 1 aubergine diced 6 tbsp tikka masala paste 3 tbsp vegetable oil 2 onions sliced 680g-700g jar tomato passata 400g can coconut milk 2 red peppers sliced 2 courgettes diced few coriander sprigs, to serve rice or naan bread to serve",259.0,5.0,16.0,20.0,https://www.bbcgoodfood.com/recipes/vegetable-curry-crowd,2026-05-12 00:38:15
bbc_good_food,pizza,vegetable pizza,Winter vegetable & lentil soup,85g dried red lentils 2 carrots quartered lengthways then diced 3 sticks  celery sliced 2  small leeks sliced 2 tbsp tomato purée 1 tbsp fresh thyme leaves 3 large garlic cloves chopped 1 tbsp vegetable bouillon powder 1 heaped tsp ground coriander,264.0,16.0,3.0,37.0,https://www.bbcgoodfood.com/recipes/winter-vegetable-lentil-soup,2026-05-12 00:38:17
bbc_good_food,pizza,vegetable pizza,Slow cooker vegetable curry,"400ml can light coconut milk 3 tbsp mild curry paste 2 tsp vegetable bouillon powder 1 red chilli deseeded and sliced 1 tbsp finely chopped  ginger 3 garlic cloves sliced 200g butternut squash (peeled weight), cut into chunks 1 red pepper deseeded and sliced 1 small aubergine (about 250g), halved and thickly sliced 15g coriander chopped 160g frozen peas defrosted 1 lime juiced, to taste wholemeal flatbread to serve",399.0,11.0,22.0,31.0,https://www.bbcgoodfood.com/recipes/slow-cooker-vegetable-curry,2026-05-12 00:38:19
bbc_good_food,pizza,vegetable pizza,Vegetable stew,"1 tbsp olive oil or rapeseed oil 1 onion finely chopped 3 garlic cloves sliced 1 tsp smoked paprika ½ tsp ground cumin 1 tbsp dried thyme 3 medium  carrots (about 200g), sliced 2 medium celery sticks (about 120g), finely sliced 1 red pepper chopped 1 yellow pepper chopped 2 x 400g cans tomatoes or peeled cherry tomatoes 1 vegetable stock cube made up to 250ml 2 courgettes (about 300g), sliced thickly 2 sprigs fresh thyme 250g cooked puy lentils (we used Merchant Gourmet ready-to-eat puy lentils)",216.0,12.0,5.0,31.0,https://www.bbcgoodfood.com/recipes/vegetarian-casserole,2026-05-12 00:38:22
bbc_good_food,pizza,vegetable pizza,One-pan beef stew with vegetable mash,"2 tbsp rapeseed oil 600g pack lean diced beef 320g large chestnut mushrooms quartered 2 bay leaves 2 tbsp thyme leaves 4 small red onions (320g), quartered 4 garlic cloves thinly sliced 320g medium carrots cut into chunky lengths 600ml vegetable stock made with 1 tbsp vegetable bouillon powder 4 tbsp tomato purée broccoli and/or peas, to serve 700g swede peeled and cut into chunks 850g potatoes peeled and cut into chunks",522.0,39.0,15.0,52.0,https://www.bbcgoodfood.com/recipes/one-pan-beef-stew-with-vegetable-mash,2026-05-12 00:38:24
bbc_good_food,pizza,vegetable pizza,Roasted vegetable cheese & cheat's tomato risotto,1 yellow pepper cut into 1½cm-wide strips 1 red pepper cut into 1½cm-wide strips 2 courgettes cut into 1cm-thick discs 5 tbsp garlic-infused oil 300ml passata 900ml gluten-free vegetable stock 1½ tbsp white wine vinegar 240g dried risotto rice 70g extra mature cheddar grated small handful of  freshly chopped chives,468.0,13.0,22.0,54.0,https://www.bbcgoodfood.com/recipes/roasted-vegetable-cheese-cheats-tomato-risotto,2026-05-12 00:38:25
bbc_good_food,pizza,vegetable pizza,Vegetable paella,1 ½tbsp sunflower oil or vegetable oil 1 large onion finely diced 2 red peppers chopped 3 garlic cloves crushed or finely grated 1tbsp smoked paprika 250g paella rice 125ml white wine (optional) 227g can chopped tomatoes 750ml vegetable stock saffron (optional) 400g butter beans or other beans such as cannellini 200g green beans or long-stem broccoli 2 lemons 1 juiced and 1 cut into wedges,415.0,11.0,7.0,70.0,https://www.bbcgoodfood.com/recipes/vegetable-paella,2026-05-12 00:38:26
bbc_good_food,pizza,vegetable pizza,Roasted vegetables,"1 broccoli head, cut into florets 2 sweet potatoes peeled and diced 2 red peppers cut into chunks 2 courgettes diced 1 red onion cut into thin wedges 200g cherry tomatoes 3 garlic cloves crushed 3 tbsp olive oil",187.0,5.0,7.0,23.0,https://www.bbcgoodfood.com/recipes/easy-roasted-vegetables,2026-05-12 00:38:28
bbc_good_food,pizza,vegetable pizza,Vegetable biryani,"2 tbsp vegetable oil 1small cauliflower broken into small florets 2large sweet potatoes peeled and cubed 1large onion sliced 1l hot vegetable stock 3 tbsp hot curry paste (Madras is good) 1 red chilli seeded and finely chopped large pinch of saffron strands 2 tsp mustard seed (black or white) 500g basmati rice 140g trimmed green bean halved 2 lemons juice only a handful of fresh coriander leaves 50g packet salted roasted cashew nuts poppadums and raita, to serve (optional)",494.0,14.0,12.0,89.0,https://www.bbcgoodfood.com/recipes/spiced-vegetable-biryani,2026-05-12 00:38:30
bbc_good_food,fries,french fries,Korean fried chicken,"500g chicken wings large chunk of ginger peeled and finely grated 50g cornflour vegetable oil for frying sesame seeds and sliced spring onion, to serve 6 tbsp dark brown soft sugar 2 tbsp gochujang (Korean chilli paste) 2 tbsp soy sauce 2 large garlic cloves crushed small piece of ginger peeled and grated 2 tsp sesame oil",487.0,20.0,24.0,48.0,https://www.bbcgoodfood.com/recipes/korean-fried-chicken,2026-05-12 00:38:34
bbc_good_food,fries,french fries,Easy egg-fried rice,"250g long grain rice 3 tbsp vegetable oil 1 onion finely chopped 4 eggs beaten 2 spring onions sliced, to serve",387.0,12.0,14.0,53.0,https://www.bbcgoodfood.com/recipes/egg-fried-rice,2026-05-12 00:38:36
bbc_good_food,fries,french fries,French onion soup,50g butter 1 tbsp olive oil 1kg onions halved and thinly sliced 1 tsp sugar 4 garlic cloves thinly sliced 2 tbsp plain flour 250ml dry white wine 1.3l hot strongly-flavoured  beef stock 4-8 slices baguette (depending on size) 140g gruyère finely grated,618.0,26.0,27.0,59.0,https://www.bbcgoodfood.com/recipes/french-onion-soup,2026-05-12 00:38:38
bbc_good_food,fries,french fries,Beef stroganoff,1 tbsp olive oil 1 onion sliced 1 clove of  garlic 1 tbsp butter 250g/9oz mushrooms sliced 1 tbsp plain flour 500g/1lb 2oz fillet steak sliced 150g/5oz crème fraîche 1 tsp English mustard 100ml/3½fl oz beef stock ½ small pack of parsley chopped,438.0,30.0,31.0,8.0,https://www.bbcgoodfood.com/recipes/beef-stroganoff,2026-05-12 00:38:39
bbc_good_food,fries,french fries,Next level fried chicken,8 skinless boneless chicken thighs sunflower oil for deep-frying 2 tbsp paprika 2 tsp garlic granules 1 tsp chilli powder 1 tsp black pepper ½ tsp dried oregano 1 chicken stock cube 500ml whole milk 2 tbsp cider or white wine vinegar 1 egg 100g self-raising flour 100g cornflour ¼ tsp turmeric,556.0,33.0,25.0,47.0,https://www.bbcgoodfood.com/recipes/next-level-fried-chicken,2026-05-12 00:38:41
bbc_good_food,fries,french fries,French toast,"2 large eggs 80ml/2½fl oz whole milk 40ml/1½fl oz double cream 1 tsp vanilla extract ½ tsp cinnamon 4 thick slices brioche 2 tbsp/30ml vegetable oil 2 tbsp butter icing sugar and fresh berries, to serve (optional)",401.0,9.0,29.0,26.0,https://www.bbcgoodfood.com/recipes/french-toast,2026-05-12 00:38:46
bbc_good_food,fries,french fries,Prawn fried rice,250g long-grain brown rice 150g frozen peas 100g mangetout 1½ tbsp rapeseed oil 1 onion finely chopped 2 garlic cloves crushed thumb-sized piece of ginger finely grated 150g raw king prawns 3 medium eggs beaten 2 tsp sesame seeds 1 tbsp low-salt soy sauce ½ tbsp rice or white wine vinegar 4 spring onions trimmed and sliced,418.0,22.0,11.0,54.0,https://www.bbcgoodfood.com/recipes/prawn-fried-rice,2026-05-12 00:38:47
bbc_good_food,fries,french fries,Chorizo egg-fried rice,"75g chorizo finely chopped 1 bunch spring onions sliced, green and white parts separated 1 medium carrot grated (no need to peel) 2 garlic cloves crushed or finely grated 100g frozen peas ½ tsp vegetable or sunflower oil (optional) 300g cooked rice 2 eggs beaten soy sauce or crispy chilli oil to serve (optional)",325.0,16.0,13.0,34.0,https://www.bbcgoodfood.com/recipes/chorizo-egg-fried-rice,2026-05-12 00:38:49
bbc_good_food,fries,french fries,Pineapple fried rice,1½ tbsp sunflower or vegetable oil 2 eggs beaten 2 garlic cloves crushed small bunch of spring onions chopped 1⁄2 tsp Chinese five-spice powder 400g cooked long-grain rice 85g frozen peas 2 tsp sesame oil 2 tbsp low-salt soy sauce 400g fresh pineapple roughly chopped into chunks (about 1⁄2 medium pineapple),301.0,9.0,9.0,44.0,https://www.bbcgoodfood.com/recipes/pineapple-fried-rice,2026-05-12 00:38:51
bbc_good_food,fries,french fries,Chicken & ginger fried rice,"500g boneless, skinless chicken thighs cut into bite-size pieces 2 tbsp golden caster sugar 3 tbsp soy sauce ½ tbsp fish sauce 3 tbsp saké 30g ginger peeled and finely chopped 300g basmati rice 1 tbsp neutral-tasting oil such as vegetable 1 chicken stock cube 2 star anise 2 tsp sesame oil 1 tbsp sesame seeds 4 spring onions finely sliced 1 tbsp crispy chilli oil 2 tbsp crispy onions steamed broccoli (optional)",535.0,31.0,14.0,67.0,https://www.bbcgoodfood.com/recipes/chicken-ginger-fried-rice,2026-05-12 00:38:53
bbc_good_food,fries,french fries,Chicken & chorizo jambalaya,1 tbsp olive oil 2 chicken breasts chopped 1 onion diced 1 red pepper thinly sliced 2 garlic cloves crushed 75g chorizo sliced 1 tbsp Cajun seasoning 250g long grain rice 400g can plum tomato 350ml chicken stock,445.0,30.0,10.0,64.0,https://www.bbcgoodfood.com/recipes/chicken-chorizo-jambalaya,2026-05-12 00:38:55
bbc_good_food,fries,french fries,Pan-fried salmon,"2 x 150g smoked salmon fillets (about 4cm thick), skin on ½ tbsp olive oil 20g unsalted butter ½ lemon juiced",386.0,31.0,29.0,0.2,https://www.bbcgoodfood.com/recipes/pan-fried-salmon,2026-05-12 00:38:57
bbc_good_food,fries,french fries,Pan-fried chicken in mushroom sauce,"2 tbsp sunflower oil 6 large, free-range chicken legs halved at the joint so you have 6 thighs and 6 drumsticks 700ml/1¼ pts chicken stock (or water) 50g butter 1 onion finely diced 400g mixed wild mushrooms 300ml/½ pt dry white wine 284ml pot double cream",600.0,50.0,40.0,3.0,https://www.bbcgoodfood.com/recipes/pan-fried-chicken-mushroom-sauce,2026-05-12 00:38:59
bbc_good_food,fries,french fries,Pan-fried pork with crème fraîche & prunes,2 pork fillets (about 500g) thickly sliced into medallions 2 tbsp plain flour seasoned 25g butter 20 ready-to-eat pitted prunes 2 tbsp brandy 300ml white wine (see wine recommendation below) 1 tbsp Dijon mustard 1 tbsp redcurrant jelly 200ml tub   crème fraîche,600.0,31.0,34.0,35.0,https://www.bbcgoodfood.com/recipes/pan-fried-pork-creme-fraiche-prunes,2026-05-12 00:39:00
bbc_good_food,fries,french fries,French apple tart,"125g cold butter cubed 200g plain flour plus extra for dusting 1 tbsp golden caster sugar 1 egg beaten 1 ¾ kg (about 12) eating apples like Cox's, Russet or Granny Smith 50g golden caster sugar 1 tbsp calvados cognac or brandy (optional) 25g butter melted 3 tbsp apricot jam icing sugar to serve (optional)",410.0,5.0,17.0,56.0,https://www.bbcgoodfood.com/recipes/french-apple-tart,2026-05-12 00:39:05
bbc_good_food,fries,french fries,Sausage & soy fried rice,1 tbsp vegetable oil 4 spring onions finely sliced ½-1 red chilli finely chopped 3 garlic cloves finely grated 10g ginger peeled and finely grated 3 sausages chopped into bite-sized pieces 2 courgettes sliced into half-moons 200g frozen peas 750g cooked jasmine rice (either from leftovers or pouches) 2 tbsp low-sodium soy sauce 1 tsp sesame oil 10g coriander chopped (keep any leftover from the pack for the chicken traybake and tofu noodles) 1 tbsp black sesame seeds (optional),491.0,15.0,12.0,78.0,https://www.bbcgoodfood.com/recipes/sausage-soy-fried-rice,2026-05-12 00:39:07
bbc_good_food,fries,french fries,Salmon egg-fried rice,"thumb-sized piece ginger grated 1-2 garlic cloves grated 2 tbsp low-salt soy sauce ½ tbsp rice wine or sherry vinegar 2 tbsp vegetable oil 1 large carrot chopped into chunks 175g pack baby corn &amp; mangetout or sugar snap peas, chopped 2 skinless smoked salmon fillets 250g pouch cooked brown basmati rice 2 eggs hot sauce to serve",432.0,30.0,23.0,24.0,https://www.bbcgoodfood.com/recipes/salmon-egg-fried-rice,2026-05-12 00:39:10
bbc_good_food,fries,french fries,Fridge-raid fried rice,"2 tbsp vegetable oil 1 white onion finely chopped 1 carrot finely chopped 100g green beans chopped 1 red or yellow pepper finely chopped ½ medium broccoli chopped into small florets 150g cooked chicken (or any other meat), roughly chopped, optional 300g cold cooked rice 2 eggs beaten 1 tbsp sesame oil 1 tbsp oyster sauce 1 spring onion finely sliced 1 tsp toasted sesame seeds",388.0,20.0,20.0,29.0,https://www.bbcgoodfood.com/recipes/fridge-raid-fried-rice,2026-05-12 00:39:12
bbc_good_food,fries,french fries,Peanut butter-stuffed French toast,800g loaf white farmhouse bread 4 tbsp smooth peanut butter 3 eggs 1 tbsp sugar 50ml whole milk pinch of ground cinnamon 1 tsp vanilla extract 4 tbsp vegetable oil 5 tbsp condensed milk,695.0,24.0,27.0,85.0,https://www.bbcgoodfood.com/recipes/peanut-butter-stuffed-french-toast,2026-05-12 00:39:14
bbc_good_food,fries,loaded fries,Korean fried chicken burgers,4 skinless boneless chicken thighs fillets large piece of ginger finely grated 100g cornflour vegetable oil for frying 6 tbsp dark brown sugar 2 tbsp Korean chilli paste (gochujang) – see tip 2 tbsp soy sauce 2 large garlic cloves crushed small piece ginger grated 2 tsp sesame oil ½ white cabbage finely sliced 1 mooli shredded into thin strips 4 spring onions finely sliced small piece ginger grated 1 tsp golden caster sugar 1 garlic clove crushed 2 tbsp mayonnaise pinch of hot chilli powder 1 Little Gem lettuce divided into leaves 4 brioche or sesame seed burger buns split and lightly toasted,415.0,19.0,20.0,38.0,https://www.bbcgoodfood.com/recipes/korean-fried-chicken-burgers,2026-05-12 00:39:17
bbc_good_food,fries,loaded fries,Spiced fried rice with sausage,275g long-grain rice 2 eggs 4 tbsp garlic-infused oil 1 red pepper cut into 1cm cubes 2 carrots cut into 1cm cubes 6 cooked gluten-free pork sausages sliced on the diagonal 3 tbsp gluten-free soy sauce 2 tbsp curry powder 1 tsp ground turmeric 2 tsp caster sugar 100g frozen peas 1 bunch of spring onions greens finely chopped (use the white parts in another recipe),652.0,21.0,82.0,75.0,https://www.bbcgoodfood.com/recipes/spiced-fried-rice-with-sausage,2026-05-12 00:39:19
bbc_good_food,fries,loaded fries,Thai fried prawn & pineapple rice,"2 tsp sunflower oil bunch spring onions greens and whites separated, both sliced 1 green pepper deseeded and chopped into small chunks 140g pineapple chopped into bite-sized chunks 3 tbsp Thai green curry paste 4 tsp light soy sauce plus extra to serve 300g cooked basmati rice (brown, white or a mix - about 140g uncooked rice) 2 large eggs beaten 140g frozen peas 225g can bamboo shoots drained 250g frozen prawns cooked or raw 2-3 limes 1 juiced, the rest cut into wedges to serve handful coriander leaves (optional)",311.0,21.0,10.0,32.0,https://www.bbcgoodfood.com/recipes/thai-fried-prawn-pineapple-rice,2026-05-12 00:39:21
bbc_good_food,fries,loaded fries,Eggy fried rice,200g basmati rice (or use cooked rice) 85g carrot diced 1 tbsp vegetable oil 2 eggs 25g butter 2 large spring onions finely sliced 1 tbsp soy sauce 85g frozen pea,306.0,9.0,12.0,44.0,https://www.bbcgoodfood.com/recipes/eggy-fried-rice,2026-05-12 00:39:22
bbc_good_food,fries,loaded fries,Loaded potato skins,4 medium  baking potatoes 2 tsp  olive oil 2 rashers  streaky bacon 75g  soured cream 1 chopped spring onion or 2 tbsp finely chopped chives 75g  cheddar coarsely grated,343.0,12.0,14.0,40.0,https://www.bbcgoodfood.com/recipes/loaded-potato-skins,2026-05-12 00:39:24
bbc_good_food,fries,sweet potato fries,Sweet potato & peanut curry,1 tbsp coconut oil 1 onion chopped 2 garlic cloves grated thumb-sized piece ginger grated 3 tbsp Thai red curry paste (check the label to make sure it’s vegetarian/ vegan) 1 tbsp smooth peanut butter 500g/1lb 2oz sweet potato peeled and cut into chunks 400ml can coconut milk 200g/7oz bag spinach 1 lime juiced cooked rice to serve (optional) dry roasted peanuts to serve (optional),387.0,6.0,25.0,32.0,https://www.bbcgoodfood.com/recipes/satay-sweet-potato-curry,2026-05-12 00:39:33
bbc_good_food,fries,sweet potato fries,"Spinach, sweet potato & lentil dhal","1 tbsp sesame oil 1 red onion finely chopped 1 garlic clove crushed thumb-sized piece ginger peeled and finely chopped 1 red chilli finely chopped 1½ tsp ground turmeric 1½ tsp ground cumin 2 sweet potatoes (about 400g/14oz), cut into even chunks 250g red split lentils 600ml vegetable stock 80g bag of spinach 4 spring onions sliced on the diagonal, to serve ½ small pack of Thai basil leaves torn, to serve",397.0,18.0,5.0,65.0,https://www.bbcgoodfood.com/recipes/spinach-sweet-potato-lentil-dhal,2026-05-12 00:39:34
bbc_good_food,fries,sweet potato fries,Stir-fry chilli beef with sweet potato jackets,"2 sweet potatoes (about 175g each) 1 thick, lean rump sirloin steak trimmed of all fat (about 200g after trimming), thinly sliced 2 garlic cloves finely grated 2 tsp smoked paprika 1 tsp cold-pressed rapeseed oil 1 green pepper halved, deseeded and sliced 1 tsp cumin seeds 2 tomatoes cut into wedges 400g can black beans drained and rinsed 1 tsp vegetable bouillon powder handful of coriander chopped, plus extra whole leaves to serve 1 small avocado stoned, peeled, halved and chopped or mashed 1 lime cut into wedges",597.0,36.0,20.0,57.0,https://www.bbcgoodfood.com/recipes/stir-fry-chilli-beef-sweet-potato-jackets,2026-05-12 00:39:36
bbc_good_food,fries,sweet potato fries,Chicken and sweet potato traybake,"3 large sweet potatoes (about 900g), peeled and cut into large chunks oil for drizzling 6-8 chicken thighs, skin left on 2 red onions cut into wedges 25g sachet piri-piri spice mix (or a mild version, if you like) 300g long-stem broccoli",662.0,32.0,23.0,74.0,https://www.bbcgoodfood.com/recipes/piri-piri-chicken-smashed-sweet-potatoes-broccoli,2026-05-12 00:39:38
bbc_good_food,fries,sweet potato fries,Ultimate roast potatoes,"1kg Maris Piper potatoes 100g duck or goose fat (for a luxurious taste), or 100ml/3½fl oz olive oil 2 tsp flour sea salt flakes to serve",391.0,5.0,23.0,43.0,https://www.bbcgoodfood.com/recipes/ultimate-roast-potatoes,2026-05-12 00:39:40
bbc_good_food,fries,sweet potato fries,"Sesame salmon, purple sprouting broccoli & sweet potato mash",1 ½ tbsp sesame oil 1 tbsp low-salt soy sauce thumb-sized piece ginger grated 1 garlic clove crushed 1 tsp honey 2 sweet potatoes scrubbed and cut into wedges 1 lime cut into wedges 2 salmon fillets 250g purple sprouting broccoli 1 tbsp sesame seeds 1 red chilli thinly sliced (deseeded if you don't like it too hot),463.0,32.0,22.0,29.0,https://www.bbcgoodfood.com/recipes/sesame-salmon-purple-sprouting-broccoli-sweet-potato-mash,2026-05-12 00:39:41
bbc_good_food,fries,sweet potato fries,Lentil & sweet potato curry,"2 tbsp vegetable or olive oil 1 red onion chopped 1 tsp cumin seeds 1 tsp mustard seeds (any colour) 1 tbsp medium curry powder 100g red or green lentil or a mixture 2 medium  sweet potatoes peeled and cut into chunks 500ml vegetable stock 400g can chopped tomato 400g can chickpea drained ¼ small pack coriander (optional) natural yogurt and naan bread, to serve",613.0,27.0,18.0,91.0,https://www.bbcgoodfood.com/recipes/lentil-sweet-potato-curry,2026-05-12 00:39:45
bbc_good_food,fries,sweet potato fries,Roasted sweet potato & carrot soup,500g sweet potatoes peeled and cut into chunks 300g carrots peeled and cut into chunks 3 tbsp olive oil 2 onions finely chopped 2 garlic cloves crushed 1l vegetable stock 100ml crème fraîche plus extra to serve,419.0,11.0,19.0,45.0,https://www.bbcgoodfood.com/recipes/roasted-sweet-potato-carrot-soup,2026-05-12 00:39:47
bbc_good_food,fries,sweet potato fries,Veggie shepherd's pie with sweet potato mash,"1 tbsp olive oil 1 large onion halved and sliced 2 large carrots (500g/1lb 2oz in total), cut into sugar-cube size pieces 2 tbsp thyme chopped 200ml red wine 400g can chopped tomatoes 2 vegetable stock cubes 410g can green lentils 950g sweet potatoes peeled and cut into chunks 25g butter 85g vegetarian mature cheddar grated",540.0,16.0,16.0,66.0,https://www.bbcgoodfood.com/recipes/veggie-shepherds-pie-sweet-potato-mash,2026-05-12 00:39:49
bbc_good_food,fries,sweet potato fries,Chipotle sweet potato & black bean stew with cheddar dumplings,vegetable oil for frying 1 large red onion finely sliced 250g bag diced butternut squash and sweet potato 400g can chopped tomatoes 2 x 400g cans chilli black beans or chilli kidney beans 3 tbsp chipotle chilli paste 125g self-raising flour 60g unsalted butter cubed 70g mature cheddar grated 1 large green jalapeño finely sliced (optional),547.0,18.0,23.0,60.0,https://www.bbcgoodfood.com/recipes/chipotle-sweet-potato-black-bean-stew-cheddar-dumplings,2026-05-12 00:39:51
bbc_good_food,fries,sweet potato fries,Oven-roasted sweet potato & courgette tortilla,"2 medium sweet potatoes (500g), peeled and thinly sliced 1 onion thinly sliced 1 courgette thinly sliced 2 tbsp olive oil 6 eggs 50g crème fraîche 30g manchego or vegetarian alternative, grated 1 tbsp chopped chives green salad to serve",379.0,15.0,21.0,29.0,https://www.bbcgoodfood.com/recipes/oven-roasted-sweet-potato-courgette-tortilla,2026-05-12 00:39:53
bbc_good_food,fries,sweet potato fries,Sweet potato & lentil soup,"2 tsp medium curry powder 3 tbsp olive oil 2 onions grated 1 eating apple peeled, cored and grated 3 garlic cloves crushed 20g pack coriander stalks chopped thumb-size piece fresh root ginger grated 800g sweet potatoes 1.2l low-sodium vegetable stock 100g red lentils 300ml milk juice 1 lime",297.0,9.0,9.0,42.0,https://www.bbcgoodfood.com/recipes/sweet-potato-lentil-soup,2026-05-12 00:39:55
bbc_good_food,fries,sweet potato fries,"Creamy salmon, leek & potato traybake","250g baby potatoes thickly sliced 2 tbsp olive oil 1 leek halved, washed and sliced 1 garlic clove crushed 70ml double cream 1 tbsp capers plus extra to serve 1 tbsp chives plus extra to serve 2 skinless salmon fillets mixed rocket salad to serve (optional)",696.0,39.0,50.0,19.0,https://www.bbcgoodfood.com/recipes/creamy-salmon-leek-potato-traybake,2026-05-12 00:39:57
bbc_good_food,fries,sweet potato fries,Sausage & sweet potato traybake,2 red onions peeled and quartered 2 corn cobs cut into 4-6 pieces 1 mango stoned and chopped 2 large sweet potatoes cut into wedges 8-12 pork sausages 2 tsp ground cumin 2 tsp paprika 2 tsp fennel seeds 2 tsp dried oregano 2 tbsp barbecue sauce 2 tbsp olive oil (or vegetable or rapeseed oil) coriander chopped chillies chopped,431.0,15.0,23.0,36.0,https://www.bbcgoodfood.com/recipes/sausage-sweet-potato-traybake,2026-05-12 00:39:58
bbc_good_food,fries,sweet potato fries,Sweet potato & cauliflower lentil bowl,"1 large sweet potato skin left on, scrubbed and cut into medium chunks 1 cauliflower cut into large florets, stalk diced 1 tbsp garam masala 3 tbsp groundnut oil 2 garlic cloves 200g puy lentils thumb-sized piece ginger grated 1 tsp Dijon mustard 1½ limes juiced 2 carrots ¼ red cabbage ½ small pack coriander",350.0,15.0,11.0,41.0,https://www.bbcgoodfood.com/recipes/sweet-potato-cauliflower-lentil-bowl,2026-05-12 00:40:00
bbc_good_food,fries,sweet potato fries,Sweet & sour chicken,"sunflower or vegetable oil for frying 100ml soda water chilled 140g self-raising flour 25g cornflour 4 skinless, boneless chicken breasts cut into chunks spring onions finely shredded, to serve 1 red pepper deseeded and chopped into chunks 3 red chillies 1 cut into chunks, 2 halved and deseeded 425g can pineapple chunks, drained and juice reserved 4 star anise 50g tamarind paste 100g caster sugar 100ml rice wine vinegar or Chinese vinegar",654.0,38.0,20.0,82.0,https://www.bbcgoodfood.com/recipes/sweet-sour-chicken,2026-05-12 00:40:01
bbc_good_food,fries,sweet potato fries,Chicken & sweet potato curry,"1 tbsp sunflower oil 1 onion chopped 450g boneless, skinless chicken thigh cut into bite-sized pieces 165g jar korma paste 2 garlic cloves crushed 500g sweet potato cut into small chunks 400g can chopped tomato 100g baby spinach basmati rice to serve",373.0,26.0,13.0,35.0,https://www.bbcgoodfood.com/recipes/chicken-sweet-potato-curry,2026-05-12 00:40:03
bbc_good_food,fries,sweet potato fries,Moroccan chicken with sweet potato mash,"1kg sweet potatoes cubed 2 tsp ras-el-hanout or a mix of ground cinnamon and cumin 4 skinless, boneless chicken breasts 2 tbsp olive oil 1 onion thinly sliced 1 fat garlic clove crushed 200ml chicken stock 2 tsp clear honey juice &frac12; lemon handful green olives pitted or whole 20g pack coriander leaves chopped",460.0,39.0,9.0,59.0,https://www.bbcgoodfood.com/recipes/moroccan-chicken-sweet-potato-mash,2026-05-12 00:40:06
bbc_good_food,fries,sweet potato fries,Sweet potato & coconut curry,4 tbsp olive oil 2 large onions halved and sliced 3 garlic cloves crushed thumb-sized piece root ginger peeled 1 tsp paprika ½ tsp cayenne 2 red chillies deseeded and sliced 2 red peppers deseeded and sliced 250g red cabbage shredded 1kg sweet potatoes peeled and chopped into chunks 300g passata 400ml coconut milk 2 tbsp peanut butter small bunch fresh  coriander chopped cooked  couscous (or gluten-free alternative),434.0,6.0,22.0,47.0,https://www.bbcgoodfood.com/recipes/sweet-potato-coconut-curry,2026-05-12 00:40:07
bbc_good_food,fries,air fryer chips,Air fryer pork chops,4 pork chops ½ tbsp sunflower or vegetable oil ½ tsp dried oregano ½ tsp paprika ½ tsp mustard powder ½ tsp onion powder 25g parmesan finely grated cooked greens and peas to serve (optional),404.0,41.0,27.0,0.3,https://www.bbcgoodfood.com/recipes/air-fryer-pork-chops,2026-05-12 00:40:11
bbc_good_food,fries,air fryer chips,Air fryer lamb chops,"1½ tbsp olive oil 2 garlic cloves finely grated 1 tbsp chopped fresh herbs such as rosemary, thyme or oregano 8 lamb chops chopped fresh parsley to serve (optional)",542.0,41.0,42.0,0.4,https://www.bbcgoodfood.com/recipes/air-fryer-lamb-chops,2026-05-12 00:40:14
bbc_good_food,fries,air fryer chips,Vintage chocolate chip cookies,150g salted butter softened 80g light brown muscovado sugar 80g granulated sugar 2 tsp vanilla extract 1 large egg 225g plain flour ½ tsp bicarbonate of soda ¼ tsp salt 200g plain chocolate chips or chunks,121.0,1.3,6.3,14.7,https://www.bbcgoodfood.com/recipes/vintage-chocolate-chip-cookies,2026-05-12 00:40:15
bbc_good_food,fries,air fryer chips,Chocolate chip muffins,250g self-raising flour 1 tsp bicarbonate of soda 150g chocolate chips 100g golden caster sugar 2 eggs lightly beaten 150ml natural yogurt 100g unsalted butter melted,263.0,5.0,13.0,31.0,https://www.bbcgoodfood.com/recipes/chocolate-chip-muffins,2026-05-12 00:40:20
bbc_good_food,fries,air fryer chips,Air fryer muffins,60ml vegetable oil 75g natural yogurt 1 egg 2 tbsp milk 100g golden caster sugar 150g self-raising flour ¼ tsp bicarbonate of soda 75g blueberries chocolate chips or dried fruit,208.0,3.0,9.0,28.0,https://www.bbcgoodfood.com/recipes/air-fryer-muffins,2026-05-12 00:40:22
bbc_good_food,fries,air fryer chips,Air fryer banana bread,150ml sunflower or vegetable oil plus extra for the tin 150g caster sugar 150g self-raising flour 1 tsp baking powder 2 eggs 2 overripe bananas 50g pecans chopped (optional) 50g chocolate chips (optional),231.0,2.0,13.0,25.0,https://www.bbcgoodfood.com/recipes/air-fryer-banana-bread,2026-05-12 00:40:23
bbc_good_food,fries,air fryer chips,Air-fryer roast chicken,2.25kg  whole chicken 3 tbsp vegetable oil 1 tsp smoked paprika 1 tsp dried mixed herbs 1 tsp garlic granules,409.0,43.0,26.0,0.3,https://www.bbcgoodfood.com/recipes/air-fryer-roast-chicken,2026-05-12 00:40:25
bbc_good_food,fries,air fryer chips,Air fryer steak,2 rib-eye steaks around 260g each and 3cm thick 1 tsp oil,523.0,46.0,37.0,,https://www.bbcgoodfood.com/recipes/air-fryer-steak,2026-05-12 00:40:26
bbc_good_food,fries,air fryer chips,Air fryer baked potatoes,"4 baking potatoes (about 250g each) ½ tbsp  sunflower oil toppings of your choice such as butter, cheese, baked beans or tuna mayonnaise",206.0,5.0,2.0,40.0,https://www.bbcgoodfood.com/recipes/air-fryer-baked-potatoes,2026-05-12 00:40:28
bbc_good_food,fries,air fryer chips,Air fryer salmon,"1 tsp  salt 1 tsp  pepper 1 tsp  mixed herbs 1 tsp  garlic granules (optional) 4 salmon fillets (we used 4 x 130g fillets), skin on or removed ½ tbsp  olive oil cooked seasonal greens and grains such as quinoa or brown rice, to serve (optional)",264.0,27.0,17.0,0.1,https://www.bbcgoodfood.com/recipes/air-fryer-salmon,2026-05-12 00:40:30
bbc_good_food,fries,air fryer chips,Air fryer crispy chilli beef,"250g thin-cut minute steak thinly sliced into strips 2 tbsp cornflour 2 tbsp vegetable oil plus a drizzle 2 garlic cloves crushed thumb-sized piece of ginger peeled and cut into matchsticks 1 red chilli thinly sliced 1 red pepper cut into chunks 4 spring onions sliced, green and white parts separated 4 tbsp rice wine vinegar or white wine vinegar 1 tbsp soy sauce 2 tbsp sweet chilli sauce 2 tbsp tomato ketchup ½ tsp Chinese five-spice powder 2 tsp soy sauce 1 tsp sesame oil 1 tsp caster sugar",440.0,31.0,19.0,34.0,https://www.bbcgoodfood.com/recipes/air-fryer-crispy-chilli-beef,2026-05-12 00:40:32
bbc_good_food,fries,air fryer chips,Air fryer gyros,"3 boneless and skinless chicken thighs cut into bite-sized pieces 150g oven fries or chips 1 tomato halved and sliced 1 small red onion finely sliced 125g Greek yogurt ½ lemon zested and juiced 1 ½ tbsp olive oil 1 garlic clove finely grated 1 tsp ground coriander 1 tsp ground cumin 1 tsp smoked paprika 1 ½ tsp dried mixed herbs ¼ cucumber finely chopped 80g Greek yogurt 1 very small garlic clove or half a clove, finely grated 8 mint leaves chopped",725.0,33.0,33.0,70.0,https://www.bbcgoodfood.com/recipes/air-fryer-gyros,2026-05-12 00:40:34
bbc_good_food,fries,air fryer chips,Air fryer bacon,6 rashers  streaky bacon or 3 rashers back bacon,74.0,6.0,6.0,,https://www.bbcgoodfood.com/recipes/air-fryer-bacon,2026-05-12 00:40:35
bbc_good_food,fries,air fryer chips,Air fryer chicken breasts,"4 chicken breasts ½ tbsp  rapeseed oil 1 tsp  salt 1 ½ tsp  garlic granules 1 tsp  smoked sweet paprika 2 tsp  mixed herbs ½ tsp  pepper steamed rice and greens such as broccoli or green beans or a green salad, to serve (optional)",215.0,38.0,7.0,1.0,https://www.bbcgoodfood.com/recipes/air-fryer-chicken-breasts,2026-05-12 00:40:36
bbc_good_food,fries,air fryer chips,Chocolate chip banana bread,"140g unsalted butter softened, plus extra for the tin 140g golden caster sugar 2 eggs beaten 1 tsp vanilla extract 140g self-raising flour 1 tsp baking powder 3 ripe bananas peeled and mashed 100g chocolate chips",306.0,4.0,17.0,34.0,https://www.bbcgoodfood.com/recipes/chocolate-chip-banana-bread,2026-05-12 00:40:38
bbc_good_food,fries,air fryer chips,Air fryer chicken thighs,1 tsp paprika ½ tsp  mixed herbs ½ tsp  garlic granules (optional) 4 chicken thighs bone in 1 tsp olive oil,111.0,11.0,8.0,,https://www.bbcgoodfood.com/recipes/air-fryer-chicken-thighs,2026-05-12 00:40:40
bbc_good_food,fries,air fryer chips,Air fryer pork joint,1-1.5 kg boneless pork leg or shoulder ½ tbsp vegetable or sunflower oil apple sauce to serve (optional),358.0,50.0,17.0,,https://www.bbcgoodfood.com/recipes/air-fryer-pork-joint,2026-05-12 00:40:42
bbc_good_food,fries,air fryer chips,Easy chocolate chip cookies,120g butter softened 75g light brown sugar 75g golden caster sugar 1 medium egg 1 tsp vanilla extract 180g plain flour ½ tsp bicarbonate of soda 150g dark chocolate cut into chunks,308.0,3.0,16.0,35.0,https://www.bbcgoodfood.com/recipes/chocolate-chunk-cookies,2026-05-12 00:40:44
bbc_good_food,fries,air fryer chips,Air fryer meatballs,"4 good-quality sausages 500g beef mince ½ onion or 1 shallot, very finely chopped 50g parmesan finely grated 50g fresh breadcrumbs handful parsley finely chopped 1 egg beaten",82.0,6.0,6.0,2.0,https://www.bbcgoodfood.com/recipes/air-fryer-meatballs,2026-05-12 00:40:45
bbc_good_food,fries,air fryer chips,Air fryer cheese & ham toastie,20g butter softened 2 slices  sourdough or other bread ½ tsp English mustard 50g grated  mature cheddar or gruyère 1 tbsp chopped  chives (optional) 1 thick slice of  ham,627.0,27.0,38.0,43.0,https://www.bbcgoodfood.com/recipes/air-fryer-cheese-ham-toastie,2026-05-12 00:40:47
bbc_good_food,fries,air fryer chips,Air fryer sausages,6 sausages of your choice,120.0,6.0,9.0,4.0,https://www.bbcgoodfood.com/recipes/air-fryer-sausages,2026-05-12 00:40:51
bbc_good_food,fries,homemade chips,Homemade apple pie,1kg Bramley apples 140g golden caster sugar ½ tsp cinnamon 3 tbsp flour 225g butter room temperature 50g golden caster sugar plus extra 2 eggs 350g plain flour preferably organic softly whipped cream to serve,547.0,7.0,25.0,71.0,https://www.bbcgoodfood.com/recipes/ultimate-apple-pie,2026-05-12 00:40:57
bbc_good_food,fries,homemade chips,Best chewy chocolate chip cookies,"150g butter softened 150g soft brown sugar golden caster sugar, or ideally half of each 1 egg 1 tsp vanilla extract 180-200g  plain flour (see tip below) ½ tsp  baking powder 200g chocolate chips or chopped chocolate",291.0,3.0,15.0,34.0,https://www.bbcgoodfood.com/recipes/chewy-chocolate-chip-cookies,2026-05-12 00:41:01
bbc_good_food,fries,homemade chips,Classic homemade coleslaw,"1 small white  cabbage or ½ large 4 carrots peeled 1 large  red onion ½ small bunch  dill chives, parsley or coriander, finely chopped (optional) 1 tbsp  Dijon mustard 50g  mayonnaise 50g  yogurt soured cream or more mayo 1-2 tbsp  white wine vinegar a few pinches of  paprika",94.0,2.0,5.0,8.0,https://www.bbcgoodfood.com/recipes/classic-homemade-coleslaw,2026-05-12 00:41:05
bbc_good_food,fries,homemade chips,Chip shop curry sauce,50g butter 2 large onions sliced 4 garlic cloves sliced thumb-sized piece ginger peeled and sliced 3 tbsp mild curry powder 1 tsp turmeric 50g raisins 3 tbsp malt vinegar 1 star anise 500ml chicken stock or vegetable stock for vegetarians 2 tbsp cornflour lemon juice to taste,124.0,3.0,6.0,13.0,https://www.bbcgoodfood.com/recipes/chip-shop-curry-sauce,2026-05-12 00:41:06
bbc_good_food,fries,homemade chips,Homemade granola,2 tbsp vegetable oil 125ml maple syrup 2 tbsp honey 1 tsp vanilla extract 300g rolled oats 50g sunflower seed 4 tbsp sesame seeds 50g pumpkin seeds 100g flaked almond 100g dried berries (find them in the baking aisle) 50g coconut flakes or desiccated coconut,273.0,7.0,13.0,30.0,https://www.bbcgoodfood.com/recipes/good-you-granola,2026-05-12 00:41:08
bbc_good_food,fries,homemade chips,Next level chocolate chip cookies,"125g unsalted butter 100g plain flour 100g rye flour 1 tsp sea salt flakes, plus extra for sprinkling 1 tsp baking powder ¼ tsp bicarbonate of soda 200g light brown soft sugar 100g golden caster sugar 1 large egg plus 2 large yolks 1 tsp vanilla extract 200g chocolate chopped into small chunks (choose dark or milk, or a mixture of the two)",346.0,4.0,16.0,44.0,https://www.bbcgoodfood.com/recipes/next-level-chocolate-chip-cookies,2026-05-12 00:41:10
bbc_good_food,fries,homemade chips,Homemade custard,200ml double cream 700ml whole milk 4 large egg yolks 3 tbsp cornflour 100g caster sugar 1 tsp vanilla extract,284.0,5.0,20.0,22.0,https://www.bbcgoodfood.com/recipes/homemade-custard,2026-05-12 00:41:11
bbc_good_food,fries,homemade chips,Chocolate chip shortbread,300g plain flour 200g cold salted butter cubed 1 large egg yolk 100g caster sugar plus extra to sprinkle 80g milk or dark chocolate chips,249.0,3.0,14.0,27.0,https://www.bbcgoodfood.com/recipes/chocolate-chip-shortbread,2026-05-12 00:41:14
bbc_good_food,fries,homemade chips,Homemade pasta,"300g ‘00’ pasta flour plus extra for dusting 2 eggs and 4 yolks, lightly beaten semolina flour for dusting",200.0,7.0,6.0,29.0,https://www.bbcgoodfood.com/recipes/fresh-pasta,2026-05-12 00:41:21
bbc_good_food,fries,homemade chips,Homemade hot chocolate,"250ml  milk of your choice 1 tbsp  cocoa 1-2 tbsp  soft light brown sugar 25g dark or plain  chocolate finely chopped, plus a grating to serve 1 tbsp  whipped cream or squirty cream",438.0,12.0,22.0,47.0,https://www.bbcgoodfood.com/recipes/homemade-hot-chocolate,2026-05-12 00:41:22
bbc_good_food,fries,homemade chips,Pizza with homemade sauce,300g strong white bread flour plus extra for dusting 1 tsp instant yeast 1 tbsp olive oil 1 tbsp olive oil plus a drizzle 2 garlic cloves crushed 200ml passata 8 mozzarella pearls halved small bunch fresh basil,511.0,22.0,20.0,59.0,https://www.bbcgoodfood.com/recipes/pizza-homemade-sauce,2026-05-12 00:41:24
bbc_good_food,fries,homemade chips,Homemade tomato chutney,500g red onion finely sliced 1kg tomato chopped 4 garlic cloves sliced 1 red chilli chopped (optional) 4cm piece ginger peeled and chopped 250g brown sugar 150ml red wine vinegar 5 cardamom seeds ½ tsp paprika,35.0,0.3,,8.0,https://www.bbcgoodfood.com/recipes/homemade-tomato-chutney,2026-05-12 00:41:26
bbc_good_food,fries,homemade chips,Chocolate chip traybake,190ml rapeseed oil plus extra for the tin 250g plain flour 80g cocoa powder 3 tsp baking powder 300g light brown soft sugar 350ml whole milk 2 tsp vanilla extract 2 large eggs 100g white chocolate chips 150g butter cubed 200g icing sugar sieved 4 tsp cocoa powder 2 tbsp milk,220.0,3.0,12.0,24.0,https://www.bbcgoodfood.com/recipes/chocolate-chip-traybake,2026-05-12 00:41:28
bbc_good_food,fries,homemade chips,Banana bread,"140g butter softened, plus extra for the tin 140g caster sugar 2 large eggs beaten 140g self-raising flour 1 tsp baking powder 2 very ripe  bananas mashed 50g icing sugar handful dried banana chips for decoration",268.0,3.0,13.0,34.0,https://www.bbcgoodfood.com/recipes/brilliant-banana-loaf,2026-05-12 00:41:31
bbc_good_food,fries,homemade chips,Homemade sourdough bread,"50g strong white flour to start, then 25g extra a day for 6 days 50g strong wholemeal flour to start, then 25g extra a day for 6 days 450g strong white flour plus extra for dusting 50g wholemeal flour 10g fine salt 100g sourdough starter (see above)",202.0,7.0,1.0,41.0,https://www.bbcgoodfood.com/recipes/homemade-sourdough-bread,2026-05-12 00:41:34
bbc_good_food,fries,potato wedges,Chilli con carne recipe,"1 large onion 1 red pepper 2 garlic cloves 1 tbsp oil 1 heaped tsp hot chilli powder (or 1 level tbsp if you only have mild) 1 tsp paprika 1 tsp ground cumin 500g lean minced beef 1 beef stock cube 400g can chopped tomatoes ½ tsp dried marjoram 1 tsp sugar (or add a thumbnail-sized piece of dark chocolate along with the beans instead, see tip) 2 tbsp tomato purée 410g can red kidney beans plain boiled long grain rice to serve soured cream to serve",380.0,33.0,16.08,21.09,https://www.bbcgoodfood.com/recipes/chilli-con-carne-recipe,2026-05-12 00:42:17
bbc_good_food,fries,potato wedges,Potato wedge tortilla,1  large potato 1 tbsp sunflower oil 1  small onion halved and sliced 1 red pepper seeded and cut into chunks 6 eggs handful of grated cheddar preferably mature,467.0,28.0,30.0,23.0,https://www.bbcgoodfood.com/recipes/potato-wedge-tortilla,2026-05-12 00:42:18
bbc_good_food,fries,potato wedges,Vegan chickpea curry jacket potatoes,"4 sweet potatoes 1 tbsp coconut oil 1 ½ tsp  cumin seeds 1 large onion diced 2 garlic cloves crushed thumb-sized piece of ginger finely grated 1 green chilli finely chopped 1 tsp garam masala 1 tsp ground coriander ½ tsp turmeric 2 tbsp tikka masala paste 2 x 400g can  chopped tomatoes 2 x 400g can  chickpeas drained lemon wedges and coriander leaves, to serve",276.0,12.0,9.0,32.0,https://www.bbcgoodfood.com/recipes/vegan-chickpea-curry-jacket-potato,2026-05-12 00:42:19
bbc_good_food,pasta,chicken pasta,Chicken & chorizo jambalaya,1 tbsp olive oil 2 chicken breasts chopped 1 onion diced 1 red pepper thinly sliced 2 garlic cloves crushed 75g chorizo sliced 1 tbsp Cajun seasoning 250g long grain rice 400g can plum tomato 350ml chicken stock,445.0,30.0,10.0,64.0,https://www.bbcgoodfood.com/recipes/chicken-chorizo-jambalaya,2026-05-12 00:43:31
bbc_good_food,pasta,chicken pasta,Chicken tikka pasties,"½ tbsp sunflower oil 1 onion finely chopped 2 garlic cloves finely grated or crushed thumb-sized piece of ginger peeled and finely grated 4 boneless, skinless chicken thighs, cut into small chunks 5 tbsp tikka curry paste 227g can chopped tomatoes 2 tsp light brown soft sugar 100ml double cream 350g plain flour plus extra for dusting 175g cold unsalted butter cut into cubes 1 tsp caraway seeds (optional) 1 tsp cumin seeds (optional) 1 egg yolk (freeze the white for another recipe), plus 1 beaten egg",493.0,13.0,31.0,39.0,https://www.bbcgoodfood.com/recipes/chicken-tikka-pasties,2026-05-12 00:43:42
bbc_good_food,pasta,chicken pasta,Chicken stroganoff,"2 tbsp olive oil 4 skinless chicken breasts cut into chunks 2 onions finely chopped 4 garlic cloves crushed 1 tbsp sweet paprika 400ml chicken stock 4 tsp Dijon mustard 2 tbsp Worcestershire sauce 200g soured cream or crème fraiche a large handful of parsley chopped rice mash or pasta, to serve",425.0,43.0,23.0,11.0,https://www.bbcgoodfood.com/recipes/chicken-stroganoff,2026-05-12 00:43:46
bbc_good_food,pasta,chicken pasta,Chicken & chorizo ragu,"120g cooking chorizo chopped 1 red onion chopped 2 garlic cloves grated 1 tsp hot smoked paprika 80g sundried tomatoes roughly chopped 600g skinless and boneless chicken thighs 400g can chopped tomatoes 100ml chicken stock 1 lemon juiced jacket potatoes chopped parsley and soured cream, to serve (optional)",420.0,41.0,20.0,16.0,https://www.bbcgoodfood.com/recipes/chicken-chorizo-ragu,2026-05-12 00:43:49
bbc_good_food,chicken,grilled chicken,Grilled aubergines with spicy chickpeas & walnut sauce,"4 tbsp olive oil 1 onion finely chopped 1 red chilli deseeded and finely chopped 2cm piece  ginger finely chopped &frac12; tsp each ground cumin coriander and cinnamon 400g can chickpeas rinsed and drained 200g tomatoes chopped juice &frac12; lemon 2 aubergines sliced lengthways 200g tub Greek-style yogurt 1 garlic clove crushed 25g walnuts chopped handful coriander leaves, roughly chopped",640.0,22.0,45.0,39.0,https://www.bbcgoodfood.com/recipes/grilled-aubergines-spicy-chickpeas-walnut-sauce,2026-05-12 00:46:29
bbc_good_food,salad,caesar salad,Caesar pitta,"1 tsp lemon juice ½ small garlic clove crushed 1 tbsp fat-free Greek yogurt 1 tbsp lighter mayonnaise ¼ tsp mustard powder 1 brown anchovy rinsed and finely chopped ½ tbsp grated parmesan 1 small skinless cooked chicken breast, or 80g cooked chicken, shredded ¼ small cucumber cubed 3 cherry tomatoes halved 4 Little Gem lettuce leaves, shredded 1 wholemeal pitta bread",461.0,40.0,17.0,34.0,https://www.bbcgoodfood.com/recipes/caesar-pitta,2026-05-12 00:48:14
bbc_good_food,salad,caesar salad,Spaghetti & meatballs,"8 good-quality pork sausages 1 kg beef mince 1 onion finely chopped ½ a large bunch  flat-leaf parsley finely chopped 85g parmesan grated, plus extra to serve (optional) 100g fresh breadcrumbs 2 eggs beaten with a fork olive oil for roasting spaghetti to serve (about 100g per portion) 3 tbsp olive oil 4 garlic cloves crushed 4 x 400g cans  chopped tomatoes 125ml red wine (optional) 3 tbsp caster sugar ½ a large bunch of flat-leaf parsley finely chopped few basil leaves (optional)",888.0,44.0,35.0,95.0,https://www.bbcgoodfood.com/recipes/spaghetti-meatballs,2026-05-12 00:48:15
bbc_good_food,salad,caesar salad,Chicken schnitzel caesar,"2 skinless chicken breasts about 150g each 30g plain flour 2 eggs beaten 75g panko breadcrumbs 1 egg yolk 1 tbsp Dijon mustard 1 tbsp cider vinegar 1 large garlic clove finely grated 4 salted anchovies finely chopped 3 tbsp vegetable oil 20g butter ½ lemon juiced 1 large Little Gem lettuce or cos lettuce, broken into bite-sized pieces 125ml olive oil 75g parmesan 25g finely grated, 50g shaved 4 cured anchovies (optional) lemon wedges, to serve",985.0,65.0,60.0,42.0,https://www.bbcgoodfood.com/recipes/chicken-schnitzel-caesar,2026-05-12 00:48:19
bbc_good_food,sandwich,sandwich,Classic Victoria sandwich recipe,200g caster sugar 200g softened butter 4 eggs beaten 200g self-raising flour 1 tsp  baking powder 2 tbsp milk 100g butter softened 140g icing sugar sifted drop vanilla extract (optional) half a 340g jar good-quality strawberry jam icing sugar to decorate,507.0,5.0,27.05,61.02,https://www.bbcgoodfood.com/recipes/classic-victoria-sandwich-recipe,2026-05-12 00:48:29
bbc_good_food,sandwich,sandwich,Classic sponge sandwich,200g soft butter plus extra for greasing 200g self-raising flour 1 tsp baking powder 200g golden caster sugar 4 eggs 2 tbsp milk 142ml double cream 50g golden caster sugar ½ tsp vanilla extract 100g strawberry conserve icing sugar for dusting,568.0,7.0,34.0,62.0,https://www.bbcgoodfood.com/recipes/classic-sponge-sandwich,2026-05-12 00:48:32
bbc_good_food,sandwich,sandwich,"Lemon, raspberry & almond victoria sandwich","225g salted butter softened, plus extra for the tin 75g toasted almonds 225g golden caster sugar 1 tsp  vanilla or almond extract 2 lemons zested 2 tbsp  milk 4 medium eggs at room temperature (use ‘golden yolk’ eggs for a rich yellow sponge) 125g self-raising flour 100g ground almonds ½ tsp baking powder 250 raspberries 250ml double cream 100g mascarpone 2-3 tbsp  icing sugar plus extra for dusting 1 tsp vanilla or almond extract",529.0,9.0,40.0,32.0,https://www.bbcgoodfood.com/recipes/lemon-raspberry-almond-victoria-sandwich,2026-05-12 00:48:47
bbc_good_food,sandwich,sandwich,Pink marble sandwich cake,"225g butter at room temperature, plus extra for the tin 225g golden caster sugar 225g self-raising flour 4 large eggs lightly beaten 4 tbsp seedless raspberry jam a few drops of pink food colouring (optional) 1 tsp vanilla extract 1-2 tbsp icing sugar for dusting 200g white chocolate chopped 100ml double cream",460.0,6.0,27.0,47.0,https://www.bbcgoodfood.com/recipes/pink-marble-sandwich-cake,2026-05-12 00:49:09
bbc_good_food,sandwich,club sandwich,The breakfast club,"3 tbsp sunflower oil 4 frozen hash browns 3 pork sausages 4 rashers smoked back bacon 15g butter plus extra for spreading 100g chestnut mushrooms sliced 2 eggs 400g can baked beans 6 slices white bread butter ketchup and brown sauce, to serve",991.0,41.0,51.0,85.0,https://www.bbcgoodfood.com/recipes/the-breakfast-club,2026-05-12 00:49:28
bbc_good_food,sandwich,club sandwich,Ultimate chocolate cake,"200g dark chocolate (about 60% cocoa solids), chopped 200g butter cubed 1 tbsp instant coffee granules 85g self-raising flour 85g plain flour ¼ tsp bicarbonate of soda 200g light muscovado sugar 200g golden caster sugar 25g cocoa powder 3 medium  eggs 75ml buttermilk 50g grated chocolate or 100g curls, to decorate 200g dark chocolate (about 60% cocoa solids), chopped 300ml double cream 2 tbsp golden caster sugar golden caster sugar",541.0,6.0,35.0,55.0,https://www.bbcgoodfood.com/recipes/ultimate-chocolate-cake,2026-05-12 00:49:30
bbc_good_food,sandwich,club sandwich,Vegetarian club,3 slices  granary bread 1 large handful watercress 1 carrot peeled and coarsely grated small squeeze  lemon juice 1 tbsp  olive oil 2 dessertspoons reduced-fat hummus 2 tomatoes thickly sliced,299.0,11.0,7.0,50.0,https://www.bbcgoodfood.com/recipes/vegetarian-club,2026-05-12 00:49:32
bbc_good_food,sandwich,chicken sandwich,Chicken & chorizo jambalaya,1 tbsp olive oil 2 chicken breasts chopped 1 onion diced 1 red pepper thinly sliced 2 garlic cloves crushed 75g chorizo sliced 1 tbsp Cajun seasoning 250g long grain rice 400g can plum tomato 350ml chicken stock,445.0,30.0,10.0,64.0,https://www.bbcgoodfood.com/recipes/chicken-chorizo-jambalaya,2026-05-12 00:49:34
bbc_good_food,sandwich,chicken sandwich,Chicken pasta bake,"4 tbsp olive oil 1 onion finely chopped 2 garlic cloves crushed ¼ tsp chilli flakes 2 x 400g cans chopped tomatoes 1 tsp caster sugar 6 tbsp mascarpone 4 skinless chicken breasts, sliced into strips 300g penne 70g mature cheddar grated 50g grated mozzarella ½ small bunch of parsley finely chopped",575.0,33.0,30.0,41.0,https://www.bbcgoodfood.com/recipes/chicken-pasta-bake,2026-05-12 00:49:37
bbc_good_food,sandwich,chicken sandwich,'Marry me' chicken,"30g plain flour 4 chicken breasts 125g sundried tomatoes in oil, drained and roughly chopped, 3 tbsp oil reserved 1 red onion finely chopped 3 garlic cloves crushed or finely grated ½ - 1 tsp chilli flakes (to taste) 2-3   thyme or oregano sprigs leaves picked, or 1 tsp mixed dried herbs 150ml double cream 250ml chicken stock 35g parmesan grated 8-10 basil leaves torn, to serve lemon wedges to serve (optional)",584.0,38.0,38.0,21.0,https://www.bbcgoodfood.com/recipes/marry-me-chicken,2026-05-12 00:49:38
bbc_good_food,sandwich,chicken sandwich,Easy coronation chicken,6 tbsp mayonnaise 2-3 tsp mild curry powder to taste ½ tsp ground cinnamon 2 tbsp mango chutney 1-3 tbsp sultanas or to taste 500g shredded cooked chicken,257.0,26.0,14.0,6.0,https://www.bbcgoodfood.com/recipes/easy-coronation-chicken,2026-05-12 00:49:40
bbc_good_food,sandwich,chicken sandwich,Chicken korma,"1 onion chopped 2 garlic cloves roughly chopped thumb-sized piece ginger roughly chopped 4 tbsp korma paste 4 skinless, boneless chicken breasts cut into bite-sized pieces 50g ground almonds plus extra to serve (optional) 4 tbsp sultanas 400ml chicken stock ¼ tsp golden caster sugar 150g pot 0% fat Greek yogurt small bunch coriander chopped",376.0,40.0,11.0,28.0,https://www.bbcgoodfood.com/recipes/chicken-korma,2026-05-12 00:49:41
bbc_good_food,sandwich,chicken sandwich,Chicken noodle soup,"900ml chicken or vegetable stock (or Miso soup mix) 1 boneless, skinless chicken breast (about 175g) 1 tsp chopped  fresh ginger 1 garlic clove finely chopped 50g rice or wheat noodles 2 tbsp  sweetcorn canned or frozen 2-3 mushrooms thinly sliced 2 spring onions shredded 2 tsp  soy sauce plus extra for serving mint or basil leaves and a little shredded chilli (optional), to serve",266.0,34.0,2.0,26.0,https://www.bbcgoodfood.com/recipes/chicken-noodle-soup,2026-05-12 00:49:42
bbc_good_food,sandwich,chicken sandwich,Chicken tikka masala,"4 tbsp vegetable oil 25g butter 4 onions roughly chopped 6 tbsp chicken tikka masala paste (use shop-bought or make your own – see recipe, below) 2 red peppers deseeded and cut into chunks 8 boneless, skinless chicken breasts cut into 2.5cm cubes 2 x 400g cans  chopped tomatoes 4 tbsp tomato purée 2-3 tbsp  mango chutney 150ml double cream 150ml natural  yogurt chopped  coriander leaves, to serve",345.0,31.0,19.0,13.0,https://www.bbcgoodfood.com/recipes/chicken-tikka-masala,2026-05-12 00:49:44
bbc_good_food,sandwich,chicken sandwich,Thai green chicken curry,"225g new potatoes cut into chunks 100g green beans trimmed and halved 1 tbsp vegetable or sunflower oil 1 garlic clove chopped 1 rounded tbsp or 4 tsp Thai green curry paste (you can't fit the tablespoon into some of the jars) 400ml can coconut milk 2 tsp Thai fish sauce 1 tsp caster sugar 450g boneless skinless chicken (breasts or thighs), cut into bite-size pieces 2 lime leaves finely shredded, or 3 wide strips lime zest, plus extra to garnish good handful of basil leaves boiled rice to serve",275.0,17.0,19.0,9.0,https://www.bbcgoodfood.com/recipes/thai-green-chicken-curry,2026-05-12 00:49:47
bbc_good_food,sandwich,chicken sandwich,Chicken satay salad,"1 tbsp tamari 1 tsp medium curry powder ¼ tsp ground cumin 1 garlic clove finely grated 1 tsp clear honey 2 skinless chicken breast fillets (or use turkey breast) 1 tbsp crunchy peanut butter (choose a sugar-free version with no palm oil, if possible) 1 tbsp sweet chilli sauce 1 tbsp lime juice sunflower oil for wiping the pan 2 Little Gem lettuce hearts, cut into wedges ¼ cucumber halved and sliced 1 banana shallot halved and thinly sliced coriander chopped seeds from ½ pomegranate",353.0,38.0,10.0,24.0,https://www.bbcgoodfood.com/recipes/chicken-satay-salad,2026-05-12 00:49:50
bbc_good_food,sandwich,chicken sandwich,Chinese chicken curry,4 skinless chicken breasts cut into chunks (or use thighs or drumsticks) 2 tsp cornflour 1 onion diced 2 tbsp rapeseed oil 1 garlic clove crushed 2 tsp curry powder 1 tsp turmeric ½ tsp ground ginger pinch sugar 400ml chicken stock 1 tsp soy sauce handful frozen peas rice to serve,264.0,40.0,8.0,7.0,https://www.bbcgoodfood.com/recipes/chinese-chicken-curry,2026-05-12 00:49:54
bbc_good_food,sandwich,chicken sandwich,Chicken arrabbiata stew & parmesan dumplings,2 tbsp olive oil 1 onion thinly sliced 8 skinless and boneless chicken thighs halved 2 large garlic cloves crushed 1-1½ tsp chilli flakes 4 tbsp sun-dried tomato pesto 250ml chicken stock 2 x 400g can chopped tomatoes 5 thyme sprigs tied 2 tsp sugar ½ small bunch of parsley finely chopped 80g cold unsalted butter cubed 150g self-raising flour 80g parmesan grated 50-60ml milk,512.0,24.0,33.0,29.0,https://www.bbcgoodfood.com/recipes/chicken-arrabbiata-stew-parmesan-dumplings,2026-05-12 00:49:58
bbc_good_food,sandwich,chicken sandwich,Chicken jalfrezi,"½ large onion roughly chopped 2 garlic cloves chopped 1 green chilli finely chopped vegetable oil for frying 400g can plum tomatoes 1 tbsp ground coriander 1 tbsp ground cumin 1 tsp turmeric 2-3 chicken breasts diced 1 tsp ground cumin 1 tsp ground coriander 1 tsp turmeric ½ large onion sliced 1 red pepper chopped 2 red chillies finely chopped (optional) 2 tsp garam masala handful of fresh, chopped coriander leaves cooked basmati rice or naan bread to serve",284.0,33.0,10.0,13.0,https://www.bbcgoodfood.com/recipes/chicken-jalfrezi,2026-05-12 00:49:59
bbc_good_food,sandwich,chicken sandwich,Honey chicken,"4 chicken breasts (about 600g), trimmed and cut into 2-3cm cubes 2 tbsp plain flour 40g piece of ginger peeled and finely grated 4 garlic cloves finely chopped 6 tbsp soy sauce 5 tbsp honey ½-1 lemon, juiced 1 tbsp sunflower, vegetable, rice bran or rapeseed oil cooked rice and steamed broccoli, to serve (optional)",333.0,36.0,6.0,35.0,https://www.bbcgoodfood.com/recipes/honey-chicken,2026-05-12 00:50:01
bbc_good_food,sandwich,chicken sandwich,Easy chicken casserole,"2 tbsp sunflower oil 400g boneless, skinless chicken thigh trimmed and cut into chunks 1 onion finely chopped 3 carrots finely chopped 3 celery sticks, finely chopped 2 thyme sprigs or &frac12; tsp dried 1 bay leaf fresh or dried 600ml vegetable or chicken stock 2 x 400g / 14oz cans haricot beans drained chopped parsley to serve",348.0,31.0,13.0,20.0,https://www.bbcgoodfood.com/recipes/chicken-white-bean-stew,2026-05-12 00:50:02
bbc_good_food,sandwich,chicken sandwich,Cajun chicken pasta,"1 tbsp olive oil 400g chicken breasts chopped into large chunks 3 garlic cloves finely chopped or grated 2 tbsp Cajun-style seasoning 400g can chopped tomatoes or passata 1 chicken stock cube crumbled 500g penne or another tube- shaped pasta 150ml double cream 20g parmesan finely grated, plus extra to serve ½ lemon juiced chopped parsley to serve (optional)",555.0,28.0,20.0,63.0,https://www.bbcgoodfood.com/recipes/cajun-chicken-one-pot,2026-05-12 00:50:04
bbc_good_food,sandwich,chicken sandwich,Pulled chicken & black bean chilli,"2 tbsp sunflower oil 2 onions sliced 4 boneless, skinless chicken thighs 3 garlic cloves finely chopped 1 tbsp oregano 1 tsp cumin seeds 3 tbsp chipotle in adobo or 1 tsp chipotle paste 350g passata 1⁄2 chicken stock shot or cube 400g can black beans drained but not rinsed 1⁄2 lime juiced cooked rice or tortillas, coriander, feta, lime wedges and chopped red onion, to serve (optional)",256.0,19.0,10.0,18.0,https://www.bbcgoodfood.com/recipes/pulled-chicken-black-bean-chilli,2026-05-12 00:50:08
bbc_good_food,sandwich,chicken sandwich,Chicken stroganoff,"2 tbsp olive oil 4 skinless chicken breasts cut into chunks 2 onions finely chopped 4 garlic cloves crushed 1 tbsp sweet paprika 400ml chicken stock 4 tsp Dijon mustard 2 tbsp Worcestershire sauce 200g soured cream or crème fraiche a large handful of parsley chopped rice mash or pasta, to serve",425.0,43.0,23.0,11.0,https://www.bbcgoodfood.com/recipes/chicken-stroganoff,2026-05-12 00:50:10
bbc_good_food,sandwich,chicken sandwich,Chicken & chorizo ragu,"120g cooking chorizo chopped 1 red onion chopped 2 garlic cloves grated 1 tsp hot smoked paprika 80g sundried tomatoes roughly chopped 600g skinless and boneless chicken thighs 400g can chopped tomatoes 100ml chicken stock 1 lemon juiced jacket potatoes chopped parsley and soured cream, to serve (optional)",420.0,41.0,20.0,16.0,https://www.bbcgoodfood.com/recipes/chicken-chorizo-ragu,2026-05-12 00:50:12
bbc_good_food,sandwich,chicken sandwich,Easy chicken curry,"2 tbsp sunflower oil 1 onion thinly sliced 2 garlic cloves crushed thumb-sized piece of ginger grated 6 chicken thighs boneless and skinless 3 tbsp medium spice paste (tikka works well) 400g can chopped tomatoes 100g Greek yogurt 1 small bunch of coriander leaves chopped 50g ground almonds naan breads or cooked basmati rice, to serve",354.0,24.0,23.0,10.0,https://www.bbcgoodfood.com/recipes/easy-chicken-curry,2026-05-12 00:50:13
bbc_good_food,sandwich,chicken sandwich,Sweet & sour chicken,"sunflower or vegetable oil for frying 100ml soda water chilled 140g self-raising flour 25g cornflour 4 skinless, boneless chicken breasts cut into chunks spring onions finely shredded, to serve 1 red pepper deseeded and chopped into chunks 3 red chillies 1 cut into chunks, 2 halved and deseeded 425g can pineapple chunks, drained and juice reserved 4 star anise 50g tamarind paste 100g caster sugar 100ml rice wine vinegar or Chinese vinegar",654.0,38.0,20.0,82.0,https://www.bbcgoodfood.com/recipes/sweet-sour-chicken,2026-05-12 00:50:14
bbc_good_food,sandwich,grilled cheese sandwich,Cauliflower cheese,"1 large cauliflower (leaves cut off), broken into pieces 500ml milk 4 tbsp flour 50g butter 100g strong cheddar grated 2-3 tbsp breadcrumbs if you have them",299.0,12.0,17.0,22.07,https://www.bbcgoodfood.com/recipes/cauliflower-cheese-0,2026-05-12 00:50:18
bbc_good_food,sandwich,grilled cheese sandwich,Best ever macaroni cheese recipe,"50g baguette cut into small chunks 2 tbsp butter plus 1 tbsp melted 350g spiral or other short pasta 1 garlic clove finely chopped 1 tsp English mustard powder 3 tbsp plain flour 500ml whole milk 250g vegetarian mature cheddar grated 50g parmesan (or vegetarian alternative), grated",884.0,38.0,41.0,87.09,https://www.bbcgoodfood.com/recipes/best-ever-macaroni-cheese-recipe,2026-05-12 00:50:19
bbc_good_food,sandwich,grilled cheese sandwich,Classic cheese scones,225g self-raising flour plus extra for dusting pinch of salt pinch of cayenne pepper 1 tsp baking powder 55g chilled butter cut into cubes 120g mature cheddar grated 90-100ml milk plus 1 tbsp for glazing,300.0,9.0,16.0,30.0,https://www.bbcgoodfood.com/recipes/classic-cheese-scones,2026-05-12 00:50:20
bbc_good_food,sandwich,grilled cheese sandwich,Cheese sauce,"500ml milk 4 tbsp plain flour 50g butter 100g grated strong cheddar (or 50g grated cheddar, 50g crumbled blue cheese)",219.0,8.0,14.0,14.0,https://www.bbcgoodfood.com/recipes/cheese-sauce,2026-05-12 00:50:24
bbc_good_food,sandwich,grilled cheese sandwich,Next-level cauliflower cheese,"1 large cauliflower cut into large florets 2 tbsp olive oil pinch of cayenne pepper 40g vegetarian Italian-style hard cheese finely grated 50g butter 40g plain flour 600ml whole milk 1 tsp mustard powder or English mustard 1 tsp yeast extract (optional) 150g extra mature cheddar most grated, some cubed grating of  nutmeg 3 tbsp  dried breadcrumbs (panko work well) 2 tbsp crispy onions",407.0,17.0,27.0,22.0,https://www.bbcgoodfood.com/recipes/next-level-cauliflower-cheese,2026-05-12 00:50:26
bbc_good_food,sandwich,grilled cheese sandwich,Eggy cheese crumpets,3 eggs 50ml milk 6 crumpets 250g cherry tomatoes halved drizzle of  vegetable oil 40g cheddar grated 2 small ripe  avocados sliced,545.0,26.0,30.0,39.0,https://www.bbcgoodfood.com/recipes/eggy-cheese-crumpets,2026-05-12 00:50:27
bbc_good_food,sandwich,grilled cheese sandwich,Cheese & bacon turnovers,"1 sheet ready-rolled  puff pastry 3 tbsp  soft cheese 1 tsp  Dijon mustard (optional) 6 rashers dry-cured  smoked bacon 100g  mature cheddar gruyère or Swiss cheese, grated 1 egg beaten",366.0,13.0,27.0,17.0,https://www.bbcgoodfood.com/recipes/cheese-bacon-turnovers,2026-05-12 00:50:29
bbc_good_food,sandwich,grilled cheese sandwich,Crispy grilled feta with saucy butter beans,500ml passata 2 x 400g cans  butter beans drained and rinsed 2 garlic cloves crushed 1 tsp dried  oregano plus a pinch 200g spinach 2 roasted red peppers sliced 1⁄2  lemon zested and juiced 100g block of  feta cut into chunks 1⁄2 tsp  olive oil 4 small  pittas,506.0,28.0,9.0,69.0,https://www.bbcgoodfood.com/recipes/crispy-grilled-feta-saucy-butter-beans,2026-05-12 00:50:30
bbc_good_food,sandwich,grilled cheese sandwich,Baked ratatouille & goat’s cheese,"4 tbsp olive oil 2 red onions chopped 2 garlic cloves finely chopped 2 aubergines diced 2 red peppers seeded and diced 1 tsp smoked paprika 2 tbsp balsamic vinegar 1 tsp soy sauce 500ml passata 200g young goat’s cheese 4 courgettes (a mixture of green and yellow looks nice), thinly sliced 400ml milk 50g unsalted butter 50g plain flour 80g parmesan or vegetarian alternative, finely grated",472.0,20.0,31.0,25.0,https://www.bbcgoodfood.com/recipes/baked-ratatouille-goats-cheese,2026-05-12 00:50:33
bbc_good_food,sandwich,grilled cheese sandwich,Fish pie mac ’n’ cheese,"650ml milk 40g plain flour 40g butter 2 tsp Dijon mustard 150g mature  cheddar grated 180g frozen peas handful of  parsley chopped 300g macaroni 300g fish pie mix (smoked fish, white fish and salmon) green salad to serve (optional)",504.0,28.0,22.0,47.0,https://www.bbcgoodfood.com/recipes/fish-pie-mac-n-cheese,2026-05-12 00:50:36
bbc_good_food,sandwich,grilled cheese sandwich,Macaroni cheese lasagne,2 tbsp olive oil 400g lean beef mince 50g smoked pancetta chopped ½ onion finely chopped ½ celery stick finely chopped ½ carrot finely chopped 1 garlic clove crushed 150ml red wine 1 tbsp tomato purée 400g can chopped tomatoes 250ml beef stock 2 bay leaves 1 rosemary sprig 1 tsp sugar 400g macaroni 80g grated mozzarella a few whole basil leaves to serve (optional) 50g butter 50g plain flour 2 tsp English mustard 800ml semi-skimmed milk small grating of nutmeg 100g grated parmesan 100g mature cheddar grated,574.0,33.0,25.0,49.0,https://www.bbcgoodfood.com/recipes/macaroni-cheese-lasagne,2026-05-12 00:50:37
bbc_good_food,sandwich,grilled cheese sandwich,Mushroom and blue cheese gnocchi,2 x 400g packs fresh gnocchi 1 tbsp olive oil knob of butter 1 large onion roughly chopped 500g small Forestière or Portobello mushrooms sliced 2 large garlic cloves chopped 150g pack creamy blue cheese small pack parsley chopped,471.0,16.0,15.0,63.0,https://www.bbcgoodfood.com/recipes/gnocchi-mushrooms-blue-cheese,2026-05-12 00:50:38
bbc_good_food,sandwich,grilled cheese sandwich,Cajun grilled halloumi with lime black-eyed bean salad & guacamole,"1 tsp rapeseed oil ½ tsp dried oregano ½ tsp dried thyme 1 tsp smoked or regular paprika ¼ tsp cayenne pepper 1 garlic clove finely chopped 125g block of halloumi cheese (125g more if using for Open rye sandwich - see 'goes well with') 200g black-eyed bean from a can, drained (or butter or cannellini beans) 2 tomatoes deseeded and diced 85g sweetcorn from a can, drained 2 spring onions trimmed and finely chopped 25g semi-dried tomato in oil from a jar, roughly chopped zest and juice 1 lime small handful coriander finely chopped 1 avocado stoned and peeled ¼ red chilli deseeded and finely chopped ½ tbsp olive oil juice 1 lime small handful coriander finely chopped",488.0,27.0,29.0,30.0,https://www.bbcgoodfood.com/recipes/cajun-grilled-halloumi-lime-black-eyed-bean-salad-guacamole,2026-05-12 00:50:40
bbc_good_food,sandwich,grilled cheese sandwich,"Grilled courgette, bean & cheese quesadilla",1 onion finely chopped 4 tsp olive oil 4 garlic cloves finely chopped 2 tsp ground cumin 1 tbsp tomato purée 400g can  pinto bean drained and rinsed 3 courgettes sliced on the diagonal 175g cheddar grated 1 green chilli finely chopped large handful coriander roughly chopped 8 flour tortillas,509.0,23.0,20.0,56.0,https://www.bbcgoodfood.com/recipes/grilled-courgette-bean-cheese-quesadilla,2026-05-12 00:50:41
bbc_good_food,sandwich,grilled cheese sandwich,Grilled nectarine & burrata salad,"15g unsalted butter 2 tbsp caster sugar 50g whole pecans 3 ripe nectarines stoned and cut into eighths lengthways 4 tbsp extra virgin olive oil plus extra for brushing 2 tbsp balsamic vinegar 1 tsp honey 2 x 100g balls of burrata or vegetarian alternative 70g rocket bunch of  basil leaves, roughly torn pinch of chilli flakes",510.0,9.0,41.0,24.0,https://www.bbcgoodfood.com/recipes/grilled-nectarine-burrata-salad,2026-05-12 00:50:43
bbc_good_food,sandwich,grilled cheese sandwich,Cauliflower cheese soup,"knob of butter 1 large onion finely chopped 1 large cauliflower (about 900g/2lb), leaves trimmed and cut into florets 1 potato peeled and cut into chunks 700ml vegetable stock (from a cube is fine) 400ml milk 100g mature cheddar diced",188.0,13.0,10.0,13.0,https://www.bbcgoodfood.com/recipes/cauliflower-cheese-soup,2026-05-12 00:50:44
bbc_good_food,sandwich,grilled cheese sandwich,Easy carrot cake,"230ml vegetable oil plus extra for the tin 100g natural yogurt 4 large eggs 1½ tsp vanilla extract ½ orange zested 265g self-raising flour 335g light muscovado sugar 2½ tsp ground cinnamon ¼ fresh nutmeg finely grated 265g carrots (about 3), grated 100g sultanas or raisins 100g walnuts or pecans, roughly chopped (optional) 100g slightly salted butter softened 300g icing sugar 100g soft cheese",680.0,8.0,37.0,78.0,https://www.bbcgoodfood.com/recipes/carrot-cake,2026-05-12 00:50:46
bbc_good_food,sandwich,grilled cheese sandwich,Easy cheese & onion pie,"3 onions finely sliced 2 x 320g sheets ready-rolled shortcrust pastry 25g butter (optional) 3 eggs 400g extra-strong mature cheddar grated steamed broccoli, to serve (optional)",627.0,21.0,44.0,34.0,https://www.bbcgoodfood.com/recipes/cheese-onion-pie,2026-05-12 00:50:48
bbc_good_food,sandwich,grilled cheese sandwich,Blueberry cake with cream cheese frosting,175g soft butter 175g golden caster sugar 3 large eggs 225g self-raising flour 1 tsp baking powder 2 tsp vanilla extract 142ml carton soured cream 3 x punnets blueberry 200g full-fat cream cheese 100g icing sugar,469.0,6.0,29.0,50.0,https://www.bbcgoodfood.com/recipes/blueberry-soured-cream-cake-cheesecake-frosting,2026-05-12 00:50:50
bbc_good_food,sandwich,grilled cheese sandwich,Quinoa salad with grilled halloumi,"3 tbsp extra-virgin olive oil 1 small red onion sliced 1 large roasted pepper from a jar, thickly sliced, or a handful of ready-roasted sliced peppers 200g quinoa 500ml vegetable stock small bunch flat-leaf parsley roughly chopped zest and juice 1 lemon large pinch sugar 250g pack halloumi cheese cut into 6 sliced",603.0,28.0,37.0,40.0,https://www.bbcgoodfood.com/recipes/quinoa-salad-grilled-halloumi,2026-05-12 00:50:52
bbc_good_food,sandwich,grilled cheese sandwich,Cheeseboard macaroni cheese,"350g pasta shapes 2 tbsp butter 1 garlic clove crushed 1 tsp mustard powder ½ tsp cayenne pepper (optional) 3 tbsp plain flour 500ml milk 250g mix of cheeses you have around (we used Cheshire, cheddar and camembert), plus extra hard cheese for the topping",760.0,32.0,33.0,80.0,https://www.bbcgoodfood.com/recipes/cheeseboard-macaroni-cheese,2026-05-12 00:50:54
bbc_good_food,sandwich,turkey sandwich,Leftover turkey curry,"sunflower oil onion finely chopped 3 garlic cloves crushed or finely grated thumb-sized piece of ginger peeled and finely grated 1 red chilli deseeded and finely chopped 1 tsp cumin seeds 1 tsp ground coriander ½ tsp paprika ½ tsp  ground turmeric ½ tsp garam masala 1 tbsp tomato purée 400g can passata or chopped tomatoes 1 tbsp mango chutney 100ml double cream 2 tbsp natural yogurt (optional) about 600g leftover roast turkey cut into large chunks chopped coriander toasted flaked almonds, steamed rice and garlic naan breads, to serve",563.0,51.0,34.0,12.0,https://www.bbcgoodfood.com/recipes/turkey-tikka-masala,2026-05-12 00:50:57
bbc_good_food,sandwich,turkey sandwich,Crispy chilli turkey noodles,"2 tbsp sesame oil 500g turkey mince 5cm piece ginger grated 1 large garlic clove crushed 3 tbsp honey 3 tbsp soy sauce 1 tbsp hot sriracha chilli sauce 350g dried udon noodles 2 limes juiced, plus wedges to serve (optional) 2 large carrots peeled and cut into matchsticks 4 spring onions shredded 1 small bunch coriander sliced (optional)",566.0,40.0,8.0,83.0,https://www.bbcgoodfood.com/recipes/crispy-chilli-turkey-noodles,2026-05-12 00:50:59
bbc_good_food,sandwich,turkey sandwich,Mediterranean turkey-stuffed peppers,"2 red peppers (about 220g) 1 ½ tbsp olive oil plus an extra drizzle 240g lean turkey breast mince (under 8% fat) ½ small onion chopped 1 garlic clove grated 1 tsp ground cumin 3-4 mushrooms sliced 400g can chopped tomatoes 1 tbsp tomato purée 1 chicken stock cube handful fresh oregano leaves 60g mozzarella grated 150g green vegetables (spinach, kale, broccoli, mangetout or green beans), to serve",403.0,40.0,19.0,15.0,https://www.bbcgoodfood.com/recipes/mediterranean-turkey-stuffed-peppers,2026-05-12 00:51:00
bbc_good_food,sandwich,turkey sandwich,Turkey bolognese pasta bake,1 tbsp olive oil 2 onions finely chopped 500g turkey mince (thigh is best) 1 garlic clove crushed 2 x 400g cans chopped tomatoes 1 tbsp chipotle paste 300ml chicken stock 400g large pasta shells 250g tub mascarpone 200g cheddar grated 2 tbsp grated parmesan,647.0,41.0,33.0,44.0,https://www.bbcgoodfood.com/recipes/turkey-bolognese-pasta-bake,2026-05-12 00:51:02
bbc_good_food,sandwich,turkey sandwich,Next level turkey & ham pie,"about 600g cooked turkey breast meat carved into slices, brown meat chopped about 600g cooked ham carved into thick slices 75g butter 2 leeks cleaned, halved and finely sliced pinch dried thyme 75g plain flour splash cider vinegar 200ml turkey or chicken stock 250ml double cream 3 tbsp wholegrain mustard 1 tbsp chopped tarragon 500g plain flour plus extra for dusting ½ tsp dried sage 185g cold butter cubed 70g suet 2 egg yolks for glazing",667.0,33.0,41.0,39.0,https://www.bbcgoodfood.com/recipes/ham-turkey-pie,2026-05-12 00:51:04
bbc_good_food,sandwich,turkey sandwich,Healthy turkey meatballs,"1 tbsp rapeseed oil 1 onion finely chopped 2 carrots finely diced 2 celery sticks, finely diced 2 garlic cloves thinly sliced 1 fennel bulb halved and thinly sliced, fronds reserved 500g carton tomato passata 2 tbsp chopped parsley broccoli and potatoes or pasta and salad to serve 400g pack lean turkey breast mince 4 tbsp porridge oats 1 tsp fennel seeds crushed 1 garlic clove crushed spray of oil",314.0,28.0,9.0,24.0,https://www.bbcgoodfood.com/recipes/tasty-turkey-meatballs,2026-05-12 00:51:06
bbc_good_food,sandwich,turkey sandwich,"Roast potato, turkey, sausage & stuffing pie","1 tbsp olive oil or rapeseed oil knob of butter 1 large onion halved and sliced 6 sausages or 8 chipolatas (leftover pigs in blankets are fine too) 2 tsp English mustard powder 50g plain flour 1 chicken stock cube crumbled 150ml white wine 500ml chicken stock or leftover gravy 6 stuffing balls, leftover or shop-bought 300g cooked turkey shredded 1 tbsp wholegrain mustard 100g low-fat crème fraîche small bunch of  parsley chopped 800g leftover roast potatoes 20g mature cheddar grated",605.0,30.0,25.0,57.0,https://www.bbcgoodfood.com/recipes/roast-potato-turkey-sausage-stuffing-pie,2026-05-12 00:51:08
bbc_good_food,sandwich,turkey sandwich,Turkey enchiladas,1 tbsp sunflower oil 500g turkey mince (2% fat) 1 medium onion finely chopped 1 yellow pepper deseeded and thinly sliced 400g can chopped tomatoes 400g can red kidney beans in chilli sauce 1 tbsp fresh lime or lemon juice 2 heaped tbsp roughly chopped coriander plus extra to garnish 6 regular or 8 mini flour tortillas 50g reduced-fat mature cheddar coarsely grated large mixed salad to serve,486.0,44.0,8.0,56.0,https://www.bbcgoodfood.com/recipes/turkey-enchiladas,2026-05-12 00:51:10
bbc_good_food,sandwich,turkey sandwich,Next level roast turkey,"5-6kg oven-ready turkey with the neck, chopped, and giblets included 150g butter 3 garlic cloves finely grated large handful of mixed herbs such as parsley, thyme or bay, leaves picked and chopped, stalks reserved, plus extra thyme and herbs to serve (optional) 2 lemons both halved, 1 juiced 1 onion roughly chopped 2 carrots roughly chopped 2 tbsp plain flour 1 tbsp soy sauce 1 tsp yeast extract large glass of red wine (about 200ml) 500ml chicken or turkey stock",623.0,78.0,31.0,6.0,https://www.bbcgoodfood.com/recipes/next-level-roast-turkey,2026-05-12 00:51:12
bbc_good_food,sandwich,turkey sandwich,Turkey meatloaf,1 tbsp olive oil 1 large onion finely chopped 1 garlic clove crushed 2 tbsp Worcestershire sauce 2 tsp tomato purée plus 1 tbsp for the beans 500g turkey mince (thigh is best) 1 large egg beaten 85g fresh white breadcrumbs 2 tbsp barbecue sauce plus 4 tbsp for the beans 2 x 400g cans cannellini beans 1-2 tbsp roughly chopped parsley,416.0,43.0,6.0,45.0,https://www.bbcgoodfood.com/recipes/turkey-meatloaf,2026-05-12 00:51:14
bbc_good_food,sandwich,turkey sandwich,Turkey & leek pie,"8 rashers smoked streaky bacon chopped 50g butter 2 leeks trimmed, halved and sliced a few  thyme sprigs leaves picked 50g plain flour plus extra for dusting 400ml turkey or chicken stock 100ml double cream or full-fat crème fraîche 1 tbsp wholegrain mustard 600g leftover cooked turkey meat shredded or cut into chunks 175g plain flour plus extra for dusting 1 tbsp mustard powder 125g frozen butter 1 egg beaten",748.0,43.0,49.0,31.0,https://www.bbcgoodfood.com/recipes/turkey-leek-pie,2026-05-12 00:51:16
bbc_good_food,sandwich,turkey sandwich,Turkey meatballs with citrus couscous,500g pack turkey mince 2 tsp each chilli powder ground cumin and ground coriander 1 tsp cinnamon 1 onion coarsely grated zest 1 orange then peeled and orange segments chopped 250g couscous 250ml hot chicken stock 2 tsp olive oil small bunch coriander roughly chopped,433.0,42.0,5.0,53.0,https://www.bbcgoodfood.com/recipes/moroccan-turkey-meatballs-citrus-couscous,2026-05-12 00:51:18
bbc_good_food,sandwich,turkey sandwich,Leftover turkey fricassee,50g butter 100g chestnut or button mushrooms quartered 1 tbsp plain flour 100ml white wine or dry sherry 200ml chicken or turkey stock 150ml double cream or crème fraîche 800g leftover boneless cooked turkey chopped into chunks or shredded small bunch of parsley chopped (optional),707.0,65.0,45.0,5.0,https://www.bbcgoodfood.com/recipes/leftover-turkey-fricassee,2026-05-12 00:51:20
bbc_good_food,sandwich,turkey sandwich,Sumac turkey-stuffed pittas,"300g turkey mince 1 tsp sumac 1 tsp ground cumin 1 garlic clove crushed 1 lemon zested and juiced 1 tbsp olive oil ¼ white cabbage finely sliced small bunch of mint leaves picked and chopped ½ red onion finely sliced ½ cucumber deseeded and chopped 3 tbsp pomegranate seeds 2 large pittas toasted (gluten-free, if needed) dairy-free natural yogurt to serve",505.0,44.0,16.0,43.0,https://www.bbcgoodfood.com/recipes/sumac-turkey-stuffed-pittas,2026-05-12 00:51:21
bbc_good_food,sandwich,turkey sandwich,Slow cooker turkey curry,"1 onion chopped 4 garlic cloves crushed or finely grated thumb-sized piece ginger peeled and finely grated 1 red pepper chopped 350g sweet potatoes peeled and roughly chopped (you can also use carrots, parsnips or other root veg) 700g turkey cut into large pieces (or use the same amount of leftover roasted turkey) 400g can chickpeas drained and rinsed 2 tbsp curry paste (we used balti) 1 tbsp tomato purée 400g can chopped tomatoes 400g can coconut milk small bunch of coriander leaves picked and stalks reserved, both finely chopped 120g spinach (optional) cooked rice to serve",289.0,25.0,12.0,19.0,https://www.bbcgoodfood.com/recipes/slow-cooker-turkey-curry,2026-05-12 00:51:23
bbc_good_food,sandwich,turkey sandwich,Turkey burger with sweet potato wedges,"1 sweet potato (about 190g), cut into wedges 260g turkey breast mince (under 5% fat) 1 red onion diced 2 garlic clove grated 1 egg beaten 1 apple (about 70g), peeled and coarsely grated 1 tbsp dried oregano 1 tbsp paprika 15g coconut oil melted 135g green vegetables (spinach, kale, broccoli, mangetout or green beans)",428.0,40.0,13.0,32.0,https://www.bbcgoodfood.com/recipes/lean-turkey-burger-sweet-potato-wedges,2026-05-12 00:51:25
bbc_good_food,sandwich,turkey sandwich,Turkey stew,"1 tbsp sunflower oil 1 large onion thickly sliced 1 green pepper deseeded and chopped 2 tbsp curry paste (or gluten-free alternative) 2 garlic cloves crushed 400g can  chopped tomatoes 300g leftover turkey diced 300g leftover cooked potato (either boiled or roast), diced 2 tbsp mango chutney small pack  coriander roughly chopped rice or naan bread to serve",294.0,26.0,10.0,26.0,https://www.bbcgoodfood.com/recipes/turkey-potato-curry,2026-05-12 00:51:32
bbc_good_food,sandwich,turkey sandwich,Easy turkey crown,50g butter softened 2kg turkey crown on the bone 1 tsp Chinese five spice or a pinch of ground cloves 4 tbsp honey 1 tbsp Dijon mustard 1 tbsp red wine vinegar,519.0,65.0,22.0,16.0,https://www.bbcgoodfood.com/recipes/easy-turkey-crown,2026-05-12 00:51:34
bbc_good_food,sandwich,turkey sandwich,Turkey ramen,"2 garlic cloves thumb-sized piece ginger sliced, plus a few slices cut into fine matchsticks to serve 1 ½ tbsp white miso paste 1 tbsp goma (white sesame paste) or tahini 15g dried shiitake mushrooms 700g leftover turkey gravy or good-quality chicken stock 2 tbsp soy sauce 2 eggs at room temperature 150g ramen noodles (egg, rice or udon noodles will all work too) 200g leftover turkey meat, shredded 2 spring onions finely sliced, white and green parts kept separate 1 lime halved 25g ready-to-eat beansprouts sesame oil sriracha, chopped coriander, crushed peanuts, crumbled sheets of nori or dried chilli threads (silgochu), to serve (optional)",656.0,61.0,16.0,64.0,https://www.bbcgoodfood.com/recipes/turkey-ramen,2026-05-12 00:51:36
bbc_good_food,sushi,sushi,How to make cauliflower rice,1 medium cauliflower good handful coriander chopped cumin seeds toasted (optional),58.0,5.0,1.0,4.0,https://www.bbcgoodfood.com/recipes/cauliflower-rice,2026-05-12 00:52:06
bbc_good_food,sushi,sushi,Bokkeumbap,2 eggs 1 tbsp plus 1 tsp  vegetable oil 100g  Spam finely chopped (or use ham or bacon) 1 carrot finely chopped 3 spring onions finely chopped 1 small  garlic clove minced or finely grated (about ¼ tsp) 300g cooked sushi rice 2½ tsp  soy sauce 2 tsp  sesame oil,553.0,17.0,33.0,46.0,https://www.bbcgoodfood.com/recipes/bokkeumbap,2026-05-12 00:52:08
bbc_good_food,sushi,sushi,Veggie okonomiyaki,"3 large eggs 50g plain flour 50ml milk 4 spring onions trimmed and sliced 1 pak choi sliced 200g Savoy cabbage shredded 1 red chilli deseeded and finely chopped, plus extra to serve ½ tbsp low-salt soy sauce ½ tbsp rapeseed oil 1 heaped tbsp  low-fat mayonnaise ½  lime juiced sushi ginger to serve (optional) wasabi to serve (optional)",312.0,15.0,15.0,29.0,https://www.bbcgoodfood.com/recipes/veggie-okonomiyaki,2026-05-12 00:52:10
bbc_good_food,sushi,sushi,Classic California roll,"50g fresh, sushi-grade salmon fillet 1cm thick, skinned and boned (ask your fishmonger to do this for you) 1 sheet of  nori 1 handful  cooked sushi rice roughly 80g 1 tbsp tobiko (flying fish roe) or masago (capelin roe), alternatively black or white sesame seeds wasabi (optional) ½ avocado stoned and skin removed, sliced into 1cm pieces 40g white crabmeat",176.0,13.0,8.0,11.0,https://www.bbcgoodfood.com/recipes/classic-california-roll,2026-05-12 00:52:12
bbc_good_food,sushi,sushi,Pickled ginger,100g ginger peeled and very finely sliced 3 radishes thinly sliced (optional to create a pink colour) 80g caster sugar 75ml rice wine vinegar,16.0,0.1,,4.0,https://www.bbcgoodfood.com/recipes/pickled-ginger,2026-05-12 00:52:13
bbc_good_food,sushi,sushi,Poke bowl,"120g sushi rice 2 tsp rice wine vinegar 4 tbsp mayonnaise 1 tsp shichimi togarashi 200g freshest sushi-grade tuna (ask your fishmonger for the thickest slice possible) 1 tbsp sesame oil 2 tbsp soy sauce juice ½ lime plus 2 wedges for serving 1-2 tsp chilli flakes 1 avocado halved and sliced 10 cherry tomatoes (approx 100g), halved 1 sheet nori cut into pieces 30g macadamia nut roughly chopped 2 spring onions thinly sliced diagonally",839.0,34.0,53.0,54.0,https://www.bbcgoodfood.com/recipes/poke-bowl,2026-05-12 00:52:15
bbc_good_food,sushi,sushi,Seared tuna steak,2 thick tuna steaks olive oil for brushing,225.0,44.0,6.0,,https://www.bbcgoodfood.com/recipes/seared-tuna-steak,2026-05-12 00:52:17
bbc_good_food,sushi,sushi,Veggie yaki udon,"1½ tbsp sesame oil 1 red onion cut into thin wedges 160g mangetout 70g baby corn halved 2 baby pak choi quartered 3 spring onions sliced 1 large garlic clove crushed ½ tbsp mild curry powder or use 1 tsp garam masala 4 tsp low-salt soy sauce 300g ready-to-cook udon noodles 1 tbsp pickled sushi ginger chopped, plus 2 tbsp of the brine, optional",366.0,15.0,9.0,51.0,https://www.bbcgoodfood.com/recipes/veggie-yaki-udon,2026-05-12 00:52:20
bbc_good_food,sushi,sushi,Korean bibimbap,1 chestnut mushroom finely sliced ½ courgette halved and finely sliced ¼ carrot cut into think matchsticks 40g beansprouts 30g spinach ¼ tsp  sesame oil plus extra to serve ½ tsp  sesame seeds plus extra to serve 2 tbsp  vegetable oil 1 egg 150g cooked sushi rice 2 tbsp  gochujang (Korean red pepper paste) 1 tsp  sesame seeds 1 tsp  caster sugar ½ tsp  sesame oil,587.0,26.0,25.0,61.0,https://www.bbcgoodfood.com/recipes/korean-bibimbap,2026-05-12 00:52:22
bbc_good_food,sushi,sushi roll,Easy bread rolls,500g strong white bread flour plus extra for dusting 7g sachet fast action yeast 1 tsp white caster sugar 2 tsp fine salt 1 tsp sunflower oil plus extra for the work surface and bowl,246.0,8.0,2.0,48.0,https://www.bbcgoodfood.com/recipes/easy-bread-rolls,2026-05-12 00:52:24
bbc_good_food,sushi,sushi roll,Cinnamon rolls,"500g strong white bread flour plus extra for dusting 7g sachet fast-action dried yeast 1 tsp ground cinnamon 50g golden caster sugar 200ml warm milk 2 eggs 100g butter softened, plus extra for the tin 2 tbsp golden syrup 150g light brown soft sugar 2 tbsp ground cinnamon 125g butter at room temperature 50g soft cheese 50g icing sugar ¼ tsp vanilla extract",415.0,8.0,18.0,55.0,https://www.bbcgoodfood.com/recipes/next-level-cinnamon-rolls,2026-05-12 00:52:25
bbc_good_food,sushi,sushi roll,Easy sausage rolls,"375g all-butter puff pastry flour for dusting 2 tbsp apple sauce pickle or chutney 400g sausagemeat or sausages, skins removed 1 egg beaten 2 tsp sesame seeds or nigella seeds (optional)",235.0,6.0,17.0,14.0,https://www.bbcgoodfood.com/recipes/super-sausage-rolls,2026-05-12 00:52:27
bbc_good_food,sushi,sushi roll,Easy cinnamon rolls,"300g self-raising flour 2 tbsp caster sugar 1 tsp ground cinnamon 70g butter melted, plus extra for greasing 2 egg yolks 130ml milk plus extra for glazing 1 tsp ground cinnamon 55g light brown soft sugar 2 tbsp caster sugar 40g butter melted 60g icing sugar 1 tbsp cream cheese softened ½ tbsp butter softened ½ tsp vanilla essence",433.0,6.0,17.0,62.0,https://www.bbcgoodfood.com/recipes/cinnamon-rolls,2026-05-12 00:52:28
bbc_good_food,sushi,sushi roll,Vegetarian sausage rolls,200g chestnut mushrooms 3 tbsp olive oil 2 leeks finely chopped 2 large garlic cloves crushed 1 tbsp sage finely chopped 1 tbsp brown rice miso 2 tsp Dijon mustard 30g chestnuts very finely chopped 60g mature cheddar grated 70g fresh white breadcrumbs 1 x 320g sheet ready rolled all butter puff pastry 1 medium egg light beaten to glaze,286.0,8.0,18.0,21.0,https://www.bbcgoodfood.com/recipes/vegetarian-sausage-rolls,2026-05-12 00:52:30
bbc_good_food,sushi,sushi roll,Puff pastry cinnamon rolls,1½ tbsp  ground cinnamon 3 tbsp  caster sugar 320g ready-rolled  puff pastry plain flour for dusting 1 medium  egg beaten 50g  icing sugar,149.0,2.0,7.0,18.0,https://www.bbcgoodfood.com/recipes/puff-pastry-cinnamon-rolls,2026-05-12 00:52:32
bbc_good_food,sushi,sushi roll,Caramelised onion & thyme sausage rolls,6 pork sausages 2 tbsp caramelised onion  chutney 1 tsp wholegrain mustard 1 tbsp chopped thyme 320g sheet puff pastry 1 beaten egg ½ tbsp poppy seeds,273.0,7.0,19.0,18.0,https://www.bbcgoodfood.com/recipes/caramelised-onion-thyme-sausage-rolls,2026-05-12 00:52:34
bbc_good_food,sushi,sushi roll,Christmas dinner sausage roll,375g ready-rolled puff pastry 2 heaped tbsp cranberry sauce 200g turkey thigh mince 50g dried stuffing mix 6 chipolatas 1 egg beaten 16 sage leaves gravy to serve,161.0,6.0,10.0,12.0,https://www.bbcgoodfood.com/recipes/christmas-dinner-sausage-roll,2026-05-12 00:52:37
bbc_good_food,sushi,sushi roll,Cheese & Marmite sausage rolls,"375g block all-butter puff pastry plain flour for dusting 2-3 tbsp Marmite depending on how much you like it 85g extra mature cheddar grated 400g sausagemeat or pork sausages (the best you can afford), skins removed and meat squeezed out 1 egg beaten",200.0,7.0,14.0,10.0,https://www.bbcgoodfood.com/recipes/cheese-marmite-sausage-rolls,2026-05-12 00:52:39
bbc_good_food,sushi,sushi roll,Mini sausage rolls,½ small garlic clove handful of parsley chopped 400g sausagemeat or sausages 375g pack ready-rolled puff pastry 1 beaten egg to glaze,136.0,4.0,10.0,9.0,https://www.bbcgoodfood.com/recipes/mini-sausage-rolls,2026-05-12 00:52:41
bbc_good_food,sushi,sushi roll,Boerie roll,500g boerewors sausage 6 brioche hot dog buns American mustard to serve (optional) 2 tbsp rapeseed oil 300g white onion finely chopped 1 tsp garlic purée 5g thyme leaves picked 2 bay leaves 50g caster sugar 2 tbsp malt vinegar 100ml lager 100ml tomato ketchup 50ml malt vinegar 1 tsp Worcestershire sauce 100g smooth tomato chilli chutney ½ large red onion thinly sliced 200g red wine vinegar 100g caster sugar 1 bay leaf,566.0,16.0,25.0,66.0,https://www.bbcgoodfood.com/recipes/boerie-roll,2026-05-12 00:52:42
bbc_good_food,sushi,sushi roll,Sausage roll wreath,12 pork sausages 8 sage leaves sliced 1 small red onion finely chopped 500g block puff pastry plain flour for dusting 3 tbsp red onion chutney 1 egg beaten 1 tbsp nigella seeds (optional),369.0,9.0,26.0,24.0,https://www.bbcgoodfood.com/recipes/sausage-roll-wreath,2026-05-12 00:52:45
bbc_good_food,sushi,sushi roll,Vegan sausage rolls,"250g chestnut mushrooms 3 tbsp olive oil 2 leeks finely chopped 2 large garlic cloves crushed 1 tbsp finely chopped sage leaves 1 tbsp brown rice miso 2 tsp Dijon mustard 30g chestnuts very finely chopped 70g fresh white breadcrumbs 1 x 320g sheet ready-rolled puff pastry (not the all-butter version) plain flour for dusting dairy-free milk (like soya milk), to glaze",326.0,7.0,20.0,27.0,https://www.bbcgoodfood.com/recipes/vegan-sausage-rolls,2026-05-12 00:52:47
bbc_good_food,sushi,sushi roll,Next level sausage rolls,"800g sausagemeat 100g sage & onion stuffing mixture 1 egg beaten English mustard ketchup or brown sauce, to serve 250g pack  butter frozen 400g plain flour (or 350g plain flour and 50g white rye flour), plus extra for dusting 1 tsp English mustard powder 1 tbsp cider or white wine vinegar",805.0,19.0,55.0,55.0,https://www.bbcgoodfood.com/recipes/next-level-sausage-rolls,2026-05-12 00:52:48
bbc_good_food,sushi,sushi roll,Chestnut & cranberry roll,"1 tbsp olive oil 1 onion finely chopped 2 Bramley apples approx 140/5oz each, peeled 3 x 450g/1lb packs good-quality pork sausage 2 x 200g/7oz packs vacuum-packed chestnuts roughly chopped small bunch parsley leaves roughly chopped small bunch sage leaves roughly chopped small bunch thyme leaves stripped 1 egg 100g white breadcrumb 175g fresh or frozen cranberry 24 rashers streaky bacon butter for greasing",291.0,14.0,18.0,20.0,https://www.bbcgoodfood.com/recipes/chestnut-cranberry-roll,2026-05-12 00:52:50
bbc_good_food,sushi,sushi roll,Swiss roll,butter to grease 2 large eggs 50g caster sugar plus extra 2 tbsp to dust ½tsp vanilla extract 50g plain flour sieved 100g strawberry jam,162.0,4.0,3.0,31.0,https://www.bbcgoodfood.com/recipes/swiss-roll,2026-05-12 00:52:52
bbc_good_food,sushi,sushi roll,Aubergine rolls with spinach & ricotta,2 aubergines cut into thin slices lengthways 2 tbsp olive oil 500g spinach 250g tub ricotta grating of  nutmeg 350g jar tomato sauce 4 tbsp fresh breadcrumb 4 tbsp parmesan (or vegetarian alternative),376.0,20.0,23.0,23.0,https://www.bbcgoodfood.com/recipes/aubergine-rolls-spinach-ricotta,2026-05-12 00:52:54
bbc_good_food,sushi,california roll,California quinoa & avocado salad,"250g butternut squash chopped into small chunks 2 tbsp olive oil or rapeseed oil 120g pack thin-stemmed broccoli cut into small pieces 250g pouch cooked quinoa small handful coriander leaves picked and chopped small handful mint leaves picked and chopped 4 spring onions finely sliced on an angle 50g pomegranate seeds 20g pistachios roughly chopped 1 small ripe avocado juice ½ lemon handful sprouts (alfalfa or china rose sprouts are nice) or baby herb leaves 1 tbsp tahini ½ small ripe avocado stoned, peeled and roughly chopped small handful coriander leaves picked small handful mint leaves picked zest and juice ½ lemon 2 tsp clear honey or maple syrup",740.0,18.0,44.0,59.0,https://www.bbcgoodfood.com/recipes/california-quinoa-avocado-salad,2026-05-12 00:52:56
bbc_good_food,sushi,california roll,Air fryer cinnamon rolls,125g plain flour plus extra to dust 125g strong white bread flour ½ x 7g sachet  fast-action dried yeast 1 tbsp caster sugar 125ml whole milk 25g butter 1 egg 50g light brown soft sugar 1 tsp vanilla extract ½ tbsp cinnamon 25g butter softened 40g butter softened 50g soft cheese 75g icing sugar ½ tsp  vanilla extract,267.0,4.0,15.0,27.0,https://www.bbcgoodfood.com/recipes/air-fryer-cinnamon-rolls,2026-05-12 00:52:58
bbc_good_food,sushi,california roll,Chocolate Swiss roll,"60g self-raising flour 3 tbsp  cocoa powder 3 eggs 75g  golden caster sugar plus extra for scattering 200ml  double cream ½ tsp  vanilla extract 50g  icing sugar sifted, plus extra to serve",332.0,6.0,21.0,29.0,https://www.bbcgoodfood.com/recipes/chocolate-swiss-roll,2026-05-12 00:53:00
bbc_good_food,sushi,california roll,Cinnamon roll pancakes,145g self-raising flour 1 tsp baking powder 1 tbsp golden caster sugar 1 tsp cinnamon 2 eggs 40g butter melted 140ml milk 3 tbsp light brown soft sugar 1 tbsp maple syrup plus extra to serve (optional) 1 tbsp vegetable oil 6 tbsp toffee or caramel yogurt to serve (optional),153.0,3.0,6.0,21.0,https://www.bbcgoodfood.com/recipes/cinnamon-roll-pancakes,2026-05-12 00:53:01
bbc_good_food,sushi,california roll,Nduja sausage rolls,500g pork sausages or sausagemeat 40g fresh white breadcrumbs 50g nduja 3 pickled onions finely chopped 50g cheddar cut into small cubes 375g packet ready-rolled puff pastry 1 egg beaten 2 tsp fennel seeds,302.0,8.0,22.0,16.0,https://www.bbcgoodfood.com/recipes/nduja-sausage-rolls,2026-05-12 00:53:03
bbc_good_food,sushi,california roll,Summer sausage rolls,"2 large skinless chicken breasts 1 garlic clove crushed 3 rashers streaky bacon thinly sliced 4 sundried tomatoes chopped handful basil leaves, chopped 375g/13oz pack ready-rolled puff pastry flour for dusting 1 egg yolk beaten 25g sesame seeds",119.0,6.0,8.0,6.0,https://www.bbcgoodfood.com/recipes/summer-sausage-rolls,2026-05-12 00:53:04
bbc_good_food,sushi,california roll,Sweet potato & caramelised onion rolls,2 medium sweet potatoes (650g) 2 tbsp olive oil 3 red onions finely sliced 2 garlic cloves crushed 2 tbsp harissa paste 1 tbsp tomato purée ½ small bunch of coriander finely chopped 320g sheet ready-rolled puff pastry (check the label to ensure it is vegan) dairy-free milk for glazing 1 tsp nigella seeds,193.0,3.0,9.0,23.0,https://www.bbcgoodfood.com/recipes/sweet-potato-caramelised-onion-rolls,2026-05-12 00:53:06
bbc_good_food,sushi,california roll,Omelette roll-up,1 large egg a little rapeseed or olive oil for frying 2 tbsp tomato salsa about 1 tbsp fresh coriander,133.0,9.0,10.0,2.0,https://www.bbcgoodfood.com/recipes/mexican-egg-roll,2026-05-12 00:53:08
bbc_good_food,sushi,california roll,Nut roast rolls,"2 tsp olive oil 1 onion finely chopped 200g chestnut mushrooms chopped 5 sage leaves finely chopped 5 thyme sprigs leaves picked 250g pouch cooked puy lentils 50g fresh breadcrumbs 80g grated mature cheddar 1 egg beaten 75g mixed nuts (we used cashews, pecans and almonds) grating of nutmeg 320g ready-rolled puff pastry",173.0,6.0,11.0,12.0,https://www.bbcgoodfood.com/recipes/nut-roast-rolls,2026-05-12 00:53:10
bbc_good_food,sushi,tuna roll,"Tuna, caper & chilli spaghetti","150g spaghetti or linguine 1 tbsp olive oil 1 garlic clove sliced 1 red chilli deseeded and finely chopped, plus extra to serve (optional) 1 tbsp drained capers small bunch of parsley finely chopped (stalks included) 145g tuna in spring water, drained 90g rocket or baby spinach leaves ½ lemon juiced",409.0,23.0,9.0,57.0,https://www.bbcgoodfood.com/recipes/tuna-caper-chilli-spaghetti,2026-05-12 00:53:12
bbc_good_food,sushi,tuna roll,"Tuna, asparagus & white bean salad","1 large bunch asparagus 2 x cans tuna steaks in water, drained 2 x cans cannellini beans in water, drained 1 red onion very finely chopped 2 tbsp capers 1 tbsp olive oil 1 tbsp red wine vinegar 2 tbsp tarragon finely chopped",245.0,24.0,5.0,23.0,https://www.bbcgoodfood.com/recipes/tuna-asparagus-white-bean-salad,2026-05-12 00:53:13
bbc_good_food,sushi,tuna roll,Tuna pasta bake,600g/1lb 5oz rigatoni 50g/2oz butter 50g/2oz plain flour 600ml/1 pint milk 250g/9oz strong cheddar grated 2 x 160g cans tuna steak in spring water drained 330g can sweetcorn drained large handful chopped parsley,765.0,37.0,28.0,89.0,https://www.bbcgoodfood.com/recipes/tuna-pasta-bake,2026-05-12 00:53:15
bbc_good_food,sushi,tuna roll,"Lemony tuna, tomato & caper one-pot pasta","2 tbsp olive oil 1 red onion finely chopped 500g cherry tomatoes halved 400g dried pasta (we used rigatoni) 1l hot vegetable stock 2 x 110g cans tuna in olive oil, drained 3 tbsp mascarpone 30g parmesan grated 2 heaped tbsp capers ½ lemon zested small bunch parsley finely chopped",672.0,29.0,23.0,83.0,https://www.bbcgoodfood.com/recipes/lemony-tuna-tomato-caper-one-pot-pasta,2026-05-12 00:53:17
bbc_good_food,sushi,tuna roll,Lentil & tuna salad,"2 tbsp sherry vinegar 1 tsp Dijon mustard 2 garlic cloves finely grated 50ml olive oil 2 x 250g pouches ready-cooked puy lentils 2 x 160g cans tuna steaks in spring water, drained and flaked 160g cherry tomatoes halved (about 10) 2 ready-roasted peppers chopped handful of parsley finely chopped ½ small bunch of chives finely chopped, plus extra to garnish",374.0,28.0,15.0,26.0,https://www.bbcgoodfood.com/recipes/lentil-tuna-salad,2026-05-12 00:53:19
bbc_good_food,sushi,tuna roll,Tuna pasta salad,250g wholemeal penne 240g bio yogurt 2 tsp English mustard powder 2 tbsp extra virgin olive oil 4tsp apple cider vinegar 1 red onion finely chopped handful of basil leaves finely chopped 320g tuna in spring water 2 red peppers deseeded and diced 340g can sweetcorn drained,444.0,25.0,12.0,54.0,https://www.bbcgoodfood.com/recipes/pasta-salad-with-tuna-mayo,2026-05-12 00:53:20
bbc_good_food,sushi,tuna roll,Air fryer tuna pasta bake,"1 tbsp olive oil 1 small  onion finely chopped 2  garlic cloves finely chopped 400g can chopped tomatoes ½ tsp chilli flakes (optional) 150g pasta of your choice, cooked following pack instructions 145-165g can  tuna in olive oil, drained 50g grated mozzarella 2 tbsp chopped parsley",526.0,30.0,15.0,64.0,https://www.bbcgoodfood.com/recipes/air-fryer-tuna-pasta-bake,2026-05-12 00:53:22
bbc_good_food,sushi,tuna roll,"Spicy tuna, courgette & chickpea salad","1 lemon zested and juiced 15g parsley finely chopped 10g basil finely chopped 2 garlic cloves crushed 1 tbsp capers rinsed and finely chopped 1 red chilli (deseeded, if you prefer less heat), finely chopped 160g can tuna in olive oil 2 courgettes thinly sliced 2 x 400g cans  chickpeas drained and rinsed",266.0,17.0,11.0,20.0,https://www.bbcgoodfood.com/recipes/spicy-tuna-courgette-chickpea-salad,2026-05-12 00:53:24
bbc_good_food,sushi,tuna roll,Gluten-free tuna pasta bake,"2 tbsp garlic-infused oil 1 red pepper cut into 1cm cubes 1 yellow pepper cut into 1cm cubes 500ml gluten-free penne 400g can chopped tomatoes 500ml gluten-free vegetable stock 2 tbsp tomato purée 3 x 145g cans  tuna in spring water, drained large handful of baby spinach roughly chopped 50g extra mature cheddar grated small handful of  chives finely chopped 4 tbsp (35g)  butter 3 tbsp (35g)  gluten-free plain flour 500ml milk 75g extra mature cheddar grated 1 tsp wholegrain mustard (optional)",758.0,38.0,29.0,82.0,https://www.bbcgoodfood.com/recipes/gluten-free-tuna-pasta-bake,2026-05-12 00:53:25
bbc_good_food,sushi,tuna roll,Italian tuna balls,"2 160g cans of  tuna in sunflower or olive oil, drained (reserve a little oil) small handful of  pine nuts freshly grated zest 1 lemon small handful parsley leaves, roughly chopped 50g  fresh  breadcrumb 1 egg beaten 400g spaghetti 500g jar pasta sauce",594.0,35.0,12.0,92.0,https://www.bbcgoodfood.com/recipes/italian-tuna-balls,2026-05-12 00:53:27
bbc_good_food,sushi,tuna roll,Tuna pasta,350g pasta shells 200g pack trimmed fine beans cut into short lengths 200g can tuna in oil 1 lemon zested 1 heaped tbsp small capers generous pinch of  chilli flakes olive oil for drizzling,401.0,23.0,6.0,68.0,https://www.bbcgoodfood.com/recipes/tuna-lemon-pasta,2026-05-12 00:53:28
bbc_good_food,sushi,tuna roll,Tuna & caper orzo with parsley,"350g orzo 60ml olive oil plus a drizzle for the rocket 2 garlic cloves crushed 1 red chilli deseeded and finely chopped 4 tbsp capers drained 1 small bunch parsley finely chopped, a few leaves reserved to serve 270g pack cherry tomatoes halved 200g can sustainably fished tuna in olive oil 1 lemon juiced rocket to serve",374.0,22.0,19.0,27.0,https://www.bbcgoodfood.com/recipes/tuna-caper-orzo-parsley,2026-05-12 00:53:30
bbc_good_food,sushi,tuna roll,Tuna & sundried tomato pasta bake,"500g dried rigatoni (or any other short pasta) 2 x 400g cans chopped tomatoes 4 thyme sprigs leaves only 300ml double cream 280g jar sundried tomatoes drained and quartered 198g can  no-added-salt sweetcorn drained 3 x 120g cans tuna in spring water, drained 100g cheddar grated 50g parmesan grated",813.0,33.0,38.0,78.0,https://www.bbcgoodfood.com/recipes/tuna-sundried-tomato-pasta-bake,2026-05-12 00:53:32
bbc_good_food,sushi,tuna roll,Soy-baked potatoes with tuna sriracha mayo,"4 large baking potatoes 3 x 135g cans tuna chunks in brine, drained 2 tbsp mayonnaise 2 ½ tbsp natural yogurt 4 spring onions thinly sliced 1 thumb-sized piece of ginger peeled and finely grated 1 lemon juiced 2 tsp sriracha or hot sauce 3 pickled gherkins finely chopped (optional) 2 tbsp reduced-salt soy sauce 320g spinach 1 tbsp extra virgin olive oil 2 tbsp cider vinegar ¼ tsp wholegrain mustard",434.0,29.0,11.0,52.0,https://www.bbcgoodfood.com/recipes/soy-baked-potatoes-with-tuna-sriracha-mayo,2026-05-12 00:53:34
bbc_good_food,sushi,tuna roll,"Tuna, avocado & quinoa salad","100g quinoa 3 tbsp extra virgin olive oil juice 1 lemon ½ tbsp white wine vinegar 120g can tuna drained 1 avocado stoned, peeled and cut into chunks 200g cherry tomatoes on the vine, halved 50g feta crumbled 50g baby spinach 2 tbsp mixed seeds toasted",663.0,28.0,44.0,34.0,https://www.bbcgoodfood.com/recipes/tuna-avocado-quinoa-salad,2026-05-12 00:53:36
bbc_good_food,sushi,tuna roll,"Tuna, olive & spinach spaghetti","240g wholemeal spaghetti 1 tsp olive oil 1 red onion thinly sliced 2 x 110g cans tuna in olive oil, drained 50g black olives sliced 1 lemon zested and juiced 160g baby spinach 1 tbsp chopped dill 1 tbsp chopped parsley",329.0,18.0,8.0,41.0,https://www.bbcgoodfood.com/recipes/tuna-olive-spinach-spaghetti,2026-05-12 00:53:38
bbc_good_food,sushi,tuna roll,Tuna & sweetcorn slice,"320g pack ready-rolled puff pastry 185g can tuna in spring water, drained and flaked 325g can  sweetcorn drained 3 tbsp crème fraîche 50g cheddar grated a few  chives snipped to 1cm lengths",463.0,18.0,30.0,29.0,https://www.bbcgoodfood.com/recipes/tuna-sweetcorn-slice,2026-05-12 00:53:40
bbc_good_food,sushi,tuna roll,"Pesto, cannellini bean & tuna jackets","2 sweet potatoes ½ x 400g can cannellini beans drained 2 tbsp fresh pesto 2 tbsp cream cheese 100g can tuna in water, drained ½ red onion finely chopped 1 lemon zested 25g pine nuts toasted small handful basil leaves",393.0,11.0,12.0,55.0,https://www.bbcgoodfood.com/recipes/pesto-cannellini-bean-tuna-jackets,2026-05-12 00:53:42
bbc_good_food,sushi,salmon roll,Double salmon roll,160g pack hot-smoked salmon 2 tsp hot horseradish juice half lemon 200g tub full-fat soft cheese half 30g/1oz bag chives finely snipped 400g sliced smoked salmon 200g bag mixed leaves half 30g/1oz bag chives thickly snipped your favourite dressing melba toast to serve,327.0,24.0,26.0,,https://www.bbcgoodfood.com/recipes/double-salmon-roll,2026-05-12 00:53:44
bbc_good_food,sushi,salmon roll,"Creamy salmon, leek & potato traybake","250g baby potatoes thickly sliced 2 tbsp olive oil 1 leek halved, washed and sliced 1 garlic clove crushed 70ml double cream 1 tbsp capers plus extra to serve 1 tbsp chives plus extra to serve 2 skinless salmon fillets mixed rocket salad to serve (optional)",696.0,39.0,50.0,19.0,https://www.bbcgoodfood.com/recipes/creamy-salmon-leek-potato-traybake,2026-05-12 00:53:46
bbc_good_food,sushi,salmon roll,Air fryer salmon,"1 tsp  salt 1 tsp  pepper 1 tsp  mixed herbs 1 tsp  garlic granules (optional) 4 salmon fillets (we used 4 x 130g fillets), skin on or removed ½ tbsp  olive oil cooked seasonal greens and grains such as quinoa or brown rice, to serve (optional)",264.0,27.0,17.0,0.1,https://www.bbcgoodfood.com/recipes/air-fryer-salmon,2026-05-12 00:53:47
bbc_good_food,sushi,salmon roll,Pasta with salmon & peas,"240g wholewheat fusilli knob of butter 1 large shallot finely chopped 140g frozen peas 2 skinless salmon fillets, cut into chunks 140g low-fat crème fraîche ½ low-salt vegetable stock cube small bunch of chives snipped",463.0,25.0,19.0,44.0,https://www.bbcgoodfood.com/recipes/pasta-salmon-peas,2026-05-12 00:53:49
bbc_good_food,sushi,salmon roll,Super-easy salmon fishcakes,1 tbsp neutral oil such as vegetable plus extra for forming the fishcakes 4 salmon fillets (around 400g) 800g potatoes mashed and cooled 10g dill finely chopped 10g coriander finely chopped 10g chives finely chopped 2 tsp chilli flakes (or to taste) 2 tsp garam marsala 1 egg 100g golden breadcrumbs lemon wedges and lettuce leaves to serve,275.0,15.0,13.0,25.0,https://www.bbcgoodfood.com/recipes/super-easy-salmon-fishcakes,2026-05-12 00:53:51
bbc_good_food,sushi,salmon roll,Teriyaki salmon,"2 skinless salmon fillets 1 tbsp sweet chilli sauce 1 tbsp honey 1 tsp sesame oil 1 tbsp mirin or dry sherry 2 tbsp soy sauce 2 tsp finely grated ginger brown rice or noodles, to serve (optional) 2 large  pak choi (about 250g) 2 tsp vegetable oil 2 tsp sesame oil 3 garlic cloves grated 75ml fish or vegetable stock 2 tsp toasted sesame seeds for sprinkling",517.0,41.0,30.0,17.0,https://www.bbcgoodfood.com/recipes/teriyaki-salmon-sesame-pak-choi,2026-05-12 00:53:53
bbc_good_food,sushi,salmon roll,Spiced salmon with traybaked sag aloo,"1kg floury potatoes such as Maris Piper, peeled and cut into 2cm chunks olive oil for roasting 1 tsp turmeric 2 tsp ground cumin 1 tsp chilli flakes 200g spinach 1 x 500g salmon fillets 2 tbsp tandoori or tikka spice paste 100ml double cream lemon wedge to serve",610.0,33.0,35.0,39.0,https://www.bbcgoodfood.com/recipes/spiced-salmon-traybaked-sag-aloo,2026-05-12 00:53:54
bbc_good_food,sushi,salmon roll,Teriyaki salmon parcels,"2 tbsp low-salt soy sauce 1 tbsp clear honey 1 garlic clove finely chopped 1 tbsp mirin (optional) a little sunflower oil 300g long-stem broccoli 4 x 100g salmon fillets 1 small piece of ginger cut into matchsticks a little sesame oil (optional) sliced spring onions toasted sesame seeds and cooked rice, to serve",257.0,25.0,13.0,8.0,https://www.bbcgoodfood.com/recipes/teriyaki-salmon-parcels,2026-05-12 00:53:56
bbc_good_food,sushi,salmon roll,"Sesame salmon, purple sprouting broccoli & sweet potato mash",1 ½ tbsp sesame oil 1 tbsp low-salt soy sauce thumb-sized piece ginger grated 1 garlic clove crushed 1 tsp honey 2 sweet potatoes scrubbed and cut into wedges 1 lime cut into wedges 2 salmon fillets 250g purple sprouting broccoli 1 tbsp sesame seeds 1 red chilli thinly sliced (deseeded if you don't like it too hot),463.0,32.0,22.0,29.0,https://www.bbcgoodfood.com/recipes/sesame-salmon-purple-sprouting-broccoli-sweet-potato-mash,2026-05-12 00:53:58
bbc_good_food,sushi,salmon roll,Salmon en croûte,"50g flaky sea salt 25g demerara sugar 2 x 500g  skinless, boneless salmon fillets 75g watercress chopped 200g cream cheese 2 tbsp fresh dill sprigs, chopped 1 lemon zested and juiced pinch smoked salt (optional) 500g block all-butter puff pastry flour for dusting 2 eggs yolks only, beaten 1 cucumber peeled, halved, deseeded and sliced 1 red onion finely sliced 100ml cider vinegar 1 tbsp sugar",619.0,32.0,43.0,24.0,https://www.bbcgoodfood.com/recipes/salmon-en-croute,2026-05-12 00:53:59
bbc_good_food,sushi,salmon roll,Salmon stir-fry,2 x 100g salmon fillets (plus 2 more 100g salmon fillets if cooking for Flaked salmon salad lunch - see 'goes well with') 2 tsp reduced salt tamari or soy sauce 2cm piece ginger peeled and finely chopped or grated 1 garlic clove finely chopped 2 tbsp lemon or lime juice 1 tsp sesame oil 85g vermicelli rice noodle 2 tsp rapeseed oil 1 tsp sesame oil 1 spring onion trimmed and thinly sliced 1 garlic clove finely chopped ½ red chilli deseeded and finely chopped 2cm piece ginger peeled and finely chopped 100g sugar snap pea 100g pak choi (or spinach) 1 large red pepper sliced 1 tsp tamari or soy sauce 1 tsp Thai fish sauce juice ½ lime 1 tbsp finely chopped coriander,444.0,27.0,17.0,43.0,https://www.bbcgoodfood.com/recipes/crispy-asian-salmon-stir-fried-noodles-pak-choi-sugar-snap-peas,2026-05-12 00:54:01
bbc_good_food,sushi,salmon roll,Salmon risotto,"1 l chicken stock 4 salmon fillets 2 tbsp olive oil 50g butter 1 onion very finely diced 1 garlic clove crushed or finely grated 250g arborio rice 300ml white wine 100g frozen peas ½ lemon juiced and zested 50g parmesan grated, plus extra to serve",806.0,40.0,39.0,59.0,https://www.bbcgoodfood.com/recipes/salmon-risotto,2026-05-12 00:54:03
bbc_good_food,sushi,salmon roll,Chilli salmon & teriyaki noodles,2 skin-on salmon fillets (about 125g/41/2oz each) 1 small red chilli deseeded and finely chopped 1 tbsp mirin 1 tbsp soy sauce ½ thumb-sized piece ginger peeled and finely grated ½ small pack coriander chopped 140g mangetout 2 tbsp teriyaki sauce 300g straight-to-wok noodles,569.0,36.0,22.0,54.0,https://www.bbcgoodfood.com/recipes/chilli-salmon-teriyaki-noodles,2026-05-12 00:54:04
bbc_good_food,sushi,salmon roll,One-pan salmon with roast asparagus,"400g new potato halved if large 2 tbsp olive oil 8 asparagus spears, trimmed and halved 2 handfuls cherry tomatoes 1 tbsp balsamic vinegar 2 salmon fillets about 140g/5oz each handful basil leaves",556.0,36.0,29.0,34.0,https://www.bbcgoodfood.com/recipes/one-pan-salmon-roast-asparagus,2026-05-12 00:54:06
bbc_good_food,sushi,salmon roll,Superhealthy salmon burgers,"4 boneless, skinless salmon fillets about 550g/1lb 4oz in total, cut into chunks 2 tbsp Thai red curry paste thumb-size piece fresh root ginger grated 1 tsp soy sauce 1 bunch coriander half chopped, half leaves picked 1 tsp vegetable oil lemon wedges, to serve 2 carrots half large or 1 small cucumber 2 tbsp white wine vinegar 1 tsp golden caster sugar",292.0,29.0,17.0,7.0,https://www.bbcgoodfood.com/recipes/superhealthy-salmon-burgers,2026-05-12 00:54:08
bbc_good_food,sushi,salmon roll,Salmon & broccoli pasta,"250g penne 300g broccoli cut into large florets 25g butter 25g plain flour 600ml milk 100g mascarpone 8 sundried tomatoes (preserved in olive oil), drained and thickly sliced 2 tbsp small capers (optional) rinsed to remove excess salt or vinegar 8 anchovy fillets, halved (optional) 10 large fresh basil leaves, roughly torn 4 fresh skinless salmon fillets 50g mature cheddar finely grated",839.0,48.0,43.0,62.0,https://www.bbcgoodfood.com/recipes/italian-broccoli-salmon-bake,2026-05-12 00:54:10
bbc_good_food,sushi,salmon roll,Creamy salmon pasta,"2 salmon fillets 1 tbsp  olive oil plus 1 tsp if roasting 175g  penne 2 shallots or 1 small onion, finely chopped 1 garlic clove crushed 100ml  white wine 200ml  double cream or crème fraîche ¼  lemon zested and juiced ½ small bunch  dill finely chopped",1140.0,39.0,77.0,61.0,https://www.bbcgoodfood.com/recipes/creamy-salmon-pasta,2026-05-12 00:54:12
bbc_good_food,sushi,salmon roll,Smoked salmon & lemon risotto,1 onion finely chopped 2 tbsp olive oil 350g risotto rice such as Arborio 1 garlic clove finely chopped 1 ½l boiling vegetable stock 170g smoked salmon three-quarters chopped 85g mascarpone lite 3 tbsp flat-leaf parsley chopped grated lemon zest plus squeeze of juice handful rocket,500.0,21.0,15.0,75.0,https://www.bbcgoodfood.com/recipes/smoked-salmon-lemon-risotto,2026-05-12 00:54:13
bbc_good_food,sushi,salmon roll,"Creamy garlic, lemon & spinach salmon","2 sweet potatoes 1 tbsp olive oil or rapeseed oil 2 salmon fillets skin removed 2 garlic cloves thinly sliced 170g baby spinach 1 lemon zested and ½ juiced, ½ thinly sliced 75g mascarpone 5 tbsp milk",721.0,43.0,44.0,34.0,https://www.bbcgoodfood.com/recipes/creamy-garlic-lemon-spinach-salmon,2026-05-12 00:54:15
bbc_good_food,sushi,salmon roll,Spiced salmon & tomato traybake,"1 red onion sliced 200g cherry tomatoes 3 tbsp mild or madras  curry paste 400g can  chickpeas drained and rinsed 2 skinless salmon fillets 1 large or 2 small  naan breads 2 tbsp fat-free  yogurt lemon wedges and a few coriander leaves, to serve (optional)",796.0,54.0,34.0,62.0,https://www.bbcgoodfood.com/recipes/spiced-salmon-tomato-traybake,2026-05-12 00:54:18
bbc_good_food,sushi,salmon roll,One-pan Thai green salmon,"2 tbsp vegetable oil 2 shallots thickly sliced 1 green chilli deseeded if you like, and sliced, plus extra to serve 300g baby new potatoes quartered 1 lemongrass stalk, bashed 4 tbsp Thai green curry paste 400g can coconut milk 200-300ml vegetable stock 1-2 tbsp fish sauce ½-1 tbsp brown or palm sugar 1 courgette trimmed and peeled into ribbons 100g baby spinach 4 skinless salmon fillets 3 limes 2 juiced plus 1 cut into wedges to serve 3 spring onions finely sliced (optional) handful of coriander or Thai basil, roughly chopped, to serve cooked jasmine rice or rice noodles, to serve (optional)",667.0,41.0,46.0,21.0,https://www.bbcgoodfood.com/recipes/one-pan-thai-green-salmon,2026-05-12 00:54:20
bbc_good_food,steak,steak,Roasted cauliflower steaks,1 cauliflower ½ tsp smoked paprika 2 tbsp olive oil 1 roasted red pepper 4 black olives pitted small handful parsley 1 tsp capers ½ tbsp red wine vinegar 2 tbsp toasted flaked almonds,277.0,9.0,21.0,11.0,https://www.bbcgoodfood.com/recipes/cauliflower-steaks-roasted-red-pepper-olive-salsa,2026-05-12 00:54:24
bbc_good_food,steak,grilled steak,Crispy grilled feta with saucy butter beans,500ml passata 2 x 400g cans  butter beans drained and rinsed 2 garlic cloves crushed 1 tsp dried  oregano plus a pinch 200g spinach 2 roasted red peppers sliced 1⁄2  lemon zested and juiced 100g block of  feta cut into chunks 1⁄2 tsp  olive oil 4 small  pittas,506.0,28.0,9.0,69.0,https://www.bbcgoodfood.com/recipes/crispy-grilled-feta-saucy-butter-beans,2026-05-12 00:55:07
bbc_good_food,steak,grilled steak,Grilled nectarine & burrata salad,"15g unsalted butter 2 tbsp caster sugar 50g whole pecans 3 ripe nectarines stoned and cut into eighths lengthways 4 tbsp extra virgin olive oil plus extra for brushing 2 tbsp balsamic vinegar 1 tsp honey 2 x 100g balls of burrata or vegetarian alternative 70g rocket bunch of  basil leaves, roughly torn pinch of chilli flakes",510.0,9.0,41.0,24.0,https://www.bbcgoodfood.com/recipes/grilled-nectarine-burrata-salad,2026-05-12 00:55:09
bbc_good_food,steak,grilled steak,Grilled lobster tails with lemon & herb butter,"4 lobster tails, defrosted if frozen lemon wedges, to serve 125g butter softened 1 garlic clove crushed handful parsley leaves, finely chopped, plus extra to serve 1 tsp Dijon mustard small pinch chilli powder optional 1 lemon juiced",325.0,19.0,27.0,1.0,https://www.bbcgoodfood.com/recipes/grilled-lobster-tails-lemon-herb-butter,2026-05-12 00:55:11
bbc_good_food,steak,grilled steak,Quinoa salad with grilled halloumi,"3 tbsp extra-virgin olive oil 1 small red onion sliced 1 large roasted pepper from a jar, thickly sliced, or a handful of ready-roasted sliced peppers 200g quinoa 500ml vegetable stock small bunch flat-leaf parsley roughly chopped zest and juice 1 lemon large pinch sugar 250g pack halloumi cheese cut into 6 sliced",603.0,28.0,37.0,40.0,https://www.bbcgoodfood.com/recipes/quinoa-salad-grilled-halloumi,2026-05-12 00:55:14
bbc_good_food,steak,grilled steak,Smash burgers,"4 burger buns sesame topped or brioche, whichever you prefer 1 tbsp/15ml sunflower oil 500g/1lb 2oz steak mince 15-20% fat is good 4 slices mild cheddar or burger cheese 1 red onion finely sliced handfuls of iceberg lettuce finely shredded 2 tomatoes sliced 1 large gherkin sliced lengthways mayonnaise ketchup and American mustard, or your preferred sauces, to serve",666.0,37.0,39.0,41.0,https://www.bbcgoodfood.com/recipes/smash-burgers,2026-05-12 00:55:17
bbc_good_food,steak,beef steak,Beef stroganoff,1 tbsp olive oil 1 onion sliced 1 clove of  garlic 1 tbsp butter 250g/9oz mushrooms sliced 1 tbsp plain flour 500g/1lb 2oz fillet steak sliced 150g/5oz crème fraîche 1 tsp English mustard 100ml/3½fl oz beef stock ½ small pack of parsley chopped,438.0,30.0,31.0,8.0,https://www.bbcgoodfood.com/recipes/beef-stroganoff,2026-05-12 00:55:19
bbc_good_food,steak,beef steak,Slow-cooker beef stew,"1 onion chopped 2 celery sticks finely chopped 2 tbsp rapeseed oil 3 carrots halved and cut into chunks 2 bay leaves ½ pack thyme 2 tbsp tomato purée 2 tbsp Worcestershire sauce 2 beef stock cubes or stock pots 900g beef for braising such as skirt, buy a whole piece and cut it yourself for bigger chunks or buy ready-diced 2 tsp cornflour (optional) ½ small bunch parsley chopped buttery mash to serve (optional)",474.0,48.0,25.0,10.0,https://www.bbcgoodfood.com/recipes/slow-cooker-beef-stew,2026-05-12 00:55:20
bbc_good_food,steak,beef steak,Beef goulash,4 tbsp olive oil 700g stewing steak cut into chunks 30g plain flour 1 large onion thinly sliced 2 garlic cloves finely chopped 1 green pepper deseeded and thinly sliced 1 red pepper deseeded and thinly sliced 2 tbsp tomato purée 2 tbsp paprika 2 large tomatoes diced 75ml dry white wine 300ml beef stock homemade or shop-bought 2 tbsp flat-leaf parsley leaves 150ml soured cream,534.0,39.0,31.0,18.0,https://www.bbcgoodfood.com/recipes/beef-goulash,2026-05-12 00:55:22
bbc_good_food,steak,beef steak,Crispy chilli beef,"350g thin-cut  minute steak very thinly sliced into strips 3 tbsp cornflour 2 tsp Chinese five-spice powder 100ml vegetable oil 1 red pepper thinly sliced 1 red chilli thinly sliced 4 spring onions sliced, green and white parts separated 2 garlic cloves crushed thumb-sized piece  ginger cut into matchsticks 4 tbsp rice wine vinegar or white wine vinegar 1 tbsp soy sauce 2 tbsp sweet chilli sauce 2 tbsp tomato ketchup cooked noodles to serve (optional) prawn crackers to serve (optional)",454.0,26.0,23.0,32.0,https://www.bbcgoodfood.com/recipes/crispy-chilli-beef,2026-05-12 00:55:24
bbc_good_food,steak,beef steak,Beef bourguignon,"1.6kg braising steak cut into large chunks 3 bay leaves small bunch thyme 2 bottles cheap  red wine 2 tbsp oil 3 large or 6 normal  carrots cut into large chunks 2 onions roughly chopped 3 tbsp plain flour 1 tbsp tomato purée small knob butter 300g bacon lardons 500g pearl onions or small shallots, peeled 400g mushrooms halved chopped parsley",861.0,67.0,36.0,19.0,https://www.bbcgoodfood.com/recipes/beef-bourguignon,2026-05-12 00:55:26
bbc_good_food,steak,beef steak,Beef curry,"2 tbsp oil 500g diced braising steak 1 tbsp butter 1 large onion chopped 2 garlic cloves crushed 1 thumb sized piece of ginger finely grated ¼ tsp hot chilli powder 1 tsp turmeric 2 tsp ground coriander 3 cardamom pods crushed 400g can chopped tomatoes 300ml beef stock 1 tsp sugar 2 tsp garam masala 2 tbsp double cream (optional) ½ small bunch coriander roughly chopped naan bread or rice, to serve",337.0,29.0,19.0,11.0,https://www.bbcgoodfood.com/recipes/beef-curry,2026-05-12 00:55:27
bbc_good_food,steak,beef steak,Cauliflower cheese,"1 large cauliflower (leaves cut off), broken into pieces 500ml milk 4 tbsp flour 50g butter 100g strong cheddar grated 2-3 tbsp breadcrumbs if you have them",299.0,12.0,17.0,22.07,https://www.bbcgoodfood.com/recipes/cauliflower-cheese-0,2026-05-12 00:55:28
bbc_good_food,steak,beef steak,Air fryer crispy chilli beef,"250g thin-cut minute steak thinly sliced into strips 2 tbsp cornflour 2 tbsp vegetable oil plus a drizzle 2 garlic cloves crushed thumb-sized piece of ginger peeled and cut into matchsticks 1 red chilli thinly sliced 1 red pepper cut into chunks 4 spring onions sliced, green and white parts separated 4 tbsp rice wine vinegar or white wine vinegar 1 tbsp soy sauce 2 tbsp sweet chilli sauce 2 tbsp tomato ketchup ½ tsp Chinese five-spice powder 2 tsp soy sauce 1 tsp sesame oil 1 tsp caster sugar",440.0,31.0,19.0,34.0,https://www.bbcgoodfood.com/recipes/air-fryer-crispy-chilli-beef,2026-05-12 00:55:30
bbc_good_food,steak,beef steak,Next level beef stroganoff,200ml beef stock 250ml soured cream 2 thick sirloin steaks about 300g each with as much fat as possible trimmed off the steak 100g butter 2 banana shallots halved and finely sliced 200g chestnut mushrooms quartered 1 garlic clove crushed 2 tsp smoked paprika plus extra to serve pinch of porcini powder plus extra to serve (optional) 2 tbsp red wine vinegar ½ small bunch of parsley chopped 1 tsp English mustard,438.0,30.0,34.0,3.0,https://www.bbcgoodfood.com/recipes/next-level-beef-stroganoff,2026-05-12 00:55:31
bbc_good_food,steak,beef steak,Chinese-style braised beef one-pot,"3-4 tbsp olive oil 6 garlic cloves thinly sliced good thumb-size piece fresh root ginger peeled and shredded 1 bunch spring onions sliced 1 red chilli deseeded and thinly sliced 1 ½kg braising beef cut into large pieces (we used ox cheek) 2 tbsp plain flour well seasoned 1 tsp Chinese five-spice powder 2 star anise (optional) 2 tsp light muscovado sugar (or use whatever you've got) 3 tbsp Chinese cooking wine or dry sherry 3 tbsp dark soy sauce plus more to serve 500ml beef stock (we used Knorr Touch of Taste) steamed bok choi and steamed basmati rice, to serve",506.0,52.0,27.0,11.0,https://www.bbcgoodfood.com/recipes/braised-beef-onepot,2026-05-12 00:55:32
bbc_good_food,steak,beef steak,Beef wellington,a good beef fillet (preferably Aberdeen Angus) of around 1kg/2lb 4oz 3 tbsp olive oil 250g/9oz chestnut mushroom include some wild ones if you like 50g/2oz butter 1 large sprig fresh thyme 100ml/3.5 fl oz dry white wine 12 slices prosciutto 500g/1lb 2oz pack puff pastry thawed if frozen a little flour for dusting 2 egg yolks beaten with 1 tsp water,779.0,46.0,52.0,27.0,https://www.bbcgoodfood.com/recipes/beef-wellington,2026-05-12 00:55:34
bbc_good_food,steak,beef steak,Beef stew,"2 celery sticks thickly sliced 1 onion chopped 2 really big  carrots halved lengthways then very chunkily sliced 5 bay leaves 2 thyme sprigs 1 whole and 1 leaves picked 1 tbsp vegetable oil 1 tbsp butter 2 tbsp plain flour 2 tbsp tomato purée 2 tbsp Worcestershire sauce 2 beef stock cubes crumbled 850g stewing beef (featherblade or brisket works nicely), cut into nice large chunks",483.0,33.7,32.6,14.3,https://www.bbcgoodfood.com/recipes/beef-vegetable-casserole,2026-05-12 00:55:36
bbc_good_food,steak,beef steak,Slow cooker beef bourguignon,"3 tbsp vegetable oil 1 ½kg stewing or braising steak cut into small chunks 2 large onions chopped 2 carrots chopped 2 celery stalks chopped 2 bay leaves 2 thyme sprigs or rosemary sprigs 3 tbsp plain flour 750ml bottle red wine 1 beef stock cube 1 tsp caster sugar 2 tbsp tomato purée 100g unsmoked bacon lardons 6 small shallots or baby onions, halved or quartered 300g closed cup mushrooms halved or quartered mashed potatoes or crusty bread, to serve",497.0,47.0,20.0,14.0,https://www.bbcgoodfood.com/recipes/slow-cooker-beef-bourguignon,2026-05-12 00:55:37
bbc_good_food,steak,beef steak,Easy beef in black bean sauce,2 x 250g rump steaks 1 tbsp cornflour 2 tbsp sesame oil 1 large white onion cut into thin wedges 1 red pepper deseeded and sliced 1 green pepper deseeded and sliced 2 fat garlic cloves crushed 1 thumb-sized piece ginger peeled and grated 1-2 red chillies finely chopped 5 tbsp black bean sauce 1 tbsp rice wine vinegar 2 tsp sugar sticky rice to serve coriander leaves to serve (optional),304.0,31.0,12.0,16.0,https://www.bbcgoodfood.com/recipes/easy-beef-black-bean-sauce,2026-05-12 00:55:39
bbc_good_food,steak,beef steak,Slow-cooker beef goulash,3 tbsp olive oil 2kg braising or stewing steak cut into chunks 2 large onions finely chopped 4 mixed peppers cut into 4cm chunks 3 garlic cloves crushed 2 tbsp flour 2 tsp caraway seeds 2 tsp hot smoked paprika 1 tbsp sweet smoked paprika plus extra to serve 4 tbsp tomato purée 4 large tomatoes cut into small chunks 400-500ml beef stock 300ml soured cream small bunch of parsley chopped,528.0,52.0,28.0,14.0,https://www.bbcgoodfood.com/recipes/slow-cooker-beef-goulash,2026-05-12 00:55:41
bbc_good_food,steak,beef steak,Beef pho,1l low salt beef stock 1 large onion peeled and cut into quarters large thumb-sized piece ginger peeled 1 cinnamon stick 2 star anise 1 tsp coriander seeds ½ tsp cloves 230g sirloin steak 1 tsp palm sugar 1 tbsp fish sauce 1 ½ tbsp soy sauce 200g flat rice noodles 2 spring onions shredded 1 small red (bird's-eye) chilli finely sliced handful each of Thai basil and coriander 1 lime cut into wedges,471.0,29.0,18.0,44.0,https://www.bbcgoodfood.com/recipes/beef-pho,2026-05-12 00:55:42
bbc_good_food,steak,beef steak,Beef massaman curry,"85g unsalted peanuts 400ml can coconut milk 4 tbsp massaman curry paste 600g stewing beef steak cut into large chunks 450g waxy potatoes cut into 2.5cm chunks 1 onion cut into thin wedges 4 kaffir lime leaves (available from Thai shops or dried from supermarkets) 1 cinnamon stick 1 tbsp tamarind paste 1 tbsp palm or soft light brown sugar 1 tbsp fish sauce 1 red chilli deseeded and finely sliced, to serve jasmine rice to serve",734.0,44.0,46.0,38.0,https://www.bbcgoodfood.com/recipes/beef-massaman-curry,2026-05-12 00:55:45
bbc_good_food,steak,beef steak,Stir-fried beef with ginger,"350g  lean beef cut across the grain into thin slices (you need a quick-cooking cut, such as minute steak) 1   lemongrass stalk trimmed and finely chopped 1 tbsp  soy sauce 2 tbsp  fish sauce 4 tsp  brown sugar ½ tsp  chilli flakes 1 lime juiced 3 tbsp  vegetable oil 1 green pepper thinly sliced 2 bunches of spring onions green and white parts separated and finely sliced 6 garlic cloves finely chopped 1 tbsp grated  ginger small bunch of basil or purple basil, leaves picked and roughly chopped cooked rice (about 250g uncooked weight) or cooked rice noodles 50g roasted  peanuts roughly chopped",324.0,26.0,19.0,11.0,https://www.bbcgoodfood.com/recipes/stir-fried-beef-with-ginger,2026-05-12 00:55:46
bbc_good_food,steak,beef steak,Beef enchiladas,2 tsp olive or rapeseed oil 1 onion finely chopped 400g beef mince 2 large garlic cloves crushed or finely grated 2 tsp dried oregano 2 tsp ground cumin 2 tsp smoked paprika ½-1 tsp chilli powder (optional) 2 tbsp tomato purée 400g can chopped tomatoes 400g can black beans 1 vegetable or chicken stock cube 8 medium tortillas 100g mature cheddar grated coriander leaves to serve,703.0,32.0,26.0,79.0,https://www.bbcgoodfood.com/recipes/beef-enchiladas,2026-05-12 00:55:48
bbc_good_food,steak,beef steak,Beef stew & dumplings,"1 tbsp rapeseed oil 2 medium onions chopped 2 bay leaves 4 thyme sprigs plus extra leaves to serve 550g chunks of lean braising steak 100ml red wine 1 ½ tbsp plain flour 1 tsp English mustard powder 230g can plum tomatoes 500ml vegetable bouillon 280g carrots halved lengthways and sliced 400g piece butternut squash deseeded, peeled and cut into 3-4cm/11/4-11/2in chunks 140g chestnut mushrooms quartered or halved if large 140g self-raising flour ½ tsp English mustard powder 2 spring onions ends trimmed, finely chopped 3 tbsp chopped parsley 2 tbsp rapeseed oil 100ml buttermilk",571.0,39.0,18.0,54.0,https://www.bbcgoodfood.com/recipes/lighter-beef-stew-dumplings,2026-05-12 00:55:49
bbc_good_food,steak,beef steak,Slow cooker beef stroganoff,"750g stewing steak such as chuck, cut into strips 1 tbsp vegetable or rapeseed oil plus a little more if needed 2 onions halved and sliced 2 garlic cloves crushed 1 beef stock cube or 1 tbsp liquid stock 1 tbsp Dijon mustard 50g butter 200g chestnut mushrooms halved 2 tsp cornflour 200g soured cream small bunch parsley chopped tagliatelle or mashed potato and a pinch of paprika, to serve",988.0,31.0,61.0,76.0,https://www.bbcgoodfood.com/recipes/slow-cooker-stroganoff,2026-05-12 00:55:52
bbc_good_food,steak,beef steak,Beef stroganoff with herby pasta,400g beef rump steak trimmed 1 tbsp butter 1 tbsp olive oil 300g small button mushroom 400g pappardelle pasta 3 shallots finely chopped 1 tbsp plain flour 300ml beef stock 1 tbsp Dijon mustard 1 tbsp tomato purée 3 tbsp crème fraîche ½ x 20g pack flat-leaf parsley chopped,614.0,38.0,18.0,81.0,https://www.bbcgoodfood.com/recipes/beef-stroganoff-herby-pasta,2026-05-12 00:55:54
bbc_good_food,steak,beef steak,Beef with mangetout & cashews,50g unsalted cashew nuts 1 tsp cornflour 1½ tbsp low-salt soy sauce 4 tbsp oyster sauce 1 tbsp rice vinegar 1 tbsp honey 1 tbsp sunflower or vegetable oil 280g rump steak thinly sliced thumb-sized piece of ginger peeled and cut into matchsticks 2 garlic cloves crushed 200g mangetout sliced in half on an angle,464.0,24.0,16.0,54.0,https://www.bbcgoodfood.com/recipes/beef-mangetout-cashews,2026-05-12 00:55:56
bbc_good_food,steak,steak dinner,One-pan piri piri chicken dinner,"1kg bone-in chicken thighs and drumsticks (equal quantities of each saves any arguments) 500g baby potatoes thickly sliced 2 peppers (1 red, 1 yellow), thickly sliced 200g cherry tomatoes handful of  coriander leaves chopped buttered corn on the cob to serve 1½ tsp smoked paprika 25g light brown soft sugar 1 lime zested and juiced 1 tsp dried chilli flakes (use less if you prefer less heat) 2 garlic cloves chopped 4 tbsp olive oil ½ bunch of fresh oregano leaves picked or 1 tbsp dried oregano 1 red chilli (optional), deseeded and chopped 1 tbsp red wine or port (optional)",571.0,42.0,30.0,31.0,https://www.bbcgoodfood.com/recipes/one-pan-piri-piri-chicken-dinner,2026-05-12 00:56:09
